1, 45, 1, 0.9115069390000006, 31624, 0.5314867496490479, 0.9214445352554321
1, 39, 1, 0.6546316480000005, 31624, 1.1288762092590332, 0.6162018775939941
1, 16, 1, 0.6313723289999995, 31624, 0.592800498008728, 0.9183346629142761
1, 17, 1, 0.6478518129999999, 31624, 1.0781099796295166, 0.6496644020080566
1, 38, 1, 0.7863250820000003, 31624, 0.9636051058769226, 0.8633027672767639
1, 7, 1, 0.7450041719999998, 31624, 0.8719121217727661, 0.8333333134651184
1, 1, 1, 0.6541620440000004, 31624, 0.796846330165863, 0.7928633689880371
1, 37, 1, 0.7089042439999993, 31624, 0.5913389921188354, 0.8817905187606812
1, 42, 1, 0.7818951579999993, 31624, 0.6603811383247375, 0.83428955078125
1, 0, 1, 0.7670369050000003, 31624, 0.6788735389709473, 0.8376327753067017
1, 4, 1, 0.8111601220000004, 31624, 0.9101556539535522, 0.773668646812439
1, 26, 1, 0.6448171550000001, 31624, 1.480905532836914, 0.4940047860145569
1, 34, 1, 0.7333831579999996, 31624, 1.2588344812393188, 0.6312500238418579
1, 18, 1, 0.711790637, 31624, 1.0106295347213745, 0.7743055820465088
1, 31, 1, 0.6307992499999999, 31624, 0.9999486207962036, 0.8121774792671204
1, 46, 1, 0.9005404970000006, 31624, 0.840933620929718, 0.7746341228485107
1, 49, 1, 0.9577796730000001, 31624, 0.9709827899932861, 0.7377151846885681
1, 11, 1, 0.8920714749999998, 31624, 0.8893876075744629, 0.7833376526832581
1, 30, 1, 0.8373600539999995, 31624, 0.8721175789833069, 0.7639077305793762
1, 28, 1, 0.8800799829999999, 31624, 0.8644720315933228, 0.827296257019043
1, 15, 1, 0.7489152299999997, 31624, 0.7934787273406982, 0.8168582320213318
1, 24, 1, 0.7629146919999998, 31624, 0.5306188464164734, 0.8611605763435364
1, 44, 1, 0.840096731, 31624, 0.8087256550788879, 0.8176711201667786
1, 2, 1, 0.9322523339999993, 31624, 0.5970346927642822, 0.8698574900627136
1, 3, 1, 0.9283858500000006, 31624, 0.8942027688026428, 0.7651428580284119
1, 6, 1, 0.8411460990000004, 31624, 0.7469527125358582, 0.9045893549919128
1, 21, 1, 0.953416217, 31624, 0.7187275290489197, 0.8586309552192688
1, 41, 1, 1.043179105, 31624, 1.0236824750900269, 0.7199190855026245
1, 8, 1, 0.8367652809999999, 31624, 1.0421868562698364, 0.6954861283302307
1, 14, 1, 0.9270371849999997, 31624, 0.8626343011856079, 0.7139865756034851
1, 40, 1, 0.92332562, 31624, 0.5054755210876465, 0.8855322003364563
1, 23, 1, 0.9588201109999996, 31624, 0.5401284694671631, 0.864898681640625
1, 48, 1, 0.8372054909999997, 31624, 0.5820708870887756, 0.8700252175331116
1, 25, 1, 1.0266651819999995, 31624, 0.6227256059646606, 0.8723733425140381
1, 29, 1, 0.5262583980000004, 31624, 0.7043583393096924, 0.8723404407501221
1, 22, 1, 0.5266053289999997, 31624, 0.46527040004730225, 0.9096938967704773
1, 47, 1, 0.58966341, 31624, 0.9261206984519958, 0.7527434825897217
1, 13, 1, 0.5050259260000001, 31624, 0.3968576490879059, 0.9418656826019287
1, 12, 1, 0.6496280709999995, 31624, 0.5719732642173767, 0.8959023356437683
1, 9, 1, 0.6020050040000005, 31624, 0.7435818314552307, 0.837415874004364
1, 35, 1, 0.4360402099999998, 31624, 0.8641292452812195, 0.7756170630455017
1, 20, 1, 0.6254253150000002, 31624, 0.6372687220573425, 0.8768856525421143
1, 43, 1, 0.6479288170000004, 31624, 0.6770075559616089, 0.8823167085647583
1, 19, 1, 0.5609848250000002, 31624, 0.838219404220581, 0.8254982829093933
1, 10, 1, 0.477946942, 31624, 0.8279749155044556, 0.7888298034667969
1, 27, 1, 0.5526619289999992, 31624, 1.1090846061706543, 0.6695573925971985
1, 33, 1, 0.6215853429999996, 31624, 0.792405903339386, 0.828341007232666
1, 32, 1, 0.646045408, 31624, 0.6742171049118042, 0.8214912414550781
1, 36, 1, 0.5755454130000004, 31624, 0.9068304300308228, 0.7179418802261353
1, 5, 1, 0.5784113739999999, 31624, 0.42496007680892944, 0.9005095362663269
2, 27, 1, 0.7682463350000006, 31624, 0.9838523864746094, 0.7302631735801697
2, 7, 1, 0.5431084429999995, 31624, 0.7133324146270752, 0.8929663896560669
2, 34, 1, 0.6095493909999998, 31624, 0.9691160917282104, 0.8145833611488342
2, 16, 1, 0.5945706570000002, 31624, 0.6280194520950317, 0.90712571144104
2, 28, 1, 0.7031055459999997, 31624, 0.8132309317588806, 0.8641656041145325
2, 49, 1, 0.614850337, 31624, 0.8735703825950623, 0.7805947065353394
2, 23, 1, 0.7998295849999995, 31624, 0.4589930474758148, 0.9034275412559509
2, 44, 1, 0.7155597240000002, 31624, 0.7045981884002686, 0.872318685054779
2, 14, 1, 0.6906693290000003, 31624, 0.7120793461799622, 0.7772194147109985
2, 17, 1, 0.528508025999999, 31624, 1.0144882202148438, 0.7118568420410156
2, 5, 1, 0.6317781100000008, 31624, 0.3556895852088928, 0.9326897263526917
2, 22, 1, 0.5114613119999998, 31624, 0.3987366557121277, 0.9336734414100647
3, 35, 1, 0.5280525459999996, 31624, 0.7366997003555298, 0.7808526754379272
3, 18, 1, 0.6128570599999996, 31624, 0.8315821290016174, 0.8506944179534912
3, 38, 1, 0.603777913, 31624, 0.894761860370636, 0.8752293586730957
3, 19, 1, 0.6743193129999998, 31624, 0.7674564719200134, 0.8525761365890503
3, 31, 1, 0.4850472040000007, 31624, 0.8886090517044067, 0.8823529481887817
3, 20, 1, 0.7020241309999999, 31624, 0.5346208214759827, 0.9097323417663574
3, 30, 1, 0.7091521939999996, 31624, 0.6597298383712769, 0.8541383743286133
3, 25, 1, 0.727178803000001, 31624, 0.5263555645942688, 0.9042247533798218
3, 13, 1, 0.6071191849999984, 31624, 0.4005454182624817, 0.930148720741272
3, 24, 1, 0.6182098829999987, 31624, 0.416664183139801, 0.9092203378677368
3, 12, 1, 0.694865837, 31624, 0.5230793952941895, 0.9155629277229309
3, 2, 1, 0.856921461999999, 31624, 0.49573326110839844, 0.8927130699157715
4, 0, 1, 0.6339336490000029, 31624, 0.6259139180183411, 0.8531866669654846
4, 22, 1, 0.5833270009999989, 31624, 0.37975791096687317, 0.9198979735374451
4, 7, 1, 0.5134478870000017, 31624, 0.699249804019928, 0.8425076603889465
4, 14, 1, 0.6819565690000005, 31624, 0.6513779759407043, 0.8132328391075134
4, 16, 1, 0.6290574560000017, 31624, 0.706304132938385, 0.850280225276947
4, 49, 1, 0.7576879569999981, 31624, 0.7932572364807129, 0.8062597513198853
4, 27, 1, 0.7400938639999985, 31624, 0.8904719948768616, 0.7532894611358643
4, 17, 1, 0.7742163039999994, 31624, 0.9764267206192017, 0.7288590669631958
4, 28, 1, 0.7279343300000001, 31624, 0.7794235944747925, 0.8143596649169922
4, 44, 1, 0.6044278480000003, 31624, 0.6661196351051331, 0.8707864880561829
4, 37, 1, 0.5303522090000001, 31624, 0.4631832540035248, 0.937418520450592
4, 23, 1, 0.8351268930000018, 31624, 0.43527260422706604, 0.9074305891990662
5, 24, 1, 0.6237984720000007, 31624, 0.3311287760734558, 0.9448202252388
5, 15, 1, 0.6513989329999994, 31624, 0.5556514263153076, 0.8789272308349609
5, 20, 1, 0.767065554000002, 31624, 0.40774208307266235, 0.9437956213951111
5, 37, 1, 0.5955262329999975, 31624, 0.44035935401916504, 0.9574097990989685
5, 5, 1, 0.7245096430000011, 31624, 0.2966797649860382, 0.9503888487815857
5, 40, 1, 0.8617505670000014, 31624, 0.34490111470222473, 0.933679461479187
5, 25, 1, 0.7492963969999984, 31624, 0.40641844272613525, 0.9356337189674377
5, 43, 1, 0.7575146189999984, 31624, 0.49413201212882996, 0.9328404068946838
5, 35, 1, 0.49175369099999955, 31624, 0.6086083054542542, 0.8294689655303955
5, 9, 1, 0.6389929490000021, 31624, 0.49060291051864624, 0.9240915179252625
5, 30, 1, 0.6688717629999985, 31624, 0.5994328260421753, 0.8921302556991577
5, 36, 1, 0.8514294079999978, 31624, 0.6447052955627441, 0.8467075228691101
6, 16, 1, 0.5396838369999983, 31624, 0.6515196561813354, 0.8670936822891235
6, 7, 1, 0.5993094180000007, 31624, 0.5882908701896667, 0.8776758313179016
6, 1, 1, 0.6522022809999974, 31624, 0.5617162585258484, 0.8646649122238159
6, 49, 1, 0.6264883169999997, 31624, 0.7023590207099915, 0.8388106226921082
6, 22, 1, 0.5575197920000008, 31624, 0.34000322222709656, 0.9219387769699097
6, 6, 1, 0.5438496169999993, 31624, 0.5778219699859619, 0.9190821051597595
6, 23, 1, 0.6718508530000022, 31624, 0.3839420676231384, 0.9231923818588257
6, 17, 1, 0.6444688320000012, 31624, 0.8434035181999207, 0.7870246171951294
6, 44, 1, 0.5757059160000004, 31624, 0.4795669615268707, 0.9182839393615723
6, 14, 1, 0.5658010789999999, 31624, 0.5552313327789307, 0.8525963425636292
6, 28, 1, 0.4818403050000022, 31624, 0.649375855922699, 0.8738680481910706
6, 0, 1, 0.567378798, 31624, 0.5557829141616821, 0.8915022611618042
7, 18, 1, 0.5359935150000013, 31624, 0.5624669790267944, 0.9195601940155029
7, 35, 1, 0.6823546789999995, 31624, 0.5389703512191772, 0.869857907295227
7, 8, 1, 0.5425999750000017, 31624, 0.6493061780929565, 0.8381944298744202
7, 45, 1, 0.7572733570000025, 31624, 0.3680197596549988, 0.9504839777946472
7, 47, 1, 0.748494014000002, 31624, 0.5913086533546448, 0.9125514626502991
7, 0, 1, 0.5597329059999971, 31624, 0.41563528776168823, 0.9457511305809021
7, 1, 1, 0.7133505060000012, 31624, 0.46678024530410767, 0.8994777798652649
7, 12, 1, 0.7092534979999989, 31624, 0.385710746049881, 0.9519867300987244
7, 10, 1, 0.49501090100000056, 31624, 0.49530160427093506, 0.9308510422706604
7, 19, 1, 0.7650981169999973, 31624, 0.5666665434837341, 0.916886031627655
7, 13, 1, 0.5569766650000005, 31624, 0.3031053841114044, 0.9544839859008789
7, 2, 1, 0.7659693790000013, 31624, 0.3460346460342407, 0.9489110112190247
8, 26, 1, 0.5304952720000031, 31624, 0.7915317416191101, 0.8285371661186218
8, 30, 1, 0.5540577439999979, 31624, 0.5112358331680298, 0.9165536165237427
8, 37, 1, 0.613044292999998, 31624, 0.3611476421356201, 0.9604519605636597
8, 27, 1, 0.7691917260000025, 31624, 0.6747219562530518, 0.8474880456924438
8, 28, 1, 0.6579679219999974, 31624, 0.6079892516136169, 0.8609314560890198
8, 43, 1, 0.702408878, 31624, 0.41552603244781494, 0.9377695918083191
8, 49, 1, 0.8248709649999988, 31624, 0.6080925464630127, 0.8657277226448059
8, 48, 1, 0.47379932799999835, 31624, 0.41516387462615967, 0.8962216377258301
8, 15, 1, 0.5349333969999961, 31624, 0.6573100686073303, 0.826819896697998
8, 16, 1, 0.4394314140000013, 31624, 0.47495922446250916, 0.9183346629142761
8, 17, 1, 0.5224129610000006, 31624, 0.7874908447265625, 0.8062639832496643
8, 9, 1, 0.6730190410000034, 31624, 0.4156763553619385, 0.9316285252571106
9, 47, 1, 0.6491491499999995, 31624, 0.5307748913764954, 0.9176954627037048
9, 7, 1, 0.5709252850000013, 31624, 0.5574644804000854, 0.8822630047798157
9, 22, 1, 0.5275961580000015, 31624, 0.3017467260360718, 0.9474489688873291
9, 44, 1, 0.5263176469999991, 31624, 0.4414345920085907, 0.926455557346344
9, 23, 1, 0.6305494369999991, 31624, 0.3284309506416321, 0.9459594488143921
9, 1, 1, 0.5891739449999989, 31624, 0.5088362097740173, 0.8825065493583679
9, 10, 1, 0.5325273110000026, 31624, 0.45678994059562683, 0.9329787492752075
9, 14, 1, 0.5254815700000037, 31624, 0.46516507863998413, 0.9028475880622864
9, 45, 1, 0.5585364659999996, 31624, 0.31050169467926025, 0.9664929509162903
9, 0, 1, 0.5799046380000021, 31624, 0.4009016454219818, 0.9476479291915894
9, 28, 1, 0.5971869349999963, 31624, 0.5167026519775391, 0.917852520942688
9, 41, 1, 0.7510068390000058, 31624, 0.6131501197814941, 0.8634985089302063
10, 9, 1, 0.7482406399999988, 31624, 0.37736913561820984, 0.9383580088615417
10, 17, 1, 0.5576345469999993, 31624, 0.6826964020729065, 0.8572707176208496
10, 15, 1, 0.5822755489999949, 31624, 0.5226358771324158, 0.8888888955116272
10, 27, 1, 0.6551518859999987, 31624, 0.5815512537956238, 0.8818780183792114
10, 24, 1, 0.5332691429999983, 31624, 0.28691813349723816, 0.9466001987457275
10, 5, 1, 0.859031617999996, 31624, 0.24801458418369293, 0.9605792164802551
10, 20, 1, 0.8187819679999961, 31624, 0.3271835148334503, 0.9535279870033264
10, 6, 1, 0.4785182660000018, 31624, 0.49601125717163086, 0.9359903335571289
10, 16, 1, 0.43130736300000194, 31624, 0.42294859886169434, 0.919135332107544
10, 42, 1, 0.5802289870000052, 31624, 0.36821091175079346, 0.938238263130188
10, 40, 1, 0.647332929000001, 31624, 0.2637869715690613, 0.9558650255203247
10, 32, 1, 0.6892452280000043, 31624, 0.36101454496383667, 0.94539475440979
11, 26, 1, 0.5688976930000038, 31624, 0.6863631010055542, 0.8788968920707703
11, 14, 1, 0.6909752470000043, 31624, 0.4698961079120636, 0.9091289639472961
11, 15, 1, 0.5117096789999991, 31624, 0.4696033298969269, 0.9218390583992004
11, 22, 1, 0.602669143, 31624, 0.25815606117248535, 0.9586734771728516
11, 28, 1, 0.6247237080000048, 31624, 0.48289626836776733, 0.9197930097579956
11, 17, 1, 0.6727886920000046, 31624, 0.6634570956230164, 0.863982081413269
11, 7, 1, 0.5551443840000019, 31624, 0.4377760589122772, 0.9296635985374451
11, 41, 1, 0.9112087990000006, 31624, 0.5696580410003662, 0.8784125447273254
11, 16, 1, 0.4411944349999999, 31624, 0.44284117221832275, 0.9151321053504944
11, 23, 1, 0.6619811499999955, 31624, 0.2906257212162018, 0.9534651041030884
11, 49, 1, 0.6562259029999993, 31624, 0.5267351269721985, 0.9026604294776917
11, 44, 1, 0.500849793999997, 31624, 0.38659536838531494, 0.9438202381134033
12, 38, 1, 0.4766223099999962, 31624, 0.5729319453239441, 0.9266055226325989
12, 18, 1, 0.5129364599999988, 31624, 0.45697155594825745, 0.9293981194496155
12, 37, 1, 0.628726676999996, 31624, 0.3567480444908142, 0.9556714296340942
12, 31, 1, 0.49153377000000376, 31624, 0.5806890726089478, 0.9122806787490845
12, 2, 1, 0.6366492370000003, 31624, 0.28607484698295593, 0.9542887806892395
12, 10, 1, 0.4903525590000015, 31624, 0.42277565598487854, 0.936170220375061
12, 45, 1, 0.5338752140000054, 31624, 0.31891778111457825, 0.9516009092330933
12, 46, 1, 0.5043855480000019, 31624, 0.3981393575668335, 0.9229268431663513
12, 12, 1, 0.7344629520000012, 31624, 0.3379685580730438, 0.9521937370300293
12, 13, 1, 0.509783173999999, 31624, 0.26710450649261475, 0.9603424668312073
12, 35, 1, 0.45654040400000184, 31624, 0.46117880940437317, 0.8937920928001404
12, 47, 1, 0.6770672370000028, 31624, 0.4742160737514496, 0.9262688755989075
13, 16, 1, 0.5073639239999963, 31624, 0.46226081252098083, 0.8935148119926453
13, 30, 1, 0.4687970810000053, 31624, 0.44229817390441895, 0.9158751964569092
13, 6, 1, 0.4846412599999965, 31624, 0.45558732748031616, 0.9100241661071777
13, 48, 1, 0.5303762790000004, 31624, 0.3897697329521179, 0.8881611824035645
13, 49, 1, 0.6018505420000011, 31624, 0.5156095027923584, 0.8901408314704895
13, 27, 1, 0.7224248240000009, 31624, 0.557621955871582, 0.8708133697509766
13, 14, 1, 0.690320179000004, 31624, 0.49907737970352173, 0.89405357837677
13, 17, 1, 0.7084142349999993, 31624, 0.70711350440979, 0.8161073923110962
13, 39, 1, 0.5122111609999997, 31624, 0.6316470503807068, 0.8532536625862122
13, 28, 1, 0.505531879000003, 31624, 0.5033271908760071, 0.8673997521400452
13, 26, 1, 0.4088724600000049, 31624, 0.7624253630638123, 0.8165467381477356
13, 15, 1, 0.46477097300000025, 31624, 0.5777615308761597, 0.8436781764030457
14, 17, 1, 0.6470620560000029, 31624, 0.5689113140106201, 0.8644295334815979
14, 10, 1, 0.5675728770000035, 31624, 0.36509618163108826, 0.9430851340293884
14, 7, 1, 0.5073134220000028, 31624, 0.4330052435398102, 0.9235473871231079
14, 19, 1, 0.5512217289999981, 31624, 0.43030285835266113, 0.9229033589363098
14, 44, 1, 0.7075380750000022, 31624, 0.40968388319015503, 0.9336057305335999
14, 47, 1, 0.6362524629999982, 31624, 0.4384162724018097, 0.9218106865882874
14, 18, 1, 0.45781627000000213, 31624, 0.4060887098312378, 0.9288194179534912
14, 2, 1, 0.6711633110000008, 31624, 0.26036879420280457, 0.9548265933990479
14, 0, 1, 0.6215817890000039, 31624, 0.3314584493637085, 0.9484066963195801
14, 45, 1, 0.590996741000005, 31624, 0.26852479577064514, 0.9612807035446167
14, 13, 1, 0.5041856879999997, 31624, 0.22838899493217468, 0.9657503366470337
14, 1, 1, 0.5612187870000014, 31624, 0.42530015110969543, 0.8946910500526428
15, 15, 1, 0.5687410180000008, 31624, 0.4616416394710541, 0.8965517282485962
15, 28, 1, 0.5997760039999989, 31624, 0.45958462357521057, 0.8990944623947144
15, 48, 1, 0.550964613000005, 31624, 0.31810545921325684, 0.9219143390655518
15, 27, 1, 0.7790969579999967, 31624, 0.5103296041488647, 0.8947368264198303
15, 44, 1, 0.5160142009999973, 31624, 0.410277396440506, 0.9259448647499084
15, 30, 1, 0.5885929719999936, 31624, 0.3933686912059784, 0.9375848174095154
15, 49, 1, 0.6291804210000009, 31624, 0.462516725063324, 0.9117370843887329
15, 21, 1, 0.735333279999999, 31624, 0.346285343170166, 0.9535714387893677
15, 17, 1, 0.5366639240000026, 31624, 0.5913105010986328, 0.8648769855499268
15, 6, 1, 0.4634383200000016, 31624, 0.41054701805114746, 0.9402173757553101
15, 37, 1, 0.4956730409999963, 31624, 0.3012219965457916, 0.966536283493042
15, 16, 1, 0.4075871959999944, 31624, 0.36834388971328735, 0.9183346629142761
16, 13, 1, 0.5714807760000014, 31624, 0.23390652239322662, 0.956286609172821
16, 30, 1, 0.6550731519999999, 31624, 0.34117087721824646, 0.9525101780891418
16, 18, 1, 0.5551176180000041, 31624, 0.4125741720199585, 0.9085648059844971
16, 8, 1, 0.5992928759999927, 31624, 0.4889454245567322, 0.8812500238418579
16, 25, 1, 0.7359250860000017, 31624, 0.30020982027053833, 0.9413846731185913
16, 47, 1, 0.6199960189999985, 31624, 0.42008790373802185, 0.9242112636566162
16, 23, 1, 0.7969385370000026, 31624, 0.27526357769966125, 0.9489617347717285
16, 10, 1, 0.559817529, 31624, 0.3805670738220215, 0.931382954120636
16, 0, 1, 0.5520589090000101, 31624, 0.3220595121383667, 0.9430956244468689
16, 45, 1, 0.5604098919999956, 31624, 0.26941272616386414, 0.9549515843391418
16, 2, 1, 0.6504314800000017, 31624, 0.26224154233932495, 0.9556332230567932
16, 20, 1, 0.9491831760000018, 31624, 0.29934898018836975, 0.949148416519165
17, 15, 1, 0.578451085999987, 31624, 0.4545253813266754, 0.882758617401123
17, 28, 1, 0.6134353210000008, 31624, 0.4856908917427063, 0.8790426850318909
17, 44, 1, 0.5451824530000025, 31624, 0.3961091637611389, 0.9239019155502319
17, 27, 1, 0.6962548989999959, 31624, 0.5071300268173218, 0.8875598311424255
17, 17, 1, 0.7386208849999889, 31624, 0.5806914567947388, 0.8572707176208496
17, 23, 1, 0.6653048140000095, 31624, 0.275168240070343, 0.948211133480072
17, 6, 1, 0.5170841310000043, 31624, 0.42035794258117676, 0.9190821051597595
17, 3, 1, 0.6587193720000002, 31624, 0.373782753944397, 0.9308571219444275
17, 16, 1, 0.47598287399999606, 31624, 0.39219602942466736, 0.9031224846839905
17, 7, 1, 0.38533583800000315, 31624, 0.43825170397758484, 0.9051987528800964
17, 49, 1, 0.64720054, 31624, 0.47260919213294983, 0.9007824659347534
17, 21, 1, 0.6144308630000026, 31624, 0.3351283371448517, 0.9446428418159485
18, 15, 1, 0.47823786100001087, 31624, 0.34176892042160034, 0.9256705045700073
18, 45, 1, 0.6833914579999885, 31624, 0.26102346181869507, 0.956440806388855
18, 0, 1, 0.6539825669999999, 31624, 0.3121727705001831, 0.9446130394935608
18, 20, 1, 0.7663814229999986, 31624, 0.2874484956264496, 0.9472019672393799
18, 13, 1, 0.6717900200000031, 31624, 0.23050102591514587, 0.9517800807952881
18, 47, 1, 0.7472326010000074, 31624, 0.3982304632663727, 0.9286693930625916
18, 30, 1, 0.4886905079999906, 31624, 0.38136762380599976, 0.9314789772033691
18, 10, 1, 0.4721810679999976, 31624, 0.3439294099807739, 0.9377659559249878
18, 26, 1, 0.45496056700000054, 31624, 0.6293518543243408, 0.8657074570655823
18, 8, 1, 0.5542586149999948, 31624, 0.48482465744018555, 0.8833333253860474
18, 17, 1, 0.5045980919999948, 31624, 0.5425907969474792, 0.8657718300819397
18, 25, 1, 0.8220074199999914, 31624, 0.2876812517642975, 0.9453660845756531
19, 15, 1, 0.5197052570000125, 31624, 0.39980366826057434, 0.9103448390960693
19, 16, 1, 0.561099389000006, 31624, 0.3550807535648346, 0.9063250422477722
19, 6, 1, 0.6505664689999975, 31624, 0.3830476403236389, 0.9299516677856445
19, 27, 1, 0.7050809809999947, 31624, 0.4918191730976105, 0.8962320685386658
19, 28, 1, 0.5530700170000102, 31624, 0.45887741446495056, 0.8984476327896118
19, 23, 1, 0.8796345290000005, 31624, 0.2769579291343689, 0.9452089071273804
19, 49, 1, 0.7516129689999929, 31624, 0.45462942123413086, 0.9035993814468384
19, 21, 1, 0.725422082999998, 31624, 0.3162635564804077, 0.9520833492279053
19, 7, 1, 0.4193622819999945, 31624, 0.4549987018108368, 0.8853210806846619
19, 44, 1, 0.48370399200000236, 31624, 0.40198078751564026, 0.9172624945640564
19, 3, 1, 0.5722410609999997, 31624, 0.3588782548904419, 0.9397143125534058
19, 17, 1, 0.5284810590000006, 31624, 0.5247199535369873, 0.8751677870750427
20, 26, 1, 0.43795582100000274, 31624, 0.5937572121620178, 0.8705036044120789
20, 20, 1, 0.7439388389999948, 31624, 0.2743886113166809, 0.949148416519165
20, 30, 1, 0.5904855380000029, 31624, 0.3637668490409851, 0.9382632374763489
20, 25, 1, 0.7675501270000069, 31624, 0.2751978039741516, 0.9466931819915771
20, 47, 1, 0.7079430389999999, 31624, 0.38069477677345276, 0.929355263710022
20, 13, 1, 0.734347163999999, 31624, 0.21934518218040466, 0.9576385617256165
20, 8, 1, 0.5280922070000003, 31624, 0.4576018154621124, 0.8843749761581421
20, 35, 1, 0.4459618919999997, 31624, 0.45192617177963257, 0.8833208680152893
20, 10, 1, 0.489948456999997, 31624, 0.33615949749946594, 0.9377659559249878
20, 0, 1, 0.5919601130000061, 31624, 0.2983751893043518, 0.9408194422721863
20, 45, 1, 0.6287386059999989, 31624, 0.25825026631355286, 0.9560685157775879
20, 17, 1, 0.4987060729999939, 31624, 0.5072433948516846, 0.8791946172714233
21, 15, 1, 0.5190072999999984, 31624, 0.3908407986164093, 0.9065133929252625
21, 44, 1, 0.705213356999991, 31624, 0.40179744362831116, 0.9126659631729126
21, 22, 1, 0.5940526339999934, 31624, 0.2679153382778168, 0.9387755393981934
21, 3, 1, 0.773976482000009, 31624, 0.3465099036693573, 0.9359999895095825
21, 16, 1, 0.5611874429999943, 31624, 0.3408103883266449, 0.9127301573753357
21, 49, 1, 0.7967987530000045, 31624, 0.44432830810546875, 0.903912365436554
21, 7, 1, 0.4693217510000096, 31624, 0.4604232609272003, 0.8822630047798157
21, 28, 1, 0.48911513999999556, 31624, 0.46392831206321716, 0.8822768330574036
21, 23, 1, 0.6701036150000022, 31624, 0.2741757929325104, 0.9454590678215027
21, 6, 1, 0.47570421999999724, 31624, 0.3741702139377594, 0.9317632913589478
21, 27, 1, 0.62557184100001, 31624, 0.4780985414981842, 0.894138753414154
21, 21, 1, 0.9061865359999928, 31624, 0.3090728521347046, 0.9502975940704346
22, 13, 1, 0.7027960730000018, 31624, 0.21011805534362793, 0.9630464315414429
22, 30, 1, 0.7344217670000006, 31624, 0.36257204413414, 0.9355494976043701
22, 20, 1, 0.7903778139999957, 31624, 0.2662045657634735, 0.9523114562034607
22, 17, 1, 0.6734502210000102, 31624, 0.5035173296928406, 0.880984365940094
22, 0, 1, 0.6182944230000089, 31624, 0.2947239279747009, 0.9438543319702148
22, 35, 1, 0.49196411000001206, 31624, 0.4500495493412018, 0.8795811533927917
22, 47, 1, 0.6263250439999979, 31624, 0.36663612723350525, 0.9320987462997437
22, 45, 1, 0.5384622759999971, 31624, 0.24755741655826569, 0.9597915410995483
22, 15, 1, 0.4601702940000081, 31624, 0.3290179967880249, 0.931034505367279
22, 41, 1, 0.6585196980000063, 31624, 0.48750776052474976, 0.8824570178985596
22, 26, 1, 0.45882006600000125, 31624, 0.5860339999198914, 0.876498818397522
22, 25, 1, 0.6956774740000071, 31624, 0.2665332555770874, 0.9522229433059692
23, 44, 1, 0.5841983189999951, 31624, 0.36941054463386536, 0.9193053841590881
23, 28, 1, 0.5266885079999994, 31624, 0.4171845614910126, 0.9055627584457397
23, 37, 1, 0.5909076079999949, 31624, 0.26561182737350464, 0.9626249670982361
23, 16, 1, 0.581653352999993, 31624, 0.3338625133037567, 0.919135332107544
23, 15, 1, 0.4922413900000038, 31624, 0.3757992386817932, 0.9157088398933411
23, 14, 1, 0.5759512119999926, 31624, 0.38717150688171387, 0.9128978252410889
23, 49, 1, 0.7164630549999913, 31624, 0.43421104550361633, 0.9120500683784485
23, 7, 1, 0.6256416290000004, 31624, 0.3780260682106018, 0.9067278504371643
23, 21, 1, 1.1307274159999992, 31624, 0.2963714599609375, 0.9589285850524902
23, 22, 1, 0.5333457539999955, 31624, 0.23986594378948212, 0.9515306353569031
23, 6, 1, 0.4511640169999964, 31624, 0.35772833228111267, 0.9414251446723938
23, 27, 1, 0.6751985739999924, 31624, 0.46552595496177673, 0.8989234566688538
24, 30, 1, 0.5866590589999987, 31624, 0.3117470145225525, 0.9484395980834961
24, 18, 1, 0.5687649890000017, 31624, 0.35506725311279297, 0.9334490895271301
24, 25, 1, 0.8024735770000007, 31624, 0.253206729888916, 0.9535501003265381
24, 13, 1, 0.6358753319999977, 31624, 0.20298194885253906, 0.9657503366470337
24, 45, 1, 0.7177499200000028, 31624, 0.2470320761203766, 0.9586746096611023
24, 0, 1, 0.6938933969999965, 31624, 0.2925037443637848, 0.9419575333595276
24, 20, 1, 0.8477682179999988, 31624, 0.25360822677612305, 0.9559610486030579
24, 35, 1, 0.4577880930000049, 31624, 0.415122389793396, 0.89603590965271
24, 17, 1, 0.5602969950000016, 31624, 0.475631445646286, 0.8890380263328552
24, 1, 1, 0.5371619090000053, 31624, 0.389555424451828, 0.8994777798652649
24, 47, 1, 0.6342057709999978, 31624, 0.35955503582954407, 0.9355280995368958
24, 41, 1, 0.6741157320000042, 31624, 0.4711765944957733, 0.880940318107605
25, 7, 1, 0.5137186290000102, 31624, 0.3682344853878021, 0.9097859263420105
25, 28, 1, 0.5412975160000002, 31624, 0.4159736931324005, 0.8939197659492493
25, 15, 1, 0.5685459460000004, 31624, 0.381426602602005, 0.9218390583992004
25, 21, 1, 0.7257556639999905, 31624, 0.28532227873802185, 0.9607142806053162
25, 23, 1, 0.7399407049999951, 31624, 0.26445019245147705, 0.944708526134491
25, 6, 1, 0.6619743099999909, 31624, 0.3552183508872986, 0.9450483322143555
25, 27, 1, 0.7104774440000057, 31624, 0.45461130142211914, 0.9007176756858826
25, 44, 1, 0.49256514199998946, 31624, 0.3513888418674469, 0.9259448647499084
25, 16, 1, 0.5042207290000107, 31624, 0.3303534984588623, 0.9159327745437622
25, 22, 1, 0.5396077030000015, 31624, 0.24013279378414154, 0.9448979496955872
25, 14, 1, 0.5696732860000111, 31624, 0.3909255862236023, 0.9070351719856262
25, 49, 1, 0.919419242999993, 31624, 0.43051883578300476, 0.9067292809486389
26, 30, 1, 0.589524174999994, 31624, 0.32656940817832947, 0.9423337578773499
26, 15, 1, 0.5221883100000042, 31624, 0.31508681178092957, 0.9295018911361694
26, 45, 1, 0.6195115599999923, 31624, 0.2435353696346283, 0.9553238749504089
26, 35, 1, 0.5209003289999998, 31624, 0.4201541543006897, 0.8818249702453613
26, 25, 1, 0.7873391720000029, 31624, 0.25152140855789185, 0.9504534602165222
26, 20, 1, 0.7847287240000043, 31624, 0.25325509905815125, 0.9564476609230042
26, 13, 1, 1.0226242370000023, 31624, 0.20309238135814667, 0.9634970426559448
26, 41, 1, 0.7905617780000114, 31624, 0.45101505517959595, 0.8880181908607483
26, 9, 1, 0.6828340059999931, 31624, 0.2903323173522949, 0.9423956871032715
26, 26, 1, 0.39627685199999974, 31624, 0.5191917419433594, 0.8884891867637634
26, 47, 1, 0.6096473789999948, 31624, 0.3491218686103821, 0.9344993233680725
26, 0, 1, 0.5900358119999964, 31624, 0.2810879945755005, 0.9461305141448975
27, 7, 1, 0.460391467000008, 31624, 0.35524287819862366, 0.9006116390228271
27, 28, 1, 0.7309626710000003, 31624, 0.41043907403945923, 0.8997412919998169
27, 6, 1, 0.6169833830000044, 31624, 0.3684670627117157, 0.9347826242446899
27, 14, 1, 0.7086078319999984, 31624, 0.36908435821533203, 0.9191792011260986
27, 16, 1, 0.6265107309999962, 31624, 0.34263598918914795, 0.9087269902229309
27, 21, 1, 0.7736858009999992, 31624, 0.2879902720451355, 0.9565476179122925
27, 44, 1, 0.5055578150000031, 31624, 0.33527329564094543, 0.9249234199523926
27, 15, 1, 0.4540776529999988, 31624, 0.3705030679702759, 0.9218390583992004
27, 27, 1, 0.6328229759999999, 31624, 0.44756221771240234, 0.9013158082962036
27, 49, 1, 0.6306304709999893, 31624, 0.4276565611362457, 0.9057902693748474
27, 3, 1, 0.6579563730000046, 31624, 0.32240942120552063, 0.9394285678863525
27, 22, 1, 0.7977796910000023, 31624, 0.23527680337429047, 0.9459183812141418
28, 30, 1, 0.6393317600000046, 31624, 0.2987115681171417, 0.9511533379554749
28, 10, 1, 0.609829886, 31624, 0.3246195614337921, 0.9377659559249878
28, 47, 1, 0.6759811290000002, 31624, 0.36240318417549133, 0.925583004951477
28, 17, 1, 0.6968982670000088, 31624, 0.46201473474502563, 0.8850111961364746
28, 41, 1, 0.8204768530000024, 31624, 0.44901537895202637, 0.8862487077713013
28, 0, 1, 0.6208286880000031, 31624, 0.3015423119068146, 0.9309560060501099
28, 25, 1, 0.8668977350000091, 31624, 0.242447167634964, 0.9497898817062378
28, 1, 1, 0.7158101519999889, 31624, 0.3734360337257385, 0.8981723189353943
28, 13, 1, 0.569042189000001, 31624, 0.20260706543922424, 0.9639477133750916
28, 45, 1, 0.560571338999992, 31624, 0.23441492021083832, 0.9597915410995483
28, 8, 1, 0.557986494000005, 31624, 0.41725248098373413, 0.8940972089767456
28, 20, 1, 0.6959311069999927, 31624, 0.24248892068862915, 0.9535279870033264
29, 16, 1, 0.5238584900000092, 31624, 0.3192455470561981, 0.9143314361572266
29, 6, 1, 0.5639632759999955, 31624, 0.3486144542694092, 0.9414251446723938
29, 27, 1, 0.7077816789999929, 31624, 0.43694791197776794, 0.9037081599235535
29, 14, 1, 0.5946619930000026, 31624, 0.3662322163581848, 0.9158291220664978
29, 23, 1, 0.710577329000003, 31624, 0.25430524349212646, 0.9412059187889099
29, 28, 1, 0.5735364859999947, 31624, 0.4079356789588928, 0.9016817808151245
29, 49, 1, 0.6425731730000024, 31624, 0.4133075475692749, 0.9079812169075012
29, 22, 1, 0.5444586719999904, 31624, 0.23859773576259613, 0.9459183812141418
29, 44, 1, 0.630900871999998, 31624, 0.3413122594356537, 0.926455557346344
29, 7, 1, 0.457020049999997, 31624, 0.36424338817596436, 0.9021406769752502
29, 15, 1, 0.5273266450000023, 31624, 0.369123637676239, 0.9180076718330383
29, 21, 1, 0.9340092070000026, 31624, 0.28007417917251587, 0.9541666507720947
30, 13, 1, 0.6563188740000072, 31624, 0.19800090789794922, 0.9657503366470337
30, 0, 1, 0.7882271440000039, 31624, 0.2736770212650299, 0.9430956244468689
30, 35, 1, 0.5692659239999927, 31624, 0.4165514409542084, 0.8863126635551453
30, 17, 1, 0.6161482540000094, 31624, 0.45961445569992065, 0.8868008852005005
30, 36, 1, 0.6861654190000053, 31624, 0.4161141812801361, 0.8954945206642151
30, 47, 1, 0.6973375920000109, 31624, 0.33303478360176086, 0.9358710646629333
30, 41, 1, 0.9058294310000008, 31624, 0.43477940559387207, 0.8902932405471802
30, 25, 1, 0.9802870839999969, 31624, 0.24240750074386597, 0.9500110745429993
30, 30, 1, 0.46582464499999787, 31624, 0.3129926323890686, 0.9423337578773499
30, 15, 1, 0.4513808829999988, 31624, 0.30353251099586487, 0.9279693365097046
30, 45, 1, 0.6283454570000089, 31624, 0.24128815531730652, 0.9575576782226562
30, 20, 1, 0.8034772390000029, 31624, 0.24266988039016724, 0.9576642513275146
31, 7, 1, 0.5013030690000022, 31624, 0.31734317541122437, 0.9097859263420105
31, 16, 1, 0.5466726110000053, 31624, 0.32624757289886475, 0.9183346629142761
31, 22, 1, 0.4871254799999889, 31624, 0.21358515322208405, 0.9494897723197937
31, 34, 1, 0.605868822000005, 31624, 0.44481366872787476, 0.9072916507720947
31, 49, 1, 0.6903030339999958, 31624, 0.40772685408592224, 0.9154929518699646
31, 37, 1, 0.6329971629999989, 31624, 0.2625260055065155, 0.9591481685638428
31, 44, 1, 0.5038588809999993, 31624, 0.32753998041152954, 0.9223697781562805
31, 27, 1, 0.5716491149999996, 31624, 0.432364284992218, 0.8992224931716919
31, 14, 1, 0.5040186389999946, 31624, 0.35896483063697815, 0.9195979833602905
31, 6, 1, 0.5297037079999996, 31624, 0.35603973269462585, 0.9384058117866516
31, 28, 1, 0.45743960099999015, 31624, 0.3784133195877075, 0.9081500768661499
31, 21, 1, 0.5949788120000079, 31624, 0.28285789489746094, 0.9544642567634583
32, 26, 1, 0.4826957570000161, 31624, 0.49198389053344727, 0.8968824744224548
32, 47, 1, 0.6330119699999983, 31624, 0.33716267347335815, 0.9279835224151611
32, 0, 1, 0.7026827709999992, 31624, 0.27863210439682007, 0.9423368573188782
32, 1, 1, 0.5284493879999985, 31624, 0.35910192131996155, 0.8929504156112671
32, 17, 1, 0.6237327009999944, 31624, 0.4437945783138275, 0.8917226195335388
32, 13, 1, 0.7003601840000044, 31624, 0.19394394755363464, 0.9662010073661804
32, 41, 1, 0.654792834999995, 31624, 0.42619606852531433, 0.8940849304199219
32, 20, 1, 0.7609434839999949, 31624, 0.23422454297542572, 0.9588807821273804
32, 25, 1, 0.7808182950000031, 31624, 0.23454467952251434, 0.9526653289794922
32, 30, 1, 0.4943273730000044, 31624, 0.2857898771762848, 0.9525101780891418
32, 45, 1, 0.5808812020000005, 31624, 0.23001475632190704, 0.9609084129333496
32, 35, 1, 0.5363196269999975, 31624, 0.3873269557952881, 0.8833208680152893
33, 28, 1, 0.7074548890000045, 31624, 0.39358779788017273, 0.9055627584457397
33, 17, 1, 0.5382738659999973, 31624, 0.4530287981033325, 0.8961968421936035
33, 15, 1, 0.46528880500000014, 31624, 0.35482847690582275, 0.9233716726303101
33, 14, 1, 0.6126437700000054, 31624, 0.3630884885787964, 0.9158291220664978
33, 22, 1, 0.6811872409999893, 31624, 0.22718696296215057, 0.9454081654548645
33, 7, 1, 0.6769411669999954, 31624, 0.33950144052505493, 0.9036697149276733
33, 44, 1, 0.5479037660000046, 31624, 0.3225761950016022, 0.9274770021438599
33, 49, 1, 0.6500640169999912, 31624, 0.4013422727584839, 0.9079812169075012
33, 6, 1, 0.47644810100000257, 31624, 0.33854031562805176, 0.9432367086410522
33, 16, 1, 0.4806965570000159, 31624, 0.3176959455013275, 0.9215372204780579
33, 48, 1, 0.5282133540000018, 31624, 0.23779699206352234, 0.9450881481170654
33, 27, 1, 0.6255710840000006, 31624, 0.42381560802459717, 0.9010167717933655
34, 44, 1, 0.5811456240000012, 31624, 0.30693554878234863, 0.932584285736084
34, 18, 1, 0.61819241500001, 31624, 0.32962191104888916, 0.9322916865348816
34, 45, 1, 0.7364822380000078, 31624, 0.23273147642612457, 0.9527177810668945
34, 41, 1, 0.7418285570000194, 31624, 0.4100281000137329, 0.8978766202926636
34, 35, 1, 0.6526846210000059, 31624, 0.3689618706703186, 0.8922961950302124
34, 47, 1, 0.710190936999993, 31624, 0.3272266387939453, 0.9341563582420349
34, 36, 1, 0.7319545229999989, 31624, 0.3926616311073303, 0.9000266790390015
34, 10, 1, 0.5007472489999998, 31624, 0.30085068941116333, 0.9462766051292419
34, 1, 1, 0.5538949080000037, 31624, 0.3560742735862732, 0.8977371454238892
34, 0, 1, 0.6157874019999952, 31624, 0.268076092004776, 0.9438543319702148
34, 13, 1, 0.5228823500000033, 31624, 0.1880923956632614, 0.9684542417526245
34, 2, 1, 0.6268680180000104, 31624, 0.21521969139575958, 0.955902099609375
35, 28, 1, 0.5044148339999879, 31624, 0.3617302179336548, 0.9113842248916626
35, 39, 1, 0.6370497150000176, 31624, 0.4528747797012329, 0.8937582969665527
35, 16, 1, 0.6003020410000008, 31624, 0.3113519549369812, 0.9223378896713257
35, 49, 1, 0.6248288280000054, 31624, 0.37811869382858276, 0.9189358353614807
35, 27, 1, 0.802738823999988, 31624, 0.4039585292339325, 0.9126794338226318
35, 14, 1, 0.6258145889999867, 31624, 0.37330108880996704, 0.9137353301048279
35, 6, 1, 0.6042639659999907, 31624, 0.35874226689338684, 0.9396135210990906
35, 17, 1, 0.72857523899998, 31624, 0.45716848969459534, 0.8899328708648682
35, 15, 1, 0.4408489739999766, 31624, 0.37085938453674316, 0.9180076718330383
35, 37, 1, 0.5385363750000067, 31624, 0.26486966013908386, 0.9608865976333618
35, 26, 1, 0.5114305780000024, 31624, 0.5205183625221252, 0.8812949657440186
35, 48, 1, 0.5114777240000024, 31624, 0.2567501664161682, 0.943073034286499
36, 44, 1, 0.6400238919999879, 31624, 0.3231111764907837, 0.9310520887374878
36, 45, 1, 0.7068206810000106, 31624, 0.22280731797218323, 0.9597915410995483
36, 0, 1, 0.6551443429999892, 31624, 0.26209720969200134, 0.9476479291915894
36, 42, 1, 0.6875532039999825, 31624, 0.26862919330596924, 0.9463381767272949
36, 5, 1, 0.7757307770000068, 31624, 0.18986910581588745, 0.9627245664596558
36, 24, 1, 0.7748167529999819, 31624, 0.20556999742984772, 0.9551441669464111
36, 32, 1, 0.7644864780000091, 31624, 0.26117175817489624, 0.9491227865219116
36, 13, 1, 0.5039947820000066, 31624, 0.18685929477214813, 0.9707075357437134
36, 18, 1, 0.535067462999999, 31624, 0.32492145895957947, 0.9259259104728699
36, 2, 1, 0.6631971950000093, 31624, 0.21383564174175262, 0.9556332230567932
36, 47, 1, 0.5975128000000041, 31624, 0.31763529777526855, 0.9334704875946045
36, 20, 1, 0.6914642819999983, 31624, 0.22837722301483154, 0.9571776390075684
37, 7, 1, 0.5412790250000228, 31624, 0.3906327486038208, 0.8899082541465759
37, 49, 1, 0.6008514430000105, 31624, 0.3709666430950165, 0.9158059358596802
37, 44, 1, 0.48407630099998755, 31624, 0.34114915132522583, 0.9177732467651367
37, 17, 1, 0.5957536539999921, 31624, 0.4610629677772522, 0.8899328708648682
37, 15, 1, 0.5317630760000043, 31624, 0.36945122480392456, 0.9088122844696045
37, 16, 1, 0.5631769130000066, 31624, 0.3186663091182709, 0.919935941696167
37, 28, 1, 0.6760558280000168, 31624, 0.4038448631763458, 0.8945665955543518
37, 26, 1, 0.42098187699998846, 31624, 0.4955226480960846, 0.8848921060562134
37, 6, 1, 0.47938909800001284, 31624, 0.3324142396450043, 0.9396135210990906
37, 48, 1, 0.518801456999995, 31624, 0.2645678222179413, 0.9385390281677246
37, 27, 1, 0.6558490699999879, 31624, 0.39771971106529236, 0.9081937670707703
37, 23, 1, 0.7233312189999879, 31624, 0.2504694163799286, 0.9409556984901428
38, 47, 1, 0.6843036110000185, 31624, 0.3098938465118408, 0.9307270050048828
38, 26, 1, 0.6772217240000202, 31624, 0.4661262333393097, 0.8908872604370117
38, 15, 1, 0.6052582720000146, 31624, 0.28649789094924927, 0.9394636154174805
38, 17, 1, 0.682964950999974, 31624, 0.42969760298728943, 0.8926174640655518
38, 36, 1, 0.7324499650000007, 31624, 0.4021463990211487, 0.8909624218940735
38, 20, 1, 0.7453124559999935, 31624, 0.221238374710083, 0.9591240882873535
38, 13, 1, 0.6685848429999908, 31624, 0.18732640147209167, 0.9680036306381226
38, 25, 1, 0.8895795359999852, 31624, 0.22103197872638702, 0.9531077146530151
38, 0, 1, 0.8388274920000072, 31624, 0.25568222999572754, 0.9449924230575562
38, 41, 1, 0.992119112000001, 31624, 0.41638287901878357, 0.8948432803153992
38, 35, 1, 0.48381676200000356, 31624, 0.3968568444252014, 0.8795811533927917
38, 30, 1, 0.5608764720000181, 31624, 0.32443931698799133, 0.9321573972702026
39, 31, 1, 0.46408564400002206, 31624, 0.4168879985809326, 0.9246646165847778
39, 22, 1, 0.5574307440000155, 31624, 0.21920444071292877, 0.9448979496955872
39, 14, 1, 0.6927928230000191, 31624, 0.3356194496154785, 0.9250418543815613
39, 49, 1, 0.6749655609999934, 31624, 0.3829532861709595, 0.9142410159111023
39, 27, 1, 0.7433720839999864, 31624, 0.4079678952693939, 0.9084928035736084
39, 43, 1, 0.6862181420000013, 31624, 0.27180424332618713, 0.9472171068191528
39, 16, 1, 0.4328598300000124, 31624, 0.3037508726119995, 0.9215372204780579
39, 28, 1, 0.48444358099999363, 31624, 0.364916056394577, 0.9081500768661499
39, 6, 1, 0.47454898600000206, 31624, 0.3593357503414154, 0.9323671460151672
39, 37, 1, 0.5144059980000009, 31624, 0.2830166816711426, 0.9465450048446655
39, 21, 1, 0.588353541999993, 31624, 0.28985899686813354, 0.9497023820877075
39, 44, 1, 0.6482127260000006, 31624, 0.3264019191265106, 0.9218590259552002
40, 7, 1, 0.4663933880000002, 31624, 0.33867043256759644, 0.9143730998039246
40, 41, 1, 0.6814851420000139, 31624, 0.4054409861564636, 0.8988877534866333
40, 44, 1, 0.5857896379999943, 31624, 0.2800499200820923, 0.9330949783325195
40, 45, 1, 0.6645282709999947, 31624, 0.23080410063266754, 0.9612807035446167
40, 22, 1, 0.5887573589999988, 31624, 0.22272220253944397, 0.9438775777816772
40, 1, 1, 0.7194801859999984, 31624, 0.37038272619247437, 0.892515242099762
40, 23, 1, 0.6278800310000179, 31624, 0.23968666791915894, 0.9467100501060486
40, 47, 1, 0.7615605719999792, 31624, 0.3231642544269562, 0.9324417114257812
40, 35, 1, 0.45172904, 31624, 0.36624640226364136, 0.8967838287353516
40, 0, 1, 0.6133099919999836, 31624, 0.27341923117637634, 0.9400606751441956
40, 17, 1, 0.5852599840000039, 31624, 0.4093911647796631, 0.9002237319946289
40, 13, 1, 0.6501909180000212, 31624, 0.1855717897415161, 0.9680036306381226
41, 35, 1, 0.518593807000002, 31624, 0.3578333854675293, 0.89603590965271
41, 16, 1, 0.5511289840000018, 31624, 0.2893200218677521, 0.9255404472351074
41, 20, 1, 0.7946161750000158, 31624, 0.22042818367481232, 0.9613138437271118
41, 9, 1, 0.7798096230000056, 31624, 0.2608453631401062, 0.9453566670417786
41, 48, 1, 0.8918144280000035, 31624, 0.25289225578308105, 0.945591926574707
41, 15, 1, 0.45088469099999884, 31624, 0.3511441648006439, 0.9272030591964722
41, 30, 1, 0.5148688440000058, 31624, 0.2815045416355133, 0.9443690776824951
41, 49, 1, 0.6304195099999959, 31624, 0.3618050217628479, 0.9192488193511963
41, 39, 1, 0.46649847300000147, 31624, 0.4293753206729889, 0.9050464630126953
41, 26, 1, 0.40672031700000844, 31624, 0.47871026396751404, 0.8920863270759583
41, 27, 1, 0.6965025030000049, 31624, 0.3793267011642456, 0.9165669679641724
41, 17, 1, 0.8739710330000037, 31624, 0.43403714895248413, 0.8979865908622742
42, 7, 1, 0.42473659600000246, 31624, 0.3353040814399719, 0.9097859263420105
42, 28, 1, 0.5484087060000036, 31624, 0.32901525497436523, 0.917852520942688
42, 44, 1, 0.6810875280000062, 31624, 0.2880716621875763, 0.9336057305335999
42, 0, 1, 0.7074931639999988, 31624, 0.2618265450000763, 0.9453717470169067
42, 41, 1, 0.7747748810000132, 31624, 0.3838607370853424, 0.9001516699790955
42, 47, 1, 0.8322295560000015, 31624, 0.31286805868148804, 0.9351851940155029
42, 1, 1, 0.6320682440000098, 31624, 0.35555627942085266, 0.9016535878181458
42, 14, 1, 0.9412143449999917, 31624, 0.3293837904930115, 0.9246231317520142
42, 35, 1, 0.44310032799998567, 31624, 0.33808547258377075, 0.9035153388977051
42, 45, 1, 0.5802051870000184, 31624, 0.22207386791706085, 0.9631422162055969
42, 22, 1, 0.49566377299998976, 31624, 0.22272028028964996, 0.9443877339363098
42, 23, 1, 0.7024783960000036, 31624, 0.236241415143013, 0.9467100501060486
43, 17, 1, 0.5259279079999999, 31624, 0.42742449045181274, 0.8966442942619324
43, 49, 1, 0.6619903000000136, 31624, 0.3548847734928131, 0.9239436388015747
43, 5, 1, 0.7259972769999763, 31624, 0.17594146728515625, 0.9637972712516785
43, 6, 1, 0.6154650249999918, 31624, 0.34181851148605347, 0.9432367086410522
43, 15, 1, 0.6773463609999908, 31624, 0.3515828549861908, 0.9295018911361694
43, 27, 1, 0.679064454999974, 31624, 0.37589171528816223, 0.9144737124443054
43, 37, 1, 0.5076429529999871, 31624, 0.2576230466365814, 0.9608865976333618
43, 16, 1, 0.43862473799998725, 31624, 0.29074496030807495, 0.9247397780418396
43, 9, 1, 0.6590548050000109, 31624, 0.2565452754497528, 0.9456258416175842
43, 30, 1, 0.45068343400001254, 31624, 0.280955970287323, 0.9436906576156616
43, 26, 1, 0.4769244069999843, 31624, 0.44263118505477905, 0.8968824744224548
43, 35, 1, 0.4953150649999998, 31624, 0.3454006016254425, 0.8952879309654236
44, 18, 1, 0.46917966199998773, 31624, 0.3109356462955475, 0.9311342835426331
44, 10, 1, 0.5948476190000065, 31624, 0.31494832038879395, 0.936170220375061
44, 13, 1, 0.5616045689999964, 31624, 0.20684468746185303, 0.9634970426559448
44, 44, 1, 0.686642317999997, 31624, 0.26170167326927185, 0.9387129545211792
44, 45, 1, 0.5841715159999978, 31624, 0.22909320890903473, 0.9590469002723694
44, 7, 1, 0.563917406999991, 31624, 0.3121662437915802, 0.9189602732658386
44, 47, 1, 0.6344131940000182, 31624, 0.32043343782424927, 0.9307270050048828
44, 8, 1, 0.8663157530000092, 31624, 0.3575175106525421, 0.9135416746139526
44, 2, 1, 0.7978324850000149, 31624, 0.2052716314792633, 0.9580532312393188
44, 4, 1, 1.069984312999992, 31624, 0.31380409002304077, 0.9393491148948669
44, 26, 1, 0.4683076700000015, 31624, 0.4546853005886078, 0.8908872604370117
44, 0, 1, 0.568580135000019, 31624, 0.2554958760738373, 0.9495447874069214
45, 15, 1, 0.5865866489999974, 31624, 0.40969187021255493, 0.8911877274513245
45, 6, 1, 0.6064831700000184, 31624, 0.35478904843330383, 0.9287439584732056
45, 44, 1, 0.5422557729999937, 31624, 0.3017919063568115, 0.9213483333587646
45, 16, 1, 0.4625422720000074, 31624, 0.27964603900909424, 0.919935941696167
45, 21, 1, 0.802135332000006, 31624, 0.26554039120674133, 0.949999988079071
45, 3, 1, 0.6312211320000074, 31624, 0.3024175763130188, 0.9371428489685059
45, 28, 1, 0.5073156090000168, 31624, 0.41677042841911316, 0.8822768330574036
45, 48, 1, 0.5508088040000132, 31624, 0.2741438150405884, 0.9289672374725342
45, 30, 1, 0.4407117339999971, 31624, 0.2811964452266693, 0.9382632374763489
45, 17, 1, 0.5356385890000013, 31624, 0.44575026631355286, 0.8872483372688293
45, 27, 1, 0.6371351139999888, 31624, 0.37974679470062256, 0.9093899726867676
45, 49, 1, 0.6837522149999984, 31624, 0.36635562777519226, 0.9145539999008179
46, 15, 1, 0.5900636030000044, 31624, 0.2642149329185486, 0.936398446559906
46, 47, 1, 0.728145282000014, 31624, 0.3046540319919586, 0.9320987462997437
46, 0, 1, 0.7610774990000095, 31624, 0.2540416419506073, 0.9449924230575562
46, 8, 1, 0.590896889999982, 31624, 0.3667316734790802, 0.9027777910232544
46, 20, 1, 0.835879196999997, 31624, 0.2236441820859909, 0.9559610486030579
46, 41, 1, 0.732887581, 31624, 0.4096404016017914, 0.8915571570396423
46, 25, 1, 0.8280010229999846, 31624, 0.22424066066741943, 0.945808470249176
46, 30, 1, 0.4655330960000015, 31624, 0.26869675517082214, 0.9470827579498291
46, 13, 1, 0.5364585370000157, 31624, 0.18972070515155792, 0.9603424668312073
46, 44, 1, 0.5003875280000045, 31624, 0.2896742522716522, 0.9305413961410522
46, 45, 1, 0.6015848960000199, 31624, 0.21564392745494843, 0.9530900716781616
46, 26, 1, 0.3779897549999873, 31624, 0.48591628670692444, 0.8752997517585754
47, 6, 1, 0.5669034230000136, 31624, 0.3140321671962738, 0.9420289993286133
47, 28, 1, 0.6152801589999797, 31624, 0.3953098654747009, 0.9016817808151245
47, 14, 1, 0.5953633620000005, 31624, 0.33672550320625305, 0.9212730526924133
47, 15, 1, 0.504661791999979, 31624, 0.333190381526947, 0.9295018911361694
47, 7, 1, 0.5957369319999941, 31624, 0.3856855034828186, 0.8807339668273926
47, 27, 1, 0.7824513909999951, 31624, 0.38448652625083923, 0.9126794338226318
47, 44, 1, 0.6249095929999839, 31624, 0.3056904673576355, 0.9254341125488281
47, 16, 1, 0.46167351400001166, 31624, 0.2807896137237549, 0.9343474507331848
47, 17, 1, 0.5649112080000123, 31624, 0.4044494926929474, 0.9033557176589966
47, 49, 1, 0.6061201109999956, 31624, 0.37027403712272644, 0.9107981324195862
47, 23, 1, 0.7204239589999872, 31624, 0.25301316380500793, 0.9359519481658936
47, 22, 1, 0.5218372420000037, 31624, 0.25052306056022644, 0.9336734414100647
48, 15, 1, 0.5014350350000143, 31624, 0.27399080991744995, 0.9356321692466736
48, 13, 1, 0.5715336399999984, 31624, 0.1820726841688156, 0.9625957608222961
48, 47, 1, 0.7037349169999914, 31624, 0.2878492474555969, 0.9389574527740479
48, 25, 1, 0.7595410499999957, 31624, 0.2163987159729004, 0.9542136788368225
48, 45, 1, 0.6970874060000085, 31624, 0.22911641001701355, 0.9534624218940735
48, 41, 1, 0.8001687219999951, 31624, 0.38526031374931335, 0.8968655467033386
48, 20, 1, 1.2107673480000187, 31624, 0.21734215319156647, 0.9588807821273804
48, 30, 1, 0.5549209130000179, 31624, 0.27744579315185547, 0.9464043378829956
48, 35, 1, 0.4879301859999998, 31624, 0.38381969928741455, 0.8840687870979309
48, 0, 1, 0.5522391970000058, 31624, 0.23936253786087036, 0.9506828784942627
48, 36, 1, 0.6490734729999872, 31624, 0.3765767216682434, 0.8992268443107605
48, 26, 1, 0.4695703739999999, 31624, 0.4219697415828705, 0.9040767550468445
49, 15, 1, 0.4844057899999825, 31624, 0.32945603132247925, 0.9272030591964722
49, 7, 1, 0.43953668300000004, 31624, 0.3021177053451538, 0.9113149642944336
49, 22, 1, 0.6348025689999872, 31624, 0.2141944319009781, 0.9484694004058838
49, 21, 1, 0.589908338999976, 31624, 0.2686569094657898, 0.9497023820877075
49, 14, 1, 0.6314110120000009, 31624, 0.32858914136886597, 0.9229480624198914
49, 27, 1, 0.657872655999995, 31624, 0.39075419306755066, 0.9066985845565796
49, 49, 1, 0.6928919929999893, 31624, 0.3722705841064453, 0.9136150479316711
49, 6, 1, 0.4924843040000155, 31624, 0.34693077206611633, 0.9329710006713867
49, 37, 1, 0.529250697000009, 31624, 0.2573898434638977, 0.9556714296340942
49, 16, 1, 0.4986037710000062, 31624, 0.29969778656959534, 0.9263410568237305
49, 44, 1, 0.49521745100000203, 31624, 0.2987741231918335, 0.9295198917388916
49, 28, 1, 0.5015098829999829, 31624, 0.3633962869644165, 0.9036222696304321
50, 26, 1, 0.4217893830000037, 31624, 0.4426319897174835, 0.8920863270759583
50, 25, 1, 0.861281450000007, 31624, 0.21237802505493164, 0.9537712931632996
50, 30, 1, 0.4754577010000105, 31624, 0.25706493854522705, 0.9504749178886414
50, 1, 1, 0.5983089660000189, 31624, 0.3435869812965393, 0.9012184739112854
50, 35, 1, 0.6199586099999976, 31624, 0.3585042655467987, 0.8922961950302124
50, 13, 1, 0.7423730259999957, 31624, 0.17941634356975555, 0.9639477133750916
50, 47, 1, 0.8273404499999941, 31624, 0.30293989181518555, 0.9334704875946045
50, 17, 1, 0.5942036989999906, 31624, 0.3910541236400604, 0.9002237319946289
50, 41, 1, 0.7623533840000221, 31624, 0.3830844759941101, 0.9001516699790955
50, 45, 1, 0.5235561789999963, 31624, 0.2161463499069214, 0.9538347125053406
50, 0, 1, 0.6393454999999904, 31624, 0.258759081363678, 0.9453717470169067
50, 20, 1, 0.7516778649999765, 31624, 0.2133779525756836, 0.9579075574874878
51, 28, 1, 0.5376124729999958, 31624, 0.365434855222702, 0.9036222696304321
51, 44, 1, 0.6300980830000071, 31624, 0.2929554879665375, 0.9300306439399719
51, 7, 1, 0.6550311089999923, 31624, 0.32210487127304077, 0.9021406769752502
51, 49, 1, 0.7210117819999766, 31624, 0.3660309314727783, 0.9142410159111023
51, 48, 1, 0.5705042240000182, 31624, 0.21712423861026764, 0.9516372680664062
51, 6, 1, 0.5849108349999881, 31624, 0.3162681460380554, 0.9408212304115295
51, 14, 1, 0.6024313770000163, 31624, 0.33866333961486816, 0.9204354882240295
51, 27, 1, 0.7386481409999988, 31624, 0.3813874125480652, 0.9111841917037964
51, 15, 1, 0.8936636880000037, 31624, 0.3273962438106537, 0.9272030591964722
51, 17, 1, 0.5459371659999874, 31624, 0.40346047282218933, 0.9020134210586548
51, 16, 1, 0.4172351740000124, 31624, 0.28876447677612305, 0.9231384992599487
51, 22, 1, 0.6004284589999997, 31624, 0.22510820627212524, 0.9418367147445679
52, 17, 1, 0.719296600000007, 31624, 0.37218910455703735, 0.9064877033233643
52, 13, 1, 0.6665675569999792, 31624, 0.17826031148433685, 0.9716088175773621
52, 0, 1, 0.7927234530000078, 31624, 0.25241777300834656, 0.9453717470169067
52, 41, 1, 0.807264330999999, 31624, 0.37210679054260254, 0.9024267196655273
52, 47, 1, 0.7788638369999887, 31624, 0.29626861214637756, 0.9382715821266174
52, 35, 1, 0.5808572290000029, 31624, 0.3468921482563019, 0.8922961950302124
52, 1, 1, 0.632857658000006, 31624, 0.34172821044921875, 0.9012184739112854
52, 2, 1, 0.6971404009999844, 31624, 0.19758693873882294, 0.9537510275840759
52, 4, 1, 0.76280138300001, 31624, 0.291636198759079, 0.9400887489318848
52, 44, 1, 0.5346361059999936, 31624, 0.27964362502098083, 0.9320735335350037
52, 18, 1, 0.4535192510000172, 31624, 0.29700031876564026, 0.9340277910232544
52, 45, 1, 0.5498543859999927, 31624, 0.21707983314990997, 0.9538347125053406
53, 17, 1, 0.6330012820000093, 31624, 0.40787041187286377, 0.8988814353942871
53, 37, 1, 0.6033771779999881, 31624, 0.2443958818912506, 0.9578444361686707
53, 28, 1, 0.601607247000004, 31624, 0.3569302260875702, 0.9042690992355347
53, 26, 1, 0.573602859999994, 31624, 0.4523469805717468, 0.8920863270759583
53, 15, 1, 0.6275711689999923, 31624, 0.35504233837127686, 0.9103448390960693
53, 44, 1, 0.6938807740000072, 31624, 0.2945365309715271, 0.9341164231300354
53, 49, 1, 0.7657700599999941, 31624, 0.3442833721637726, 0.9176838994026184
53, 6, 1, 0.6558094960000176, 31624, 0.3246999680995941, 0.9390096664428711
53, 30, 1, 0.46407121200002166, 31624, 0.2873269319534302, 0.9369063973426819
53, 16, 1, 0.483708546999992, 31624, 0.26497578620910645, 0.9263410568237305
53, 48, 1, 0.5151793060000216, 31624, 0.2513163685798645, 0.9425692558288574
53, 27, 1, 0.6883568140000023, 31624, 0.3667006492614746, 0.9108851552009583
54, 15, 1, 0.561425794999991, 31624, 0.2546563148498535, 0.9402298927307129
54, 13, 1, 0.6583367679999981, 31624, 0.17877277731895447, 0.9680036306381226
54, 41, 1, 0.787946627000025, 31624, 0.37558284401893616, 0.9004044532775879
54, 25, 1, 0.7499911230000009, 31624, 0.21462179720401764, 0.9528865218162537
54, 0, 1, 0.6012074219999874, 31624, 0.23938189446926117, 0.9461305141448975
54, 44, 1, 0.6235953530000131, 31624, 0.2801748216152191, 0.9356486201286316
54, 47, 1, 0.8263712149999947, 31624, 0.2860604226589203, 0.9355280995368958
54, 45, 1, 0.6025676289999922, 31624, 0.20742541551589966, 0.9568130970001221
54, 35, 1, 0.447047987000019, 31624, 0.337687611579895, 0.894540011882782
54, 26, 1, 0.40325125300000764, 31624, 0.4372299015522003, 0.8956834673881531
54, 30, 1, 0.46261868199999867, 31624, 0.26276466250419617, 0.9497964978218079
54, 20, 1, 0.7130829690000127, 31624, 0.21598033607006073, 0.9537712931632996
55, 22, 1, 0.5214766760000202, 31624, 0.2305605560541153, 0.9331632852554321
55, 16, 1, 0.49479583300001195, 31624, 0.27589675784111023, 0.9343474507331848
55, 15, 1, 0.6125126109999997, 31624, 0.3196725845336914, 0.9256705045700073
55, 28, 1, 0.5506833510000035, 31624, 0.36730507016181946, 0.901034951210022
55, 14, 1, 0.6014444949999813, 31624, 0.3327995836734772, 0.9204354882240295
55, 49, 1, 0.6848332280000022, 31624, 0.3589351177215576, 0.9129890203475952
55, 23, 1, 0.8799964820000241, 31624, 0.24680858850479126, 0.936452329158783
55, 48, 1, 0.516792205999991, 31624, 0.21552182734012604, 0.9511334896087646
55, 7, 1, 0.40879137599998217, 31624, 0.3421136140823364, 0.9006116390228271
55, 27, 1, 0.6403733090000117, 31624, 0.37322816252708435, 0.9084928035736084
55, 44, 1, 0.4949906709999823, 31624, 0.2964952290058136, 0.9259448647499084
55, 6, 1, 0.5337476009999875, 31624, 0.32012003660202026, 0.9408212304115295
56, 47, 1, 0.7146942810000212, 31624, 0.2806888222694397, 0.9413580298423767
56, 25, 1, 0.7792326340000102, 31624, 0.20754630863666534, 0.9535501003265381
56, 24, 1, 0.6705167540000048, 31624, 0.1992611438035965, 0.9501602053642273
56, 35, 1, 0.5396370580000109, 31624, 0.3670794367790222, 0.8863126635551453
56, 9, 1, 0.7170068409999999, 31624, 0.24845412373542786, 0.9432032108306885
56, 36, 1, 0.8294974860000082, 31624, 0.3568353056907654, 0.9042921662330627
56, 30, 1, 0.4417243529999837, 31624, 0.2772097885608673, 0.9443690776824951
56, 37, 1, 0.5181175700000153, 31624, 0.2444654256105423, 0.9608865976333618
56, 0, 1, 0.5685506420000195, 31624, 0.23831485211849213, 0.9472686052322388
56, 45, 1, 0.5826388479999878, 31624, 0.21535295248031616, 0.9549515843391418
56, 41, 1, 0.6445505110000056, 31624, 0.36622846126556396, 0.9041961431503296
56, 20, 1, 0.7710993130000077, 31624, 0.2097674012184143, 0.9600973129272461
57, 22, 1, 0.5837090079999996, 31624, 0.21452923119068146, 0.9454081654548645
57, 21, 1, 0.8015141129999961, 31624, 0.2539610266685486, 0.9577381014823914
57, 16, 1, 0.5560092350000048, 31624, 0.2897358536720276, 0.9295436143875122
57, 49, 1, 0.8288065419999953, 31624, 0.3608056902885437, 0.9117370843887329
57, 7, 1, 0.5056193430000064, 31624, 0.30234888195991516, 0.9113149642944336
57, 6, 1, 0.5207112999999879, 31624, 0.332197904586792, 0.9408212304115295
57, 34, 1, 0.5194727260000036, 31624, 0.3740941882133484, 0.9229166507720947
57, 28, 1, 0.6260068699999977, 31624, 0.3562275469303131, 0.9062095880508423
57, 14, 1, 0.7038508450000052, 31624, 0.32973983883857727, 0.9246231317520142
57, 27, 1, 0.7461373600000059, 31624, 0.37658900022506714, 0.9081937670707703
57, 37, 1, 0.5409231069999976, 31624, 0.24203267693519592, 0.9587135910987854
57, 44, 1, 0.5109181729999932, 31624, 0.28239870071411133, 0.9341164231300354
58, 30, 1, 0.5442152599999872, 31624, 0.24836593866348267, 0.9525101780891418
58, 13, 1, 0.6626021999999807, 31624, 0.18032313883304596, 0.965299665927887
58, 26, 1, 0.635302433000021, 31624, 0.4332563281059265, 0.9016786813735962
58, 39, 1, 0.6529626699999938, 31624, 0.39881646633148193, 0.9010624289512634
58, 17, 1, 0.673925727000011, 31624, 0.384550005197525, 0.9015659689903259
58, 20, 1, 0.8086746449999964, 31624, 0.20704834163188934, 0.9605839252471924
58, 45, 1, 0.65986864300001, 31624, 0.21350127458572388, 0.9545792937278748
58, 0, 1, 0.5674197809999839, 31624, 0.2563026547431946, 0.9423368573188782
58, 47, 1, 0.7813157740000065, 31624, 0.29639890789985657, 0.9338134527206421
58, 1, 1, 0.5547736540000017, 31624, 0.3357059955596924, 0.9099216461181641
58, 35, 1, 0.4645812699999965, 31624, 0.34950950741767883, 0.8937920928001404
58, 41, 1, 0.6469048760000078, 31624, 0.37125831842422485, 0.9041961431503296
59, 7, 1, 0.4332303979999921, 31624, 0.30532434582710266, 0.9051987528800964
59, 48, 1, 0.6826487639999925, 31624, 0.2187480479478836, 0.9511334896087646
59, 44, 1, 0.5470684070000118, 31624, 0.27548879384994507, 0.9346271753311157
59, 6, 1, 0.5964862229999994, 31624, 0.3049370348453522, 0.9462560415267944
59, 22, 1, 0.6878562670000008, 31624, 0.21517275273799896, 0.9428571462631226
59, 16, 1, 0.638431584000017, 31624, 0.2764129936695099, 0.9295436143875122
59, 28, 1, 0.6272060760000215, 31624, 0.35018372535705566, 0.9042690992355347
59, 27, 1, 0.7944203819999984, 31624, 0.3597530424594879, 0.9132775068283081
59, 15, 1, 0.6337393070000132, 31624, 0.3277249038219452, 0.9264367818832397
59, 49, 1, 0.7319477820000202, 31624, 0.34543734788894653, 0.9217527508735657
59, 14, 1, 0.553138381999986, 31624, 0.32890835404396057, 0.9229480624198914
59, 17, 1, 0.5706385709999893, 31624, 0.3913208246231079, 0.9046980142593384
60, 10, 1, 0.5136015840000141, 31624, 0.27302929759025574, 0.9446808695793152
60, 20, 1, 0.6638989439999818, 31624, 0.21084295213222504, 0.9593673944473267
60, 45, 1, 0.6093223440000202, 31624, 0.2188415229320526, 0.9519731998443604
60, 35, 1, 0.5689532199999974, 31624, 0.3399699926376343, 0.8990276455879211
60, 47, 1, 0.7589175130000001, 31624, 0.2891121804714203, 0.9334704875946045
60, 30, 1, 0.47865352400000916, 31624, 0.25201907753944397, 0.9457259178161621
60, 18, 1, 0.44653665500001694, 31624, 0.29936501383781433, 0.9282407164573669
60, 13, 1, 0.5253889100000038, 31624, 0.18622851371765137, 0.9621450901031494
60, 2, 1, 0.6771817899999917, 31624, 0.201968252658844, 0.9534820914268494
60, 41, 1, 0.677068931000008, 31624, 0.3607940375804901, 0.9026795029640198
60, 0, 1, 0.5648675269999899, 31624, 0.24196697771549225, 0.9415781497955322
60, 25, 1, 0.7163963389999992, 31624, 0.20803160965442657, 0.9508958458900452
61, 16, 1, 0.5239484409999875, 31624, 0.29495179653167725, 0.9239391684532166
61, 28, 1, 0.6196937290000051, 31624, 0.38577717542648315, 0.8874514698982239
61, 49, 1, 0.6241232059999788, 31624, 0.3606274127960205, 0.910172164440155
61, 44, 1, 0.5296302259999948, 31624, 0.30195748805999756, 0.9254341125488281
61, 22, 1, 0.5908548289999942, 31624, 0.22986429929733276, 0.9326530694961548
61, 15, 1, 0.5712250660000109, 31624, 0.34904584288597107, 0.9103448390960693
61, 17, 1, 0.5530225660000099, 31624, 0.4041633605957031, 0.8984339833259583
61, 48, 1, 0.509906817000001, 31624, 0.2210087776184082, 0.9460957050323486
61, 14, 1, 0.5610478739999962, 31624, 0.3301497995853424, 0.9225293397903442
61, 6, 1, 0.5081929419999938, 31624, 0.33218491077423096, 0.9263284802436829
61, 21, 1, 0.545348734000001, 31624, 0.25993141531944275, 0.9455357193946838
61, 27, 1, 0.5972734110000033, 31624, 0.37540945410728455, 0.9093899726867676
62, 30, 1, 0.5828426029999889, 31624, 0.250059574842453, 0.9470827579498291
62, 13, 1, 0.6864794749999987, 31624, 0.16643467545509338, 0.9711582064628601
62, 1, 1, 0.7010980370000084, 31624, 0.3438012897968292, 0.9007833003997803
62, 17, 1, 0.693003635999986, 31624, 0.3636719286441803, 0.908724844455719
62, 0, 1, 0.5582889300000033, 31624, 0.24970392882823944, 0.9427162408828735
62, 45, 1, 0.6215027249999991, 31624, 0.20499950647354126, 0.9560685157775879
62, 47, 1, 0.5995432590000007, 31624, 0.2853241562843323, 0.9355280995368958
62, 26, 1, 0.4291765099999907, 31624, 0.41627082228660583, 0.9040767550468445
62, 41, 1, 0.6760201509999888, 31624, 0.3669910728931427, 0.9036905765533447
62, 44, 1, 0.5144312890000009, 31624, 0.27442580461502075, 0.9341164231300354
62, 35, 1, 0.47898711400000593, 31624, 0.3415670096874237, 0.891548216342926
62, 22, 1, 0.500655901000016, 31624, 0.21853096783161163, 0.9428571462631226
63, 30, 1, 0.48058498299999997, 31624, 0.25108733773231506, 0.9491180181503296
63, 44, 1, 0.6219138360000045, 31624, 0.26278626918792725, 0.9407558441162109
63, 15, 1, 0.6562451320000093, 31624, 0.30984872579574585, 0.9318007826805115
63, 6, 1, 0.6098142569999965, 31624, 0.2975170910358429, 0.9474637508392334
63, 27, 1, 0.684954633000018, 31624, 0.3444516360759735, 0.9174641370773315
63, 48, 1, 0.6105950619999874, 31624, 0.2223197966814041, 0.9536523818969727
63, 16, 1, 0.6675784729999918, 31624, 0.26087936758995056, 0.93034428358078
63, 14, 1, 0.736402035000026, 31624, 0.33476752042770386, 0.9187604784965515
63, 37, 1, 0.6249839190000159, 31624, 0.22850050032138824, 0.9643633365631104
63, 26, 1, 0.5252404640000066, 31624, 0.4343632459640503, 0.8932853937149048
63, 49, 1, 1.0659369309999818, 31624, 0.3298869729042053, 0.9217527508735657
63, 39, 1, 0.49777183099999434, 31624, 0.396507203578949, 0.9030544757843018
64, 18, 1, 0.47724395899999195, 31624, 0.29936692118644714, 0.9230324029922485
64, 35, 1, 0.46144278399998484, 31624, 0.3325752019882202, 0.8900523781776428
64, 45, 1, 0.6071851619999791, 31624, 0.21406129002571106, 0.9527177810668945
64, 2, 1, 0.671619598999996, 31624, 0.203017920255661, 0.9542887806892395
64, 13, 1, 0.666615070000006, 31624, 0.18034039437770844, 0.9616944789886475
64, 25, 1, 0.753276072999995, 31624, 0.2096175253391266, 0.9517805576324463
64, 47, 1, 0.6974663569999962, 31624, 0.2784149944782257, 0.9355280995368958
64, 0, 1, 0.544485576999989, 31624, 0.23268868029117584, 0.9476479291915894
64, 44, 1, 0.5089346500000147, 31624, 0.26694726943969727, 0.932584285736084
64, 41, 1, 0.6823289519999776, 31624, 0.3585875332355499, 0.9069767594337463
64, 24, 1, 0.5671967069999937, 31624, 0.19369974732398987, 0.9508721828460693
64, 42, 1, 0.6047489329999962, 31624, 0.23949047923088074, 0.9500506520271301
65, 15, 1, 0.5698374490000049, 31624, 0.33316728472709656, 0.921072781085968
65, 49, 1, 0.7240354569999852, 31624, 0.341733455657959, 0.9164319038391113
65, 44, 1, 0.6279391289999978, 31624, 0.2848033607006073, 0.9320735335350037
65, 7, 1, 0.6283804530000054, 31624, 0.33040350675582886, 0.9067278504371643
65, 28, 1, 0.6569396829999903, 31624, 0.3682616949081421, 0.9003881216049194
65, 14, 1, 0.7215387509999971, 31624, 0.3337963819503784, 0.9158291220664978
65, 17, 1, 0.5893579670000122, 31624, 0.39684343338012695, 0.9015659689903259
65, 22, 1, 0.6890526890000217, 31624, 0.22779019176959991, 0.936734676361084
65, 27, 1, 0.7930182180000145, 31624, 0.35473233461380005, 0.9165669679641724
65, 6, 1, 0.6865588670000022, 31624, 0.3101583421230316, 0.9359903335571289
65, 16, 1, 0.4817229920000159, 31624, 0.2777562439441681, 0.9335468411445618
65, 26, 1, 0.45303084600001853, 31624, 0.4323207437992096, 0.8944844007492065
66, 20, 1, 0.69486374600001, 31624, 0.20276205241680145, 0.9591240882873535
66, 26, 1, 0.46928116399999453, 31624, 0.40704840421676636, 0.9016786813735962
66, 41, 1, 0.6486908439999866, 31624, 0.36076921224594116, 0.9006572365760803
66, 47, 1, 0.5760312670000189, 31624, 0.27850526571273804, 0.9362139701843262
66, 30, 1, 0.6362980960000186, 31624, 0.263698011636734, 0.9402984976768494
66, 13, 1, 0.7092137050000247, 31624, 0.1757509857416153, 0.9639477133750916
66, 17, 1, 0.6565312840000104, 31624, 0.3646154999732971, 0.9060402512550354
66, 0, 1, 0.7150822480000159, 31624, 0.2363872081041336, 0.9446130394935608
66, 25, 1, 0.8459407040000144, 31624, 0.20237717032432556, 0.9531077146530151
66, 15, 1, 0.4359486519999791, 31624, 0.25492337346076965, 0.9356321692466736
66, 35, 1, 0.4986810670000068, 31624, 0.33878564834594727, 0.8900523781776428
66, 45, 1, 0.5824178919999952, 31624, 0.20513971149921417, 0.9534624218940735
67, 7, 1, 0.5741200470000081, 31624, 0.33453497290611267, 0.8990825414657593
67, 14, 1, 0.627284345999982, 31624, 0.315243124961853, 0.9267169237136841
67, 28, 1, 0.7034149829999876, 31624, 0.361989289522171, 0.9087969064712524
67, 44, 1, 0.6515474870000162, 31624, 0.29691800475120544, 0.9239019155502319
67, 6, 1, 0.750256448999977, 31624, 0.3196205794811249, 0.9365941882133484
67, 21, 1, 0.6778732819999789, 31624, 0.2519626319408417, 0.9571428298950195
67, 49, 1, 0.75311250499999, 31624, 0.34344208240509033, 0.9120500683784485
67, 27, 1, 0.7529039339999883, 31624, 0.36153852939605713, 0.9153708219528198
67, 16, 1, 0.4364523919999783, 31624, 0.2713001072406769, 0.932746171951294
67, 22, 1, 0.46503242500000397, 31624, 0.231563001871109, 0.938265323638916
67, 37, 1, 0.6067907209999817, 31624, 0.2437322586774826, 0.9521946907043457
67, 23, 1, 0.6669612679999943, 31624, 0.24348889291286469, 0.936452329158783
68, 17, 1, 0.5491493230000515, 31624, 0.3756382465362549, 0.9038031101226807
68, 25, 1, 0.7909306070000071, 31624, 0.20163467526435852, 0.9557620286941528
68, 30, 1, 0.5737322420000055, 31624, 0.2670391798019409, 0.9396200776100159
68, 0, 1, 0.6521583029999931, 31624, 0.2365189641714096, 0.9446130394935608
68, 41, 1, 0.7281166490000146, 31624, 0.3606254458427429, 0.9014155864715576
68, 39, 1, 0.696787243000017, 31624, 0.3813087046146393, 0.9077025055885315
68, 20, 1, 0.8458616489999997, 31624, 0.20383524894714355, 0.9591240882873535
68, 36, 1, 0.8413013029999945, 31624, 0.3568284511566162, 0.9048253893852234
68, 26, 1, 0.4578140440000027, 31624, 0.4083841145038605, 0.9004796147346497
68, 45, 1, 0.5706688010000107, 31624, 0.21022439002990723, 0.9527177810668945
68, 35, 1, 0.4678880619999859, 31624, 0.3629363477230072, 0.8818249702453613
68, 15, 1, 0.42437890299999026, 31624, 0.2727743983268738, 0.9302682280540466
69, 44, 1, 0.6028165779999881, 31624, 0.2798137068748474, 0.9305413961410522
69, 6, 1, 0.5450166470000113, 31624, 0.3070053160190582, 0.9396135210990906
69, 37, 1, 0.5705685530000153, 31624, 0.23433104157447815, 0.9526292681694031
69, 22, 1, 0.5321673050000015, 31624, 0.21425026655197144, 0.9433673620223999
69, 14, 1, 0.6913818939999885, 31624, 0.3132370710372925, 0.9179229736328125
69, 16, 1, 0.5743346579999979, 31624, 0.288112610578537, 0.9255404472351074
69, 49, 1, 0.7980330380000282, 31624, 0.34782537817955017, 0.9186228513717651
69, 7, 1, 0.42670942600000217, 31624, 0.2931641638278961, 0.9174311757087708
69, 34, 1, 0.38169263600002523, 31624, 0.36745065450668335, 0.9208333492279053
69, 21, 1, 0.5777577430000065, 31624, 0.2439519315958023, 0.9550595283508301
69, 27, 1, 0.6924800969999865, 31624, 0.3623177111148834, 0.91297847032547
69, 28, 1, 0.4472821389999808, 31624, 0.33834561705589294, 0.901034951210022
70, 26, 1, 0.5850553490000152, 31624, 0.4103199243545532, 0.9064748287200928
70, 1, 1, 0.584203328000001, 31624, 0.33110877871513367, 0.9055700898170471
70, 8, 1, 0.6281525449999776, 31624, 0.3301256597042084, 0.9135416746139526
70, 35, 1, 0.6410467630000198, 31624, 0.3395668864250183, 0.8982797265052795
70, 17, 1, 0.6275868639999942, 31624, 0.3687227666378021, 0.9064877033233643
70, 13, 1, 0.7381658869999796, 31624, 0.17637605965137482, 0.9662010073661804
70, 30, 1, 0.6204424220000533, 31624, 0.24199561774730682, 0.9450474977493286
70, 47, 1, 0.8020543029999772, 31624, 0.29058638215065, 0.9286693930625916
70, 0, 1, 0.7208601479999857, 31624, 0.25377997756004333, 0.9393019676208496
70, 41, 1, 0.8603355930000021, 31624, 0.35715988278388977, 0.9052072763442993
70, 45, 1, 0.596155619000001, 31624, 0.21092113852500916, 0.9538347125053406
70, 39, 1, 0.46536294300000236, 31624, 0.38156574964523315, 0.9043824672698975
71, 7, 1, 0.5069023989999835, 31624, 0.2932007610797882, 0.9097859263420105
71, 28, 1, 0.568653487000006, 31624, 0.33799055218696594, 0.9081500768661499
71, 49, 1, 0.6201162279999721, 31624, 0.328926682472229, 0.9220657348632812
71, 44, 1, 0.5789955010000085, 31624, 0.2680973410606384, 0.9351378679275513
71, 6, 1, 0.6380923410000037, 31624, 0.28908705711364746, 0.945652186870575
71, 15, 1, 0.5167438629999879, 31624, 0.3143831789493561, 0.9318007826805115
71, 22, 1, 0.6593018129999564, 31624, 0.2089465707540512, 0.9443877339363098
71, 23, 1, 0.7341819840000028, 31624, 0.22574372589588165, 0.9442081451416016
71, 16, 1, 0.450721939999994, 31624, 0.2547454237937927, 0.9335468411445618
71, 27, 1, 0.6144803849999789, 31624, 0.3396998643875122, 0.9201555252075195
71, 37, 1, 0.5606502169999885, 31624, 0.21400859951972961, 0.9621903300285339
71, 14, 1, 0.5918129710000244, 31624, 0.31160083413124084, 0.9237855672836304
72, 30, 1, 0.5188500589999876, 31624, 0.2725296914577484, 0.9443690776824951
72, 15, 1, 0.48411952300000394, 31624, 0.27794960141181946, 0.9325670599937439
72, 5, 1, 0.758279841999979, 31624, 0.1679372787475586, 0.9613837599754333
72, 24, 1, 0.675893297000016, 31624, 0.1971067488193512, 0.9462442398071289
72, 25, 1, 0.803901035999985, 31624, 0.2183356136083603, 0.9508958458900452
72, 45, 1, 0.7955904660000215, 31624, 0.22155342996120453, 0.9456440806388855
72, 35, 1, 0.46208622300002844, 31624, 0.358207643032074, 0.8833208680152893
72, 26, 1, 0.4166628039999978, 31624, 0.3919571340084076, 0.9016786813735962
72, 2, 1, 0.6863491459999977, 31624, 0.20581096410751343, 0.9534820914268494
72, 13, 1, 0.5956814410000106, 31624, 0.18878796696662903, 0.9630464315414429
72, 9, 1, 0.5922453800000085, 31624, 0.24918588995933533, 0.9394347071647644
72, 20, 1, 0.7303614169999832, 31624, 0.22309675812721252, 0.9537712931632996
73, 6, 1, 0.6459506850000025, 31624, 0.28682318329811096, 0.9432367086410522
73, 26, 1, 0.4503947159999484, 31624, 0.4601198136806488, 0.8836930394172668
73, 17, 1, 0.6671027369999933, 31624, 0.39227691292762756, 0.9002237319946289
73, 7, 1, 0.45793954000001236, 31624, 0.32639309763908386, 0.9006116390228271
73, 16, 1, 0.5565344980000191, 31624, 0.31201109290122986, 0.9215372204780579
73, 49, 1, 0.9740007160000346, 31624, 0.353816956281662, 0.9145539999008179
73, 39, 1, 0.48689136100000496, 31624, 0.40731245279312134, 0.9043824672698975
73, 22, 1, 0.5749570689999928, 31624, 0.23169806599617004, 0.936734676361084
73, 14, 1, 0.582291524000027, 31624, 0.33871471881866455, 0.9149916172027588
73, 44, 1, 0.7154431320000185, 31624, 0.26998773217201233, 0.9346271753311157
73, 28, 1, 0.6032301870000083, 31624, 0.35761481523513794, 0.8984476327896118
73, 27, 1, 0.7773909660000413, 31624, 0.362684965133667, 0.9069976210594177
74, 1, 1, 0.7203700329999947, 31624, 0.3346382975578308, 0.9020887613296509
74, 26, 1, 0.5222704089999866, 31624, 0.39376866817474365, 0.9064748287200928
74, 17, 1, 0.6561004200000298, 31624, 0.36845946311950684, 0.9060402512550354
74, 45, 1, 0.590283267000018, 31624, 0.20847734808921814, 0.9538347125053406
74, 0, 1, 0.6363118429999872, 31624, 0.25019925832748413, 0.9393019676208496
74, 44, 1, 0.5886064990000364, 31624, 0.2564069628715515, 0.9382022619247437
74, 41, 1, 0.7515579999999886, 31624, 0.35821202397346497, 0.9026795029640198
74, 47, 1, 0.6387364909999746, 31624, 0.2840525209903717, 0.9324417114257812
74, 35, 1, 0.4295436470000027, 31624, 0.34110426902770996, 0.894540011882782
74, 13, 1, 0.5180247590000135, 31624, 0.16904079914093018, 0.9702568650245667
74, 39, 1, 0.5265275209999913, 31624, 0.3680294156074524, 0.9083665609359741
74, 30, 1, 0.5214937290000137, 31624, 0.2436731457710266, 0.9457259178161621
75, 14, 1, 0.5813465129999713, 31624, 0.3176325857639313, 0.9304857850074768
75, 44, 1, 0.5759709919999523, 31624, 0.2552574872970581, 0.9351378679275513
75, 27, 1, 0.7767770689999907, 31624, 0.33516934514045715, 0.9180622100830078
75, 48, 1, 0.58595040900002, 31624, 0.21636199951171875, 0.9496221542358398
75, 15, 1, 0.5133585710000261, 31624, 0.3067394495010376, 0.9318007826805115
75, 28, 1, 0.5174333539999907, 31624, 0.32480353116989136, 0.9120310544967651
75, 49, 1, 0.7103364040000315, 31624, 0.32323381304740906, 0.9192488193511963
75, 26, 1, 0.40142689600003223, 31624, 0.4029003977775574, 0.9004796147346497
75, 16, 1, 0.4636039729999766, 31624, 0.26299336552619934, 0.9311448931694031
75, 6, 1, 0.49277604700000666, 31624, 0.29673001170158386, 0.9462560415267944
75, 39, 1, 0.49358343200003674, 31624, 0.3717000484466553, 0.9083665609359741
75, 17, 1, 0.5263524640000128, 31624, 0.37118375301361084, 0.9100671410560608
76, 0, 1, 0.6617437330000371, 31624, 0.2295149713754654, 0.9480273127555847
76, 35, 1, 0.4451654469999653, 31624, 0.3304958641529083, 0.8952879309654236
76, 18, 1, 0.4788667849999797, 31624, 0.2953180968761444, 0.9241898059844971
76, 10, 1, 0.5823251030000165, 31624, 0.2644285559654236, 0.943617045879364
76, 2, 1, 0.746721822999973, 31624, 0.19833116233348846, 0.9553643465042114
76, 45, 1, 0.6178145779999795, 31624, 0.2199791967868805, 0.949367105960846
76, 47, 1, 0.8480982929999641, 31624, 0.2762722969055176, 0.9351851940155029
76, 20, 1, 0.8726974479999967, 31624, 0.20305682718753815, 0.9583941698074341
76, 44, 1, 0.5008181530000115, 31624, 0.2643306255340576, 0.9336057305335999
76, 1, 1, 0.566477467000027, 31624, 0.3376459777355194, 0.9016535878181458
76, 13, 1, 0.5724894530000029, 31624, 0.18742293119430542, 0.9639477133750916
76, 41, 1, 0.74810422500002, 31624, 0.3495165705680847, 0.9059656262397766
77, 15, 1, 0.5520139630000358, 31624, 0.3309638202190399, 0.9111111164093018
77, 28, 1, 0.5566572599999517, 31624, 0.34989824891090393, 0.901034951210022
77, 21, 1, 0.7106974680000349, 31624, 0.25084003806114197, 0.9520833492279053
77, 44, 1, 0.4951484519999667, 31624, 0.2747259736061096, 0.932584285736084
77, 17, 1, 0.6687152079999805, 31624, 0.38662073016166687, 0.9051454067230225
77, 26, 1, 0.6088698709999676, 31624, 0.4139476418495178, 0.8968824744224548
77, 6, 1, 0.7171898969999688, 31624, 0.3230676054954529, 0.9359903335571289
77, 16, 1, 0.45704254999998284, 31624, 0.2747601270675659, 0.93034428358078
77, 48, 1, 0.49877545900000086, 31624, 0.22480110824108124, 0.9486145973205566
77, 27, 1, 0.6103165989999866, 31624, 0.34325894713401794, 0.9159688949584961
77, 49, 1, 0.5381185350000237, 31624, 0.3298266530036926, 0.9186228513717651
77, 14, 1, 0.5881091009999864, 31624, 0.3234095573425293, 0.9237855672836304
78, 17, 1, 0.6135940080000069, 31624, 0.3455778956413269, 0.9114093780517578
78, 0, 1, 0.6917656349999675, 31624, 0.23864291608333588, 0.9427162408828735
78, 30, 1, 0.5592413880000322, 31624, 0.23890338838100433, 0.9450474977493286
78, 13, 1, 0.6185270949999904, 31624, 0.17344050109386444, 0.9630464315414429
78, 44, 1, 0.626605106999989, 31624, 0.2652508318424225, 0.9361593723297119
78, 26, 1, 0.6126680790000023, 31624, 0.39067789912223816, 0.9040767550468445
78, 25, 1, 0.7167152009999995, 31624, 0.19649530947208405, 0.954434871673584
78, 41, 1, 1.0756232049999994, 31624, 0.3540620505809784, 0.9036905765533447
78, 47, 1, 0.5726115389999791, 31624, 0.27527615427970886, 0.9341563582420349
78, 35, 1, 0.45760986099998036, 31624, 0.3245026469230652, 0.9020194411277771
78, 45, 1, 0.5781170360000374, 31624, 0.20153015851974487, 0.9538347125053406
78, 7, 1, 0.4504391019999616, 31624, 0.3204149007797241, 0.9067278504371643
79, 7, 1, 0.5029531490000068, 31624, 0.3183809220790863, 0.9036697149276733
79, 28, 1, 0.5649700700000153, 31624, 0.341251939535141, 0.902328610420227
79, 14, 1, 0.7019119160000287, 31624, 0.31161776185035706, 0.9242043495178223
79, 6, 1, 0.6135325589999638, 31624, 0.296403169631958, 0.9432367086410522
79, 22, 1, 0.6903192760000252, 31624, 0.22392034530639648, 0.936734676361084
79, 15, 1, 0.6120441869999809, 31624, 0.2972877621650696, 0.9226053357124329
79, 16, 1, 0.663996069999996, 31624, 0.25592970848083496, 0.9383506774902344
79, 49, 1, 0.8735932199999752, 31624, 0.3269232511520386, 0.9245696663856506
79, 44, 1, 0.5236818709999511, 31624, 0.27136242389678955, 0.9310520887374878
79, 37, 1, 0.5717234139999903, 31624, 0.22756309807300568, 0.9565406441688538
79, 27, 1, 0.5651326139999924, 31624, 0.33746927976608276, 0.9180622100830078
79, 23, 1, 0.7531124899999782, 31624, 0.23631881177425385, 0.9379534721374512
80, 35, 1, 0.5240996410000207, 31624, 0.3571917414665222, 0.8900523781776428
80, 26, 1, 0.5418565560000275, 31624, 0.386590838432312, 0.9100719690322876
80, 30, 1, 0.6106066429999828, 31624, 0.2643669843673706, 0.9369063973426819
80, 15, 1, 0.5856452650000392, 31624, 0.2677021920681, 0.9295018911361694
80, 13, 1, 0.6502042719999963, 31624, 0.17183613777160645, 0.969355583190918
80, 20, 1, 0.7206043799999975, 31624, 0.20658986270427704, 0.9576642513275146
80, 17, 1, 0.7027173430000175, 31624, 0.3634364902973175, 0.9051454067230225
80, 36, 1, 0.8439971949999858, 31624, 0.34351614117622375, 0.9048253893852234
80, 25, 1, 1.1791415010000037, 31624, 0.20411396026611328, 0.9533289074897766
80, 45, 1, 0.5772657210000034, 31624, 0.21085339784622192, 0.949739396572113
80, 39, 1, 0.49116215899999816, 31624, 0.3635580241680145, 0.9116865992546082
80, 41, 1, 0.7392432749999784, 31624, 0.3467768132686615, 0.908998966217041
81, 22, 1, 0.49640052999995987, 31624, 0.2103695124387741, 0.9423469305038452
81, 34, 1, 0.491274930999964, 31624, 0.3728724420070648, 0.9156249761581421
81, 33, 1, 0.7539106240000137, 31624, 0.2733595073223114, 0.9364055395126343
81, 37, 1, 0.7517837639999811, 31624, 0.2398214489221573, 0.9521946907043457
81, 21, 1, 0.7949000810000371, 31624, 0.24639831483364105, 0.9538690447807312
81, 43, 1, 0.8168846170000279, 31624, 0.22828717529773712, 0.9517354965209961
81, 27, 1, 0.8124029740000083, 31624, 0.35306626558303833, 0.9117823243141174
81, 16, 1, 0.5004948170000034, 31624, 0.30215999484062195, 0.9207366108894348
81, 49, 1, 0.6090284269999984, 31624, 0.3423846960067749, 0.9098591804504395
81, 14, 1, 0.5466455570000335, 31624, 0.30716297030448914, 0.9183416962623596
81, 44, 1, 0.521425201999989, 31624, 0.2706105709075928, 0.9320735335350037
81, 6, 1, 0.8715871420000099, 31624, 0.31067344546318054, 0.9323671460151672
82, 45, 1, 0.5701893460000065, 31624, 0.2025611698627472, 0.9556962251663208
82, 44, 1, 0.5875260110000227, 31624, 0.23790864646434784, 0.9356486201286316
82, 35, 1, 0.6307843660000003, 31624, 0.3269040584564209, 0.9050112366676331
82, 26, 1, 0.49524589799995056, 31624, 0.39166420698165894, 0.9064748287200928
82, 47, 1, 0.683366804000002, 31624, 0.2836354076862335, 0.9338134527206421
82, 22, 1, 0.6809930069999837, 31624, 0.22059641778469086, 0.9372448921203613
82, 7, 1, 0.40932935900002576, 31624, 0.3190416395664215, 0.9036697149276733
82, 41, 1, 0.6206889649999994, 31624, 0.3546265661716461, 0.9031850099563599
82, 1, 1, 0.5116249569999809, 31624, 0.3425203561782837, 0.9007833003997803
82, 0, 1, 0.6374729620000039, 31624, 0.25499847531318665, 0.939681351184845
82, 17, 1, 0.5037024210000141, 31624, 0.36615702509880066, 0.9051454067230225
82, 23, 1, 0.7282736949999844, 31624, 0.23055090010166168, 0.9394546151161194
83, 26, 1, 0.5414516240000466, 31624, 0.4110110104084015, 0.8932853937149048
83, 16, 1, 0.6052545720000353, 31624, 0.2744342088699341, 0.9231384992599487
83, 39, 1, 0.5287216039999976, 31624, 0.3789311647415161, 0.9063745141029358
83, 20, 1, 0.6815933409999957, 31624, 0.2038392424583435, 0.959854006767273
83, 48, 1, 0.6238066680000429, 31624, 0.23475749790668488, 0.9435768127441406
83, 35, 1, 0.6062906539999631, 31624, 0.32726797461509705, 0.894540011882782
83, 17, 1, 0.6215881530000047, 31624, 0.38157546520233154, 0.907829999923706
83, 30, 1, 0.4411115610000138, 31624, 0.23956234753131866, 0.9430122375488281
83, 9, 1, 0.659509187000026, 31624, 0.23289471864700317, 0.9432032108306885
83, 27, 1, 0.6023676639999849, 31624, 0.32654640078544617, 0.9195573925971985
83, 49, 1, 0.5818242970000256, 31624, 0.31935346126556396, 0.9226917028427124
83, 15, 1, 0.7942407730000127, 31624, 0.3250626027584076, 0.921072781085968
84, 7, 1, 0.4988837189999913, 31624, 0.30493423342704773, 0.9097859263420105
84, 36, 1, 0.7851046399999859, 31624, 0.32940128445625305, 0.9120234847068787
84, 47, 1, 0.5906928180000364, 31624, 0.27977338433265686, 0.9341563582420349
84, 44, 1, 0.5966919360000134, 31624, 0.2447519749403, 0.9402451515197754
84, 26, 1, 0.4163480220000224, 31624, 0.37195661664009094, 0.9136690497398376
84, 35, 1, 0.5274251180000533, 31624, 0.3156464695930481, 0.9035153388977051
84, 22, 1, 0.4931242029999794, 31624, 0.21551892161369324, 0.9387755393981934
84, 45, 1, 0.6310436240000286, 31624, 0.20609208941459656, 0.9512286186218262
84, 41, 1, 0.7063777440000081, 31624, 0.333528071641922, 0.9112740159034729
84, 0, 1, 0.5667109480000363, 31624, 0.2419295758008957, 0.9484066963195801
84, 14, 1, 0.5253492250000136, 31624, 0.2981499135494232, 0.9329982995986938
84, 23, 1, 0.7547456899999929, 31624, 0.22579561173915863, 0.9387040138244629
85, 15, 1, 0.5850417049999805, 31624, 0.3190416991710663, 0.9264367818832397
85, 17, 1, 0.5397593970000116, 31624, 0.3743737041950226, 0.907829999923706
85, 27, 1, 0.6739608899999894, 31624, 0.33235493302345276, 0.9180622100830078
85, 35, 1, 0.664530104999983, 31624, 0.3054399788379669, 0.9042632579803467
85, 28, 1, 0.6687285880000218, 31624, 0.3042985796928406, 0.9191461801528931
85, 37, 1, 0.8649331469999879, 31624, 0.22269147634506226, 0.9630595445632935
85, 14, 1, 0.556480463000014, 31624, 0.2987077236175537, 0.9300670027732849
85, 39, 1, 0.45867746299995815, 31624, 0.3451140224933624, 0.9196547269821167
85, 0, 1, 0.5856877890000192, 31624, 0.22686006128787994, 0.946509838104248
85, 6, 1, 0.5018937060000326, 31624, 0.30205264687538147, 0.9365941882133484
85, 49, 1, 0.8108353509999802, 31624, 0.3240242302417755, 0.9211267828941345
85, 16, 1, 0.6068983549999984, 31624, 0.2741341292858124, 0.9295436143875122
86, 13, 1, 0.6346213859999921, 31624, 0.1967458426952362, 0.9598918557167053
86, 35, 1, 0.5456046310000033, 31624, 0.32707691192626953, 0.891548216342926
86, 47, 1, 0.7369641300000467, 31624, 0.26720210909843445, 0.9393004179000854
86, 20, 1, 0.8143890759999977, 31624, 0.21716022491455078, 0.956204354763031
86, 30, 1, 0.5790548630000103, 31624, 0.241455540060997, 0.9497964978218079
86, 5, 1, 0.6920256860000222, 31624, 0.16172313690185547, 0.9619200825691223
86, 18, 1, 0.46808422499998414, 31624, 0.30866166949272156, 0.9189814925193787
86, 24, 1, 0.5885260900000162, 31624, 0.18887269496917725, 0.9533641934394836
86, 45, 1, 0.5322518790000004, 31624, 0.22215302288532257, 0.9475055932998657
86, 25, 1, 0.686820038999997, 31624, 0.21386806666851044, 0.9491263031959534
86, 26, 1, 0.4510446030000139, 31624, 0.351197749376297, 0.9136690497398376
86, 2, 1, 0.6577725480000254, 31624, 0.20816099643707275, 0.9494487643241882
87, 16, 1, 0.5622084340000129, 31624, 0.2831614315509796, 0.9271417260169983
87, 7, 1, 0.5570742779999875, 31624, 0.34335750341415405, 0.8990825414657593
87, 14, 1, 0.632051778999994, 31624, 0.32479938864707947, 0.9221105575561523
87, 27, 1, 0.6573046209999802, 31624, 0.34824714064598083, 0.9096890091896057
87, 26, 1, 0.6246330259999695, 31624, 0.4244067966938019, 0.88968825340271
87, 22, 1, 0.6354566329999898, 31624, 0.24193695187568665, 0.9316326379776001
87, 49, 1, 0.749692495999966, 31624, 0.3402882218360901, 0.9164319038391113
87, 28, 1, 0.4761353339999914, 31624, 0.37532052397727966, 0.8932729363441467
87, 15, 1, 0.4606497240000067, 31624, 0.3270709812641144, 0.9141762256622314
87, 6, 1, 0.4857609549999893, 31624, 0.29831206798553467, 0.9378019571304321
87, 44, 1, 0.5124710110000024, 31624, 0.2793503999710083, 0.9295198917388916
87, 48, 1, 0.5591214439999703, 31624, 0.2158818393945694, 0.9471032619476318
88, 39, 1, 0.5450550979999775, 31624, 0.35418179631233215, 0.9096945524215698
88, 30, 1, 0.6084513490000063, 31624, 0.2427537590265274, 0.9430122375488281
88, 1, 1, 0.6928705959999775, 31624, 0.3287767171859741, 0.9068755507469177
88, 26, 1, 0.548400393999998, 31624, 0.37540024518966675, 0.9088729023933411
88, 35, 1, 0.6132661030000008, 31624, 0.3230220675468445, 0.8908002972602844
88, 45, 1, 0.7812263299999813, 31624, 0.19494231045246124, 0.9538347125053406
88, 0, 1, 0.7342540189999909, 31624, 0.242307648062706, 0.9385432600975037
88, 41, 1, 0.8343710319999786, 31624, 0.3445078134536743, 0.906218409538269
88, 44, 1, 0.4937190490000489, 31624, 0.25815343856811523, 0.9382022619247437
88, 47, 1, 0.6541740349999827, 31624, 0.2702173590660095, 0.9348422288894653
88, 17, 1, 0.506643165000014, 31624, 0.3553856313228607, 0.9073825478553772
88, 7, 1, 0.42102752599998894, 31624, 0.2919451594352722, 0.9097859263420105
89, 7, 1, 0.5242827480000187, 31624, 0.27323171496391296, 0.9143730998039246
89, 16, 1, 0.6967747859999918, 31624, 0.25078490376472473, 0.9351481199264526
89, 14, 1, 0.5312041850000355, 31624, 0.30805474519729614, 0.9221105575561523
89, 48, 1, 0.5204194309999934, 31624, 0.21236629784107208, 0.9465994834899902
89, 15, 1, 0.5640816939999809, 31624, 0.29766538739204407, 0.9318007826805115
89, 30, 1, 0.5855471660000262, 31624, 0.23421038687229156, 0.9436906576156616
89, 6, 1, 0.576149101999988, 31624, 0.2903238534927368, 0.9432367086410522
89, 26, 1, 0.39822029200001907, 31624, 0.3850172162055969, 0.9088729023933411
89, 28, 1, 0.5410475250000104, 31624, 0.3151554763317108, 0.9120310544967651
89, 39, 1, 0.45740468099995724, 31624, 0.35842421650886536, 0.9143426418304443
89, 44, 1, 0.5961024999999722, 31624, 0.2523159980773926, 0.9417773485183716
89, 49, 1, 0.6255325620000463, 31624, 0.31094300746917725, 0.9248826503753662
90, 35, 1, 0.500225902000011, 31624, 0.311251699924469, 0.9027673602104187
90, 41, 1, 0.7341407570000342, 31624, 0.32845285534858704, 0.9117795825004578
90, 0, 1, 0.7683975350000196, 31624, 0.22411495447158813, 0.949165403842926
90, 18, 1, 0.6511106990000144, 31624, 0.2826574146747589, 0.9253472089767456
90, 47, 1, 0.8212303289999454, 31624, 0.26575857400894165, 0.9406721591949463
90, 2, 1, 0.8330097319999936, 31624, 0.1942322850227356, 0.9545576572418213
90, 12, 1, 0.8579687220000096, 31624, 0.21429738402366638, 0.956332802772522
90, 7, 1, 0.9583731280000052, 31624, 0.28451669216156006, 0.9143730998039246
90, 44, 1, 0.5507034199999907, 31624, 0.252074271440506, 0.9417773485183716
90, 45, 1, 0.6111449900000139, 31624, 0.21386532485485077, 0.9512286186218262
90, 13, 1, 0.5455751289999853, 31624, 0.17971816658973694, 0.9603424668312073
90, 36, 1, 0.6357846029999905, 31624, 0.3262990415096283, 0.9122900366783142
91, 28, 1, 0.5796540970000024, 31624, 0.351300984621048, 0.8990944623947144
91, 22, 1, 0.6430892129999961, 31624, 0.21275444328784943, 0.9392856955528259
91, 16, 1, 0.575919807000048, 31624, 0.2711505889892578, 0.9311448931694031
91, 26, 1, 0.47841431499995224, 31624, 0.4203333854675293, 0.8980815410614014
91, 48, 1, 0.6168044240000086, 31624, 0.22486238181591034, 0.940554141998291
91, 15, 1, 0.593419578999999, 31624, 0.33568841218948364, 0.9149425029754639
91, 6, 1, 0.57097335200001, 31624, 0.3007206618785858, 0.9305555820465088
91, 49, 1, 0.5678498869999657, 31624, 0.32549065351486206, 0.9214397668838501
91, 14, 1, 0.547241740000004, 31624, 0.3215530812740326, 0.9212730526924133
91, 17, 1, 0.5372751880000237, 31624, 0.3797833323478699, 0.9038031101226807
91, 27, 1, 0.6173817590000112, 31624, 0.3361014425754547, 0.915669858455658
91, 44, 1, 0.5245842349999634, 31624, 0.26115238666534424, 0.9371808171272278
92, 39, 1, 0.5642709140000193, 31624, 0.3498765826225281, 0.9136786460876465
92, 20, 1, 0.6531605280000008, 31624, 0.1995389610528946, 0.9596107006072998
92, 0, 1, 0.5531113750000145, 31624, 0.23301994800567627, 0.9472686052322388
92, 17, 1, 0.5370068589999732, 31624, 0.3421340584754944, 0.9136465191841125
92, 13, 1, 0.7365088009999567, 31624, 0.1714194267988205, 0.9643983840942383
92, 7, 1, 0.4043821050000247, 31624, 0.27379149198532104, 0.9097859263420105
92, 26, 1, 0.44262016300001505, 31624, 0.37303370237350464, 0.9064748287200928
92, 41, 1, 0.6696173330000192, 31624, 0.3296079933643341, 0.9082406759262085
92, 45, 1, 0.5616146620000109, 31624, 0.19399328529834747, 0.9519731998443604
92, 2, 1, 0.692686163000019, 31624, 0.1868516504764557, 0.955902099609375
92, 30, 1, 0.4641248150000479, 31624, 0.24399623274803162, 0.9457259178161621
92, 47, 1, 0.5433853489999478, 31624, 0.2679196894168854, 0.9393004179000854
93, 28, 1, 0.5527926970000294, 31624, 0.3443188965320587, 0.9087969064712524
93, 16, 1, 0.6621312529999841, 31624, 0.2589438259601593, 0.9367493987083435
93, 22, 1, 0.9019722169999795, 31624, 0.2185901254415512, 0.9403061270713806
93, 6, 1, 0.5706491269999674, 31624, 0.300587922334671, 0.9359903335571289
93, 15, 1, 0.5205155830000194, 31624, 0.30685871839523315, 0.9249042272567749
93, 27, 1, 0.6771388159999674, 31624, 0.33582252264022827, 0.9180622100830078
93, 17, 1, 0.6611596280000072, 31624, 0.35918471217155457, 0.9091722369194031
93, 48, 1, 0.6867774479999866, 31624, 0.20886550843715668, 0.9496221542358398
93, 14, 1, 0.6545692710000139, 31624, 0.304525226354599, 0.9258794188499451
93, 37, 1, 0.5078744160000497, 31624, 0.22816552221775055, 0.9587135910987854
93, 49, 1, 0.5433874929999547, 31624, 0.3220438063144684, 0.9223787188529968
93, 44, 1, 0.45904395999997405, 31624, 0.276423841714859, 0.9336057305335999
94, 26, 1, 0.5347622749999914, 31624, 0.36587390303611755, 0.9124700427055359
94, 7, 1, 0.5974109910000038, 31624, 0.29040759801864624, 0.9113149642944336
94, 39, 1, 0.6047549269999877, 31624, 0.34721097350120544, 0.9143426418304443
94, 47, 1, 0.7891792090000536, 31624, 0.2596742510795593, 0.937585711479187
94, 1, 1, 0.6496659630000181, 31624, 0.32516995072364807, 0.9042645692825317
94, 0, 1, 0.6773128840000027, 31624, 0.22594976425170898, 0.9449924230575562
94, 45, 1, 0.7579435389999958, 31624, 0.19771845638751984, 0.9545792937278748
94, 41, 1, 0.7297134009999695, 31624, 0.3340822160243988, 0.9052072763442993
94, 35, 1, 0.4818441179999695, 31624, 0.3166358172893524, 0.8967838287353516
94, 13, 1, 0.48257778400000007, 31624, 0.16463623940944672, 0.9698061943054199
94, 17, 1, 0.5392960799999855, 31624, 0.3333108723163605, 0.9172259569168091
94, 44, 1, 0.5813634730000103, 31624, 0.260677695274353, 0.9336057305335999
95, 6, 1, 0.5776486629999908, 31624, 0.2850669026374817, 0.9444444179534912
95, 48, 1, 0.5481936680000103, 31624, 0.21151895821094513, 0.9415616989135742
95, 30, 1, 0.5560922960000312, 31624, 0.24517227709293365, 0.9430122375488281
95, 39, 1, 0.5153479019999736, 31624, 0.3528432250022888, 0.9150066375732422
95, 16, 1, 0.6587477780000199, 31624, 0.24100594222545624, 0.9343474507331848
95, 44, 1, 0.6258060559999876, 31624, 0.25897660851478577, 0.9361593723297119
95, 27, 1, 0.615595208000002, 31624, 0.319102019071579, 0.9216507077217102
95, 14, 1, 0.6604904550000015, 31624, 0.3056418299674988, 0.928810715675354
95, 15, 1, 0.5687310069999967, 31624, 0.2995251715183258, 0.9264367818832397
95, 28, 1, 0.7088982149999765, 31624, 0.3101721704006195, 0.9120310544967651
95, 26, 1, 0.4319337610000389, 31624, 0.3805304765701294, 0.9088729023933411
95, 37, 1, 0.5186047919999623, 31624, 0.22587622702121735, 0.9595828056335449
96, 7, 1, 0.44743280099999083, 31624, 0.29099756479263306, 0.9159021377563477
96, 18, 1, 0.5776463589999707, 31624, 0.2803407311439514, 0.9293981194496155
96, 42, 1, 0.7383752769999887, 31624, 0.23189692199230194, 0.9476881623268127
96, 35, 1, 0.5373241080000071, 31624, 0.30970096588134766, 0.9072550535202026
96, 47, 1, 0.6444909530000018, 31624, 0.25770103931427, 0.9403291940689087
96, 44, 1, 0.5881796639999948, 31624, 0.24936968088150024, 0.9376915097236633
96, 13, 1, 0.6304490439999881, 31624, 0.168907031416893, 0.9666516184806824
96, 24, 1, 0.7280802810000182, 31624, 0.18817868828773499, 0.9490922093391418
96, 5, 1, 1.2057630680000102, 31624, 0.15767350792884827, 0.9624564051628113
96, 45, 1, 0.5971145550000188, 31624, 0.20579271018505096, 0.9530900716781616
96, 2, 1, 0.7083261930000049, 31624, 0.19532041251659393, 0.9542887806892395
96, 32, 1, 0.7410733529999902, 31624, 0.22270016372203827, 0.9506579041481018
97, 30, 1, 0.5524808199999711, 31624, 0.25268661975860596, 0.9314789772033691
97, 49, 1, 0.6535203130000014, 31624, 0.31513357162475586, 0.9189358353614807
97, 48, 1, 0.7696607049999784, 31624, 0.2365894317626953, 0.9465994834899902
97, 17, 1, 0.5150345209999614, 31624, 0.3766603171825409, 0.9069350957870483
97, 28, 1, 0.5067481680000014, 31624, 0.35083910822868347, 0.9003881216049194
97, 27, 1, 0.6498590110000464, 31624, 0.32407671213150024, 0.918361246585846
97, 16, 1, 0.6099065299999893, 31624, 0.26778772473335266, 0.9255404472351074
97, 26, 1, 0.4048696330000041, 31624, 0.41517794132232666, 0.8836930394172668
97, 15, 1, 0.4633053759999939, 31624, 0.32165423035621643, 0.9203065037727356
97, 14, 1, 0.5925515540000106, 31624, 0.3268016278743744, 0.9212730526924133
97, 44, 1, 0.5120221469999819, 31624, 0.2649470865726471, 0.9356486201286316
97, 7, 1, 0.41512042400000837, 31624, 0.3254038989543915, 0.9006116390228271
98, 30, 1, 0.599625221999986, 31624, 0.22857117652893066, 0.9423337578773499
98, 45, 1, 0.7869712399999571, 31624, 0.1996253877878189, 0.9527177810668945
98, 26, 1, 0.48527076799996394, 31624, 0.3603215217590332, 0.902877688407898
98, 7, 1, 0.5126374270000156, 31624, 0.3273184895515442, 0.9051987528800964
98, 47, 1, 0.6189717820000169, 31624, 0.26153939962387085, 0.9379286766052246
98, 13, 1, 0.6551320849999911, 31624, 0.16780447959899902, 0.9639477133750916
98, 44, 1, 0.648231767000027, 31624, 0.25919240713119507, 0.9351378679275513
98, 35, 1, 0.44871277499998996, 31624, 0.32256823778152466, 0.8967838287353516
98, 23, 1, 1.1392684500000314, 31624, 0.22528673708438873, 0.9409556984901428
98, 17, 1, 0.5353139560000386, 31624, 0.3368234932422638, 0.9145413637161255
98, 0, 1, 0.645769936000022, 31624, 0.2289237529039383, 0.9446130394935608
98, 41, 1, 0.7206096390000312, 31624, 0.34426581859588623, 0.9052072763442993
99, 35, 1, 0.5741505409999945, 31624, 0.3163736164569855, 0.9027673602104187
99, 27, 1, 0.6203009999999836, 31624, 0.31272679567337036, 0.9213516712188721
99, 15, 1, 0.5694782730000156, 31624, 0.2999207377433777, 0.9325670599937439
99, 30, 1, 0.529813192000006, 31624, 0.23873716592788696, 0.9409769177436829
99, 49, 1, 0.7271337359999848, 31624, 0.30191507935523987, 0.928012490272522
99, 41, 1, 0.8076093720000017, 31624, 0.32042062282562256, 0.9143073558807373
99, 17, 1, 0.9554605970000125, 31624, 0.35368821024894714, 0.9109619855880737
99, 26, 1, 0.4356540850000101, 31624, 0.36451852321624756, 0.9064748287200928
99, 28, 1, 0.45071186699999544, 31624, 0.3016965091228485, 0.9165588617324829
99, 39, 1, 0.4606328329999769, 31624, 0.3453710377216339, 0.91567063331604
99, 48, 1, 0.4971254169999497, 31624, 0.21622298657894135, 0.9471032619476318
99, 16, 1, 0.5687372099999948, 31624, 0.24984875321388245, 0.9335468411445618
100, 13, 1, 0.5746195160000411, 31624, 0.18295013904571533, 0.9612438082695007
100, 18, 1, 0.6360593549999862, 31624, 0.2742321789264679, 0.9270833134651184
100, 7, 1, 0.6078935380000416, 31624, 0.27160879969596863, 0.9143730998039246
100, 11, 1, 0.7529109200000335, 31624, 0.30539652705192566, 0.9226205945014954
100, 47, 1, 0.6756073660000084, 31624, 0.2659747898578644, 0.9389574527740479
100, 44, 1, 0.6897387910000248, 31624, 0.24946382641792297, 0.9427987933158875
100, 4, 1, 0.7417045850000363, 31624, 0.26767823100090027, 0.9413214921951294
100, 2, 1, 0.7837709359999963, 31624, 0.19177021086215973, 0.9521376490592957
100, 10, 1, 0.4822503759999677, 31624, 0.25964614748954773, 0.9420212507247925
100, 37, 1, 0.6167620820000366, 31624, 0.2389286607503891, 0.9561060667037964
100, 45, 1, 0.5945387769999684, 31624, 0.20479144155979156, 0.9527177810668945
100, 12, 1, 0.7335426509999934, 31624, 0.2157686948776245, 0.9530215263366699
