1, 16, 1, 20.221691599, 993672, 1.4594430923461914, 0.6064516305923462
1, 29, 1, 24.194251025, 993672, 1.1315702199935913, 0.7594444155693054
1, 43, 1, 23.950018759000002, 993672, 0.699779212474823, 0.9048648476600647
1, 42, 1, 26.587057543, 993672, 1.1367098093032837, 0.7623809576034546
1, 12, 1, 24.527868531000003, 993672, 1.470083475112915, 0.5994871854782104
1, 21, 1, 27.05050802, 993672, 1.1628916263580322, 0.7051281929016113
1, 39, 1, 41.435593623, 993672, 1.640928864479065, 0.4541935622692108
1, 31, 1, 42.567515577, 993672, 1.3414555788040161, 0.5872727036476135
1, 27, 1, 37.654117378, 993672, 1.4983935356140137, 0.4386206865310669
1, 23, 1, 40.13063416600001, 993672, 1.0204070806503296, 0.6966666579246521
1, 15, 1, 46.880528596000005, 993672, 1.1619073152542114, 0.6651852130889893
1, 34, 1, 77.498325584, 993672, 1.0169897079467773, 0.7037209272384644
1, 45, 1, 50.149234609000004, 993672, 1.233843445777893, 0.6030588150024414
1, 13, 1, 57.184721128, 993672, 1.5099763870239258, 0.47978946566581726
1, 7, 1, 61.346164302000005, 993672, 0.955849826335907, 0.7347826361656189
1, 3, 1, 66.47875849, 993672, 1.3760558366775513, 0.5226168036460876
1, 8, 1, 56.000260371, 993672, 1.196345567703247, 0.6144680976867676
1, 48, 1, 66.311439846, 993672, 0.8839777708053589, 0.746126115322113
1, 47, 1, 57.380904656000006, 993672, 1.4521435499191284, 0.5159524083137512
1, 40, 1, 73.511853742, 993672, 1.300136923789978, 0.5799999833106995
1, 28, 1, 67.38027114299999, 993672, 1.3525015115737915, 0.555400013923645
1, 5, 1, 53.588799812999994, 993672, 1.5645923614501953, 0.46192771196365356
1, 18, 1, 78.465417567, 993672, 0.6314460039138794, 0.8279660940170288
1, 11, 1, 70.943640993, 993672, 1.0494366884231567, 0.6471666693687439
1, 2, 1, 69.526964989, 993672, 1.572905421257019, 0.49436894059181213
1, 35, 1, 75.871326667, 993672, 1.3403867483139038, 0.5493651032447815
1, 36, 1, 78.54076107300001, 993672, 1.0904721021652222, 0.6660000085830688
1, 41, 1, 39.091532169000004, 993672, 0.9566488862037659, 0.7696428298950195
1, 0, 1, 19.587270622000005, 993672, 1.2476030588150024, 0.7357142567634583
1, 6, 1, 77.322570965, 993672, 1.487668752670288, 0.46177420020103455
1, 4, 1, 35.242536140000006, 993672, 1.4718152284622192, 0.5584313869476318
1, 9, 1, 89.94046646, 993672, 1.29035484790802, 0.550676703453064
1, 1, 1, 82.72301624800001, 993672, 1.400091528892517, 0.4752066135406494
1, 32, 1, 101.575939484, 993672, 1.1442744731903076, 0.5978807806968689
1, 37, 1, 35.437386839000006, 993672, 1.3402791023254395, 0.6155102252960205
1, 22, 1, 15.377090611000007, 993672, 1.4941760301589966, 0.6380000114440918
1, 33, 1, 94.57602766699999, 993672, 1.4262858629226685, 0.4942029118537903
1, 17, 1, 6.633700536999996, 993672, 2.0006535053253174, 0.34285715222358704
1, 38, 1, 25.137338670999995, 993672, 1.577758550643921, 0.47939392924308777
1, 20, 1, 40.821023966000006, 993672, 1.0245685577392578, 0.7494736909866333
1, 46, 1, 51.485940588999995, 993672, 1.2376470565795898, 0.6026086807250977
1, 30, 1, 47.65035859699999, 993672, 1.1097484827041626, 0.5990625023841858
1, 49, 1, 67.01372377199999, 993672, 0.9683657288551331, 0.7216494679450989
1, 25, 1, 48.319975811000006, 993672, 1.1814240217208862, 0.5144117474555969
1, 26, 1, 84.719478423, 993672, 1.5610907077789307, 0.46833333373069763
1, 44, 1, 108.91704047300001, 993672, 1.4534265995025635, 0.49106916785240173
1, 14, 1, 87.936210947, 993672, 1.4506548643112183, 0.4846281111240387
1, 19, 1, 84.10973567300002, 993672, 0.6727396845817566, 0.8163333535194397
1, 10, 1, 86.581079486, 993672, 1.1939045190811157, 0.622295081615448
1, 24, 1, 108.426373081, 993672, 1.396960735321045, 0.5209790468215942
2, 0, 1, 20.477610991999995, 993672, 1.0247125625610352, 0.7885714173316956
2, 16, 1, 23.429437045000014, 993672, 1.1857500076293945, 0.6858064532279968
2, 43, 1, 29.27989631700001, 993672, 0.5463119149208069, 0.9399999976158142
2, 41, 1, 38.55488110799999, 993672, 0.8139969110488892, 0.8121428489685059
2, 46, 1, 49.44127542599999, 993672, 1.077689528465271, 0.6437681317329407
2, 20, 1, 41.400995429000005, 993672, 0.8575494885444641, 0.796842098236084
2, 7, 1, 64.490577589, 993672, 0.8670445680618286, 0.7578260898590088
2, 18, 1, 84.25668810400002, 993672, 0.5418957471847534, 0.8533898591995239
2, 36, 1, 87.71226914299999, 993672, 0.9687756299972534, 0.6895384788513184
2, 28, 1, 73.83722989399999, 993672, 1.2520458698272705, 0.5812000036239624
2, 11, 1, 85.916864148, 993672, 0.9423108696937561, 0.6778333187103271
2, 32, 1, 109.407269214, 993672, 0.989501953125, 0.6521854400634766
3, 38, 1, 23.880234791000007, 993672, 1.5270087718963623, 0.4739393889904022
3, 43, 1, 27.503196322999997, 993672, 0.42192673683166504, 0.931351363658905
3, 21, 1, 29.24634223999999, 993672, 0.9417200684547424, 0.7405128479003906
3, 37, 1, 34.983800119999984, 993672, 1.227560043334961, 0.6326530575752258
3, 23, 1, 41.831103853, 993672, 0.8902357816696167, 0.7229999899864197
3, 46, 1, 51.871656998999995, 993672, 0.8730104565620422, 0.6910144686698914
3, 31, 1, 51.554149996999996, 993672, 1.139699101448059, 0.6203030347824097
3, 48, 1, 81.681082783, 993672, 0.7941294312477112, 0.7599999904632568
3, 47, 1, 64.20274318599999, 993672, 1.3440927267074585, 0.5195237994194031
3, 33, 1, 102.37583790000002, 993672, 1.2963722944259644, 0.5355072617530823
3, 18, 1, 87.14758089400001, 993672, 0.38965630531311035, 0.8952542543411255
3, 36, 1, 94.699494886, 993672, 0.8561587929725647, 0.7241538166999817
4, 0, 1, 20.40502723900002, 993672, 1.0334594249725342, 0.7350000143051147
4, 12, 1, 29.29026693, 993672, 1.127514123916626, 0.6579487323760986
4, 29, 1, 27.899793853999995, 993672, 0.9053797125816345, 0.7649999856948853
4, 16, 1, 22.50623158899998, 993672, 0.8131740689277649, 0.7703225612640381
4, 41, 1, 40.690376007, 993672, 0.7526323795318604, 0.7964285612106323
4, 20, 1, 41.57123331400001, 993672, 0.7727791666984558, 0.7915789484977722
4, 30, 1, 46.073429411000006, 993672, 1.054961085319519, 0.6134374737739563
4, 49, 1, 69.94691985200001, 993672, 0.7490509152412415, 0.7725773453712463
4, 15, 1, 60.755901421000004, 993672, 1.082825779914856, 0.6523456573486328
4, 11, 1, 86.17173123399999, 993672, 0.91164630651474, 0.6819999814033508
4, 1, 1, 85.68865798799999, 993672, 1.1519032716751099, 0.5704132318496704
4, 44, 1, 114.15224068300003, 993672, 1.2429375648498535, 0.5611320734024048
5, 0, 1, 21.70291682200002, 993672, 0.7947235703468323, 0.7921428680419922
5, 21, 1, 27.918864004, 993672, 0.923894464969635, 0.7384615540504456
5, 43, 1, 27.99977151599998, 993672, 0.5030642151832581, 0.8870270252227783
5, 20, 1, 40.71257550600001, 993672, 0.5959842801094055, 0.8326315879821777
5, 25, 1, 47.53434313300005, 993672, 1.0728669166564941, 0.5011764764785767
5, 3, 1, 73.84829812699999, 993672, 1.2147749662399292, 0.5355139970779419
5, 15, 1, 56.473035564999975, 993672, 0.9820281267166138, 0.6772839426994324
5, 40, 1, 76.17039645899999, 993672, 1.0696238279342651, 0.649821400642395
5, 48, 1, 79.13549830899996, 993672, 0.7184348106384277, 0.7807207107543945
5, 34, 1, 92.32679032300001, 993672, 0.8455052971839905, 0.7420154809951782
5, 10, 1, 86.61227488999998, 993672, 0.9551791548728943, 0.6944262385368347
5, 24, 1, 103.33396359799997, 993672, 1.085484504699707, 0.6258741021156311
6, 16, 1, 23.187987954999983, 993672, 1.0207546949386597, 0.7180644869804382
6, 17, 1, 6.589627295000014, 993672, 1.954660177230835, 0.3685714304447174
6, 29, 1, 25.94601149899995, 993672, 0.8057883977890015, 0.7833333611488342
6, 41, 1, 40.761978002000006, 993672, 0.712182343006134, 0.816428542137146
6, 49, 1, 67.50620279599997, 993672, 0.7131823897361755, 0.7921649217605591
6, 27, 1, 43.42769598999996, 993672, 1.1952531337738037, 0.5344827771186829
6, 30, 1, 43.531315976, 993672, 0.9047995805740356, 0.6581249833106995
6, 13, 1, 70.95666326699998, 993672, 1.119989275932312, 0.6134737133979797
6, 5, 1, 59.97785615699996, 993672, 1.3022395372390747, 0.5127710700035095
6, 1, 1, 85.93662440399999, 993672, 1.093953013420105, 0.5955371856689453
6, 9, 1, 88.235732987, 993672, 1.0759522914886475, 0.6111277937889099
6, 44, 1, 119.90616538400002, 993672, 1.2083677053451538, 0.5782389640808105
7, 43, 1, 26.393246071999982, 993672, 0.49369296431541443, 0.885405421257019
7, 21, 1, 29.14020697700002, 993672, 0.7691261172294617, 0.7882051467895508
7, 20, 1, 40.75140586400005, 993672, 0.591456413269043, 0.832280695438385
7, 38, 1, 24.710006928999974, 993672, 1.3172650337219238, 0.560606062412262
7, 25, 1, 47.610278453999996, 993672, 1.0619746446609497, 0.5235294103622437
7, 37, 1, 37.76786226600001, 993672, 0.9765043258666992, 0.6991837024688721
7, 47, 1, 61.03362507100002, 993672, 1.1076459884643555, 0.6078571677207947
7, 10, 1, 90.92459922500001, 993672, 0.8355252742767334, 0.7340983748435974
7, 48, 1, 78.64601667, 993672, 0.6244844794273376, 0.800180196762085
7, 24, 1, 97.170460967, 993672, 1.0280570983886719, 0.6566433310508728
7, 3, 1, 77.30516313099997, 993672, 1.2284257411956787, 0.5241121649742126
7, 34, 1, 91.57204966500001, 993672, 0.7464625239372253, 0.7603100538253784
8, 29, 1, 24.899585975999997, 993672, 0.6962695121765137, 0.8061110973358154
8, 16, 1, 24.145454502999996, 993672, 0.8909468650817871, 0.7503225803375244
8, 27, 1, 41.974050976, 993672, 1.1357471942901611, 0.5420689582824707
8, 30, 1, 47.745697586000034, 993672, 0.8210715651512146, 0.6996874809265137
8, 41, 1, 43.00616705499999, 993672, 0.6297611594200134, 0.831428587436676
8, 45, 1, 61.74760156799999, 993672, 0.9438157081604004, 0.6630588173866272
8, 15, 1, 57.370382604999975, 993672, 0.9269243478775024, 0.6871604919433594
8, 13, 1, 68.371167861, 993672, 1.0332549810409546, 0.6429473757743835
8, 49, 1, 69.30059309, 993672, 0.6394460201263428, 0.8160824775695801
8, 1, 1, 85.17342480299999, 993672, 0.9905859231948853, 0.6438016295433044
8, 44, 1, 116.97531004199999, 993672, 1.121622920036316, 0.6099371314048767
8, 33, 1, 101.84881213200003, 993672, 1.0987547636032104, 0.5995652079582214
9, 0, 1, 22.092188293999982, 993672, 0.7716518640518188, 0.7992857098579407
9, 25, 1, 48.940402906999964, 993672, 0.9747339487075806, 0.5420588254928589
9, 20, 1, 43.368125042, 993672, 0.5304365158081055, 0.8592982292175293
9, 31, 1, 50.66105557499998, 993672, 0.9589303135871887, 0.6666666865348816
9, 43, 1, 29.262711612000004, 993672, 0.4139927327632904, 0.9043243527412415
9, 15, 1, 61.59315774099997, 993672, 0.8656815886497498, 0.7076542973518372
9, 48, 1, 79.184038799, 993672, 0.604812741279602, 0.815495491027832
9, 40, 1, 81.77737691800002, 993672, 0.9236139059066772, 0.6930357217788696
9, 3, 1, 78.98072261600001, 993672, 1.146348237991333, 0.5450467467308044
9, 19, 1, 85.73324741800002, 993672, 0.4503280520439148, 0.8546666502952576
9, 34, 1, 99.297690236, 993672, 0.709242045879364, 0.7731782793998718
9, 24, 1, 104.97862441399997, 993672, 0.9389623403549194, 0.688811182975769
10, 29, 1, 25.528167553999992, 993672, 0.5915691256523132, 0.8427777886390686
10, 41, 1, 40.154785339, 993672, 0.5834868550300598, 0.8439285755157471
10, 27, 1, 42.53144138599998, 993672, 1.0389231443405151, 0.5600000023841858
10, 16, 1, 23.213663428999894, 993672, 0.8354305028915405, 0.7761290073394775
10, 30, 1, 46.856406472, 993672, 0.7200762033462524, 0.7428125143051147
10, 7, 1, 66.304940612, 993672, 0.6322628259658813, 0.8106521964073181
10, 49, 1, 67.73565811200001, 993672, 0.5702441930770874, 0.8412371277809143
10, 5, 1, 58.52132501000003, 993672, 1.1617114543914795, 0.5633735060691833
10, 13, 1, 68.96364447799999, 993672, 0.9588420987129211, 0.6652631759643555
10, 1, 1, 90.83967277699998, 993672, 0.9389593601226807, 0.6522313952445984
10, 36, 1, 94.94019127199999, 993672, 0.7530028820037842, 0.7379999756813049
10, 44, 1, 115.66100433900004, 993672, 1.0546979904174805, 0.6401258111000061
11, 0, 1, 21.837403542000004, 993672, 0.806647002696991, 0.7778571248054504
11, 43, 1, 26.88017463, 993672, 0.43097782135009766, 0.8967567682266235
11, 20, 1, 40.599040186000025, 993672, 0.5630066990852356, 0.8536841869354248
11, 21, 1, 29.332715380999957, 993672, 0.729171097278595, 0.8041025400161743
11, 25, 1, 51.960228029999996, 993672, 1.0166829824447632, 0.5350000262260437
11, 15, 1, 57.88141654100008, 993672, 0.881487250328064, 0.7076542973518372
11, 48, 1, 80.60369776699997, 993672, 0.5822471976280212, 0.8108108043670654
11, 10, 1, 91.00178987799995, 993672, 0.78061443567276, 0.744590163230896
11, 34, 1, 92.74534103600001, 993672, 0.6685938835144043, 0.7863565683364868
11, 3, 1, 78.288413773, 993672, 1.1546880006790161, 0.5340186953544617
11, 40, 1, 80.84432967099997, 993672, 0.8644651770591736, 0.7092857360839844
11, 24, 1, 101.76146671599997, 993672, 0.9213343858718872, 0.6976223587989807
12, 16, 1, 23.539922988, 993672, 0.7741963863372803, 0.8006451725959778
12, 29, 1, 26.736026220999975, 993672, 0.6230745315551758, 0.8349999785423279
12, 41, 1, 40.51255383199998, 993672, 0.5490151643753052, 0.8475000262260437
12, 27, 1, 41.76819770599997, 993672, 1.0036364793777466, 0.5924137830734253
12, 30, 1, 44.52365648899996, 993672, 0.7190467715263367, 0.7459375262260437
12, 49, 1, 70.73410889199994, 993672, 0.5463186502456665, 0.8397938013076782
12, 15, 1, 57.729342136999946, 993672, 0.8389549851417542, 0.7150617241859436
12, 45, 1, 62.93741989100005, 993672, 0.8940656781196594, 0.6887058615684509
12, 13, 1, 66.151884854, 993672, 0.9268104434013367, 0.6762105226516724
12, 1, 1, 91.10508335000003, 993672, 0.8989142179489136, 0.6765289306640625
12, 36, 1, 94.08987095500004, 993672, 0.7290169596672058, 0.7513846158981323
12, 44, 1, 120.9172499099999, 993672, 1.0029921531677246, 0.6591194868087769
13, 0, 1, 21.58043459999999, 993672, 0.6920537352561951, 0.8142856955528259
13, 43, 1, 25.964052876999972, 993672, 0.39025700092315674, 0.9118918776512146
13, 21, 1, 30.06788245299998, 993672, 0.6458251476287842, 0.8246153593063354
13, 42, 1, 31.25865683400002, 993672, 0.6503812670707703, 0.8161904811859131
13, 20, 1, 39.35926048300007, 993672, 0.5028640031814575, 0.8614035248756409
13, 25, 1, 50.27332124000009, 993672, 0.9517560005187988, 0.5655882358551025
13, 15, 1, 59.56607793799992, 993672, 0.8276903033256531, 0.7120987772941589
13, 3, 1, 77.94245137899998, 993672, 1.0763700008392334, 0.5613083839416504
13, 10, 1, 85.07380120200003, 993672, 0.7305522561073303, 0.7629508376121521
13, 19, 1, 85.33897967399992, 993672, 0.4103736877441406, 0.8675000071525574
13, 24, 1, 101.28822927599992, 993672, 0.8518859148025513, 0.7158042192459106
13, 34, 1, 97.28869922399997, 993672, 0.6272858381271362, 0.8009302616119385
14, 16, 1, 24.326787497000055, 993672, 0.7351228594779968, 0.7935484051704407
14, 29, 1, 26.593517075999955, 993672, 0.4973379969596863, 0.8588888645172119
14, 41, 1, 40.798173220999956, 993672, 0.5099948048591614, 0.8614285588264465
14, 47, 1, 61.19105625899999, 993672, 0.9383988380432129, 0.6735714077949524
14, 5, 1, 62.64014225699998, 993672, 1.0859781503677368, 0.5939759016036987
14, 27, 1, 42.216439725999976, 993672, 0.9764683246612549, 0.6065517067909241
14, 30, 1, 46.28266685799997, 993672, 0.6483451128005981, 0.7659375071525574
14, 13, 1, 71.16451319499998, 993672, 0.9001191258430481, 0.6858947277069092
14, 49, 1, 69.65809308600001, 993672, 0.4856986999511719, 0.8620618581771851
14, 36, 1, 94.06485875700002, 993672, 0.702917218208313, 0.7604615092277527
14, 33, 1, 93.06270087500002, 993672, 0.9724719524383545, 0.6337681412696838
14, 44, 1, 116.152434621, 993672, 0.9667667746543884, 0.6754717230796814
15, 0, 1, 20.96870302100001, 993672, 0.6881251931190491, 0.816428542137146
15, 42, 1, 31.50445222199994, 993672, 0.6546749472618103, 0.8080952167510986
15, 20, 1, 43.010490172999994, 993672, 0.47302892804145813, 0.8610526323318481
15, 21, 1, 28.81771279899999, 993672, 0.5975793600082397, 0.8415384888648987
15, 43, 1, 29.11919044299998, 993672, 0.31482383608818054, 0.9281080961227417
15, 4, 1, 36.16274793900004, 993672, 1.0270771980285645, 0.6509804129600525
15, 15, 1, 58.13101730400001, 993672, 0.780399739742279, 0.7350617051124573
15, 25, 1, 49.194725784999946, 993672, 0.9059796929359436, 0.5835294127464294
15, 19, 1, 89.50716462499997, 993672, 0.39884859323501587, 0.8730000257492065
15, 10, 1, 86.39809187599997, 993672, 0.7007305026054382, 0.7718032598495483
15, 34, 1, 94.28722770299999, 993672, 0.6068889498710632, 0.8027907013893127
15, 24, 1, 107.37702171700005, 993672, 0.8008900880813599, 0.7332867383956909
16, 29, 1, 27.805177998999966, 993672, 0.47455698251724243, 0.8633333444595337
16, 41, 1, 39.54384027699996, 993672, 0.4908416271209717, 0.8635714054107666
16, 16, 1, 25.685658267000008, 993672, 0.7128875255584717, 0.8064516186714172
16, 30, 1, 47.826711089000014, 993672, 0.5956299901008606, 0.7940624952316284
16, 15, 1, 59.395603023000035, 993672, 0.7803879380226135, 0.7335802316665649
16, 27, 1, 43.26934352000001, 993672, 0.9427576065063477, 0.6151723861694336
16, 47, 1, 62.54544863900003, 993672, 0.9147815108299255, 0.6809523701667786
16, 13, 1, 66.24431258200002, 993672, 0.8664750456809998, 0.7050526142120361
16, 5, 1, 61.05066792899993, 993672, 1.0422999858856201, 0.6081927418708801
16, 45, 1, 64.33846911199998, 993672, 0.8154405355453491, 0.7129411697387695
16, 36, 1, 92.33875090200002, 993672, 0.6685311198234558, 0.7695384621620178
16, 44, 1, 121.54001197600002, 993672, 0.9299966096878052, 0.6851572394371033
17, 0, 1, 20.457248361999973, 993672, 0.6299474835395813, 0.8392857313156128
17, 42, 1, 29.95251732700001, 993672, 0.5967872738838196, 0.8276190757751465
17, 20, 1, 42.057663701000024, 993672, 0.43256044387817383, 0.8796491026878357
17, 43, 1, 28.038841387999923, 993672, 0.32474619150161743, 0.929729700088501
17, 21, 1, 31.205475414000034, 993672, 0.5915603041648865, 0.8517948985099792
17, 25, 1, 50.86221023999997, 993672, 0.9019364714622498, 0.5791176557540894
17, 4, 1, 37.65323701600005, 993672, 0.9823113083839417, 0.661960780620575
17, 15, 1, 58.15800277400001, 993672, 0.7554292678833008, 0.7325925827026367
17, 10, 1, 87.98728253299998, 993672, 0.6692092418670654, 0.7808196544647217
17, 34, 1, 96.47961127299993, 993672, 0.5845346450805664, 0.8060464859008789
17, 19, 1, 86.34459838199996, 993672, 0.3633483946323395, 0.8816666603088379
17, 24, 1, 107.70014060299991, 993672, 0.7881872653961182, 0.7373426556587219
18, 29, 1, 26.034716431999982, 993672, 0.4229643642902374, 0.8861111402511597
18, 41, 1, 41.50062824099996, 993672, 0.4371161460876465, 0.8828571438789368
18, 27, 1, 44.851195953, 993672, 0.887446939945221, 0.6372413635253906
18, 16, 1, 23.92288999799996, 993672, 0.6605214476585388, 0.8193548321723938
18, 5, 1, 61.67151030600007, 993672, 1.005841612815857, 0.609156608581543
18, 47, 1, 63.03879280499996, 993672, 0.8967825174331665, 0.6807143092155457
18, 45, 1, 65.02331464600002, 993672, 0.7826129198074341, 0.729411780834198
18, 13, 1, 69.27562145299999, 993672, 0.8191922307014465, 0.7248421311378479
18, 28, 1, 71.82279460099994, 993672, 0.8738912343978882, 0.7006000280380249
18, 36, 1, 97.82236211600002, 993672, 0.6618137955665588, 0.7761538624763489
18, 33, 1, 99.79538774399998, 993672, 0.9038568735122681, 0.6647825837135315
18, 44, 1, 121.08021209100002, 993672, 0.9061748385429382, 0.6927043795585632
19, 42, 1, 30.852099723999913, 993672, 0.6042652726173401, 0.8261904716491699
19, 4, 1, 38.245799585999976, 993672, 0.9353600740432739, 0.6933333277702332
19, 0, 1, 22.464078735000044, 993672, 0.636153519153595, 0.8321428298950195
19, 20, 1, 41.25521808799999, 993672, 0.4304620325565338, 0.8831579089164734
19, 21, 1, 29.32796079400009, 993672, 0.5943613052368164, 0.8405128121376038
19, 25, 1, 52.276099144, 993672, 0.8766071200370789, 0.5902941226959229
19, 15, 1, 61.27746808000006, 993672, 0.7421860694885254, 0.7375308871269226
19, 24, 1, 104.17631288400003, 993672, 0.7533270120620728, 0.748251736164093
19, 9, 1, 100.73897156299995, 993672, 0.8955397605895996, 0.6812030076980591
19, 10, 1, 87.67782188499996, 993672, 0.6442067623138428, 0.7890163660049438
19, 19, 1, 85.07258714299996, 993672, 0.3681049942970276, 0.8855000138282776
19, 34, 1, 97.83345318899998, 993672, 0.5494779348373413, 0.824961245059967
20, 29, 1, 26.058961746000023, 993672, 0.441142737865448, 0.8700000047683716
20, 16, 1, 23.33602990899999, 993672, 0.6540549397468567, 0.8232257962226868
20, 27, 1, 42.27151916499997, 993672, 0.8910304307937622, 0.6510344743728638
20, 30, 1, 45.82363564499997, 993672, 0.5619365572929382, 0.8065624833106995
20, 41, 1, 42.44701701500003, 993672, 0.44584450125694275, 0.8807142972946167
20, 13, 1, 66.87174321600003, 993672, 0.7921470403671265, 0.7294737100601196
20, 49, 1, 70.23997267300001, 993672, 0.4350978434085846, 0.8820618391036987
20, 47, 1, 64.44802672800006, 993672, 0.8612135052680969, 0.6973809599876404
20, 5, 1, 62.36931666500004, 993672, 1.0076844692230225, 0.6163855195045471
20, 36, 1, 90.167994615, 993672, 0.6382695436477661, 0.7812307476997375
20, 33, 1, 97.43131513899993, 993672, 0.8810756206512451, 0.6710144877433777
20, 44, 1, 119.72999593199995, 993672, 0.85772305727005, 0.7080503106117249
21, 21, 1, 27.466879877999986, 993672, 0.5610222816467285, 0.8405128121376038
21, 42, 1, 30.237013606000005, 993672, 0.5817692279815674, 0.8290476202964783
21, 4, 1, 36.958901358999924, 993672, 0.9112081527709961, 0.6850980520248413
21, 0, 1, 20.722828391000007, 993672, 0.5894320607185364, 0.8535714149475098
21, 20, 1, 42.758558456999936, 993672, 0.39585015177726746, 0.8915789723396301
21, 37, 1, 35.657578084999955, 993672, 0.7529929876327515, 0.7640816569328308
21, 15, 1, 59.91066037600001, 993672, 0.7263425588607788, 0.7446913719177246
21, 3, 1, 73.67397077400005, 993672, 1.0051106214523315, 0.5837383270263672
21, 19, 1, 86.68967367599998, 993672, 0.34190335869789124, 0.887499988079071
21, 24, 1, 104.11788805499998, 993672, 0.7314896583557129, 0.7542657256126404
21, 34, 1, 97.221401904, 993672, 0.5349234938621521, 0.8268216848373413
21, 10, 1, 90.54012057199998, 993672, 0.612558126449585, 0.7993442416191101
22, 16, 1, 23.024067936999927, 993672, 0.6117338538169861, 0.8316128849983215
22, 41, 1, 39.76502924199997, 993672, 0.4224768877029419, 0.8803571462631226
22, 27, 1, 40.70746977299996, 993672, 0.8228500485420227, 0.6710344552993774
22, 29, 1, 27.39297154899998, 993672, 0.4167357385158539, 0.8916666507720947
22, 30, 1, 44.386153551999996, 993672, 0.5774660706520081, 0.7931249737739563
22, 13, 1, 65.904802206, 993672, 0.7702421545982361, 0.7389473915100098
22, 28, 1, 70.07781121000005, 993672, 0.7954378128051758, 0.7221999764442444
22, 5, 1, 56.899542333, 993672, 0.9586464166641235, 0.6380723118782043
22, 47, 1, 60.05493989199999, 993672, 0.8438599705696106, 0.7049999833106995
22, 1, 1, 86.34683170300002, 993672, 0.7554450035095215, 0.7259504199028015
22, 36, 1, 91.68168408100007, 993672, 0.602957010269165, 0.791692316532135
22, 44, 1, 116.205937651, 993672, 0.8208178281784058, 0.7153459191322327
23, 0, 1, 20.515731645000074, 993672, 0.598530650138855, 0.8464285731315613
23, 43, 1, 28.62682200900008, 993672, 0.3271067142486572, 0.9232432246208191
23, 42, 1, 31.731758268999897, 993672, 0.5738111138343811, 0.8323809504508972
23, 20, 1, 40.04129979200002, 993672, 0.43426385521888733, 0.88210529088974
23, 21, 1, 28.05362681700001, 993672, 0.5764065384864807, 0.8384615182876587
23, 25, 1, 50.27860858899999, 993672, 0.9069030284881592, 0.5826470851898193
23, 15, 1, 57.026378769000075, 993672, 0.7522786855697632, 0.7419753074645996
23, 3, 1, 75.02398876300003, 993672, 1.0169291496276855, 0.5842990875244141
23, 19, 1, 86.989830988, 993672, 0.3348889648914337, 0.890333354473114
23, 34, 1, 91.04986898899995, 993672, 0.5149158835411072, 0.8299224972724915
23, 10, 1, 88.44582494800011, 993672, 0.5950528979301453, 0.8073770403862
23, 24, 1, 103.03737072199999, 993672, 0.7277119755744934, 0.7567831873893738
24, 16, 1, 23.596186880000005, 993672, 0.5956403613090515, 0.8341935276985168
24, 29, 1, 28.430710799000053, 993672, 0.395856648683548, 0.8955555558204651
24, 27, 1, 41.65508036899996, 993672, 0.8107196092605591, 0.6765516996383667
24, 41, 1, 42.70625613999994, 993672, 0.4002372920513153, 0.8860714435577393
24, 15, 1, 58.25238781400003, 993672, 0.6970033049583435, 0.7540740966796875
24, 45, 1, 63.70824838499993, 993672, 0.7287031412124634, 0.7484706044197083
24, 30, 1, 48.04568384100003, 993672, 0.5599448680877686, 0.8018749952316284
24, 47, 1, 60.89572825799996, 993672, 0.807429850101471, 0.7211904525756836
24, 13, 1, 66.010964489, 993672, 0.7477951645851135, 0.7433684468269348
24, 36, 1, 92.11635478400001, 993672, 0.5812858939170837, 0.7964615225791931
24, 44, 1, 111.91506623800001, 993672, 0.8087785840034485, 0.7236477732658386
24, 33, 1, 100.76256751100004, 993672, 0.8415113091468811, 0.6868115663528442
25, 43, 1, 27.687403379999978, 993672, 0.25297045707702637, 0.9405405521392822
25, 42, 1, 31.211852750000048, 993672, 0.5398552417755127, 0.834761917591095
25, 4, 1, 37.776886102999924, 993672, 0.879636287689209, 0.699999988079071
25, 0, 1, 22.590020300000106, 993672, 0.5420716404914856, 0.8550000190734863
25, 20, 1, 41.34250681100002, 993672, 0.35037973523139954, 0.9066666960716248
25, 21, 1, 30.258070704000147, 993672, 0.5551115870475769, 0.8446153998374939
25, 15, 1, 58.22252856199998, 993672, 0.6637122631072998, 0.7716049551963806
25, 40, 1, 79.59560135600009, 993672, 0.7245815992355347, 0.7546428442001343
25, 10, 1, 88.15293443699989, 993672, 0.5866062045097351, 0.812786877155304
25, 24, 1, 106.58878790400001, 993672, 0.6874796748161316, 0.7732867002487183
25, 19, 1, 89.84992819500007, 993672, 0.3261438310146332, 0.8920000195503235
25, 34, 1, 96.46252393300006, 993672, 0.4979957640171051, 0.8378294706344604
26, 16, 1, 22.606667433999974, 993672, 0.6035279631614685, 0.8380644917488098
26, 27, 1, 44.12559643899999, 993672, 0.7909687161445618, 0.684482753276825
26, 29, 1, 27.60797612800002, 993672, 0.4044152796268463, 0.8916666507720947
26, 41, 1, 43.66050202600013, 993672, 0.39793920516967773, 0.8907142877578735
26, 45, 1, 61.620553871000084, 993672, 0.7199015021324158, 0.7477647066116333
26, 28, 1, 72.72062143099993, 993672, 0.7648808360099792, 0.7422000169754028
26, 15, 1, 58.1813785180002, 993672, 0.683841347694397, 0.767654299736023
26, 47, 1, 61.18522367200012, 993672, 0.8084943294525146, 0.7069047689437866
26, 5, 1, 62.35267158600004, 993672, 0.9287382364273071, 0.6501204967498779
26, 13, 1, 69.99983318999989, 993672, 0.7170313000679016, 0.7570526599884033
26, 36, 1, 94.47653891899995, 993672, 0.5672257542610168, 0.8110769391059875
26, 44, 1, 112.30358489899993, 993672, 0.7843537330627441, 0.7342138290405273
27, 22, 1, 16.133049245000052, 993672, 0.5662753582000732, 0.8220000267028809
27, 0, 1, 21.626712048999934, 993672, 0.5319331884384155, 0.8571428656578064
27, 21, 1, 28.834849594999923, 993672, 0.5421181321144104, 0.8502563834190369
27, 20, 1, 40.62781830499989, 993672, 0.36659008264541626, 0.9007017612457275
27, 42, 1, 30.059167359999947, 993672, 0.5431790351867676, 0.8366666436195374
27, 4, 1, 35.664313054000104, 993672, 0.8487517237663269, 0.7125490307807922
27, 15, 1, 60.08288321500004, 993672, 0.6759429574012756, 0.7617284059524536
27, 34, 1, 93.16255648300012, 993672, 0.47948843240737915, 0.8449612259864807
27, 10, 1, 89.27022452899996, 993672, 0.5584112405776978, 0.8195081949234009
27, 24, 1, 99.70686797799999, 993672, 0.6879225969314575, 0.7697902321815491
27, 19, 1, 87.362992652, 993672, 0.3101370334625244, 0.8985000252723694
27, 9, 1, 93.26400176699997, 993672, 0.8364114165306091, 0.6983458399772644
28, 16, 1, 23.220862977000024, 993672, 0.5808819532394409, 0.8329032063484192
28, 41, 1, 40.323625677999985, 993672, 0.38275468349456787, 0.8942857384681702
28, 27, 1, 43.512646529999984, 993672, 0.7746822834014893, 0.6955172419548035
28, 29, 1, 28.055970260000038, 993672, 0.3559013903141022, 0.9072222113609314
28, 39, 1, 45.772646399999985, 993672, 0.7927756309509277, 0.7309677600860596
28, 13, 1, 68.85120575299993, 993672, 0.7181656956672668, 0.7515789270401001
28, 49, 1, 71.37130487600007, 993672, 0.38246288895606995, 0.8950515389442444
28, 47, 1, 64.952429252, 993672, 0.7740387916564941, 0.7300000190734863
28, 33, 1, 103.00509942300005, 993672, 0.8178665041923523, 0.7018840312957764
28, 36, 1, 92.56346918400004, 993672, 0.5728573203086853, 0.8056923151016235
28, 32, 1, 106.73895900399998, 993672, 0.5789356827735901, 0.7994701862335205
28, 44, 1, 122.47982507899997, 993672, 0.7595826387405396, 0.7440251708030701
29, 17, 1, 5.8045215770000596, 993672, 1.1670335531234741, 0.6428571343421936
29, 22, 1, 14.943775677999838, 993672, 0.6675459742546082, 0.8019999861717224
29, 0, 1, 20.35247758799983, 993672, 0.5205585956573486, 0.8478571176528931
29, 20, 1, 40.446525167000004, 993672, 0.3518460988998413, 0.9014034867286682
29, 4, 1, 38.91804236499979, 993672, 0.8759163618087769, 0.701568603515625
29, 15, 1, 59.93946096900004, 993672, 0.6870650053024292, 0.7585185170173645
29, 45, 1, 63.99441557899996, 993672, 0.6887383460998535, 0.7569411993026733
29, 19, 1, 83.008108902, 993672, 0.3126775026321411, 0.902999997138977
29, 11, 1, 85.9727839090001, 993672, 0.5445069670677185, 0.7978333234786987
29, 10, 1, 90.34269148999988, 993672, 0.5369113683700562, 0.8229508399963379
29, 3, 1, 81.83016173799979, 993672, 0.9481373429298401, 0.6042990684509277
29, 24, 1, 99.18356121500005, 993672, 0.6594495177268982, 0.773706316947937
30, 16, 1, 22.448268411000072, 993672, 0.5635135173797607, 0.837419331073761
30, 43, 1, 26.89845953400004, 993672, 0.22974886000156403, 0.9399999976158142
30, 29, 1, 25.952443681999966, 993672, 0.3054051101207733, 0.9133333563804626
30, 25, 1, 48.642871162000006, 993672, 0.7544282674789429, 0.6320587992668152
30, 27, 1, 43.44833550399994, 993672, 0.7428942322731018, 0.6986206769943237
30, 28, 1, 75.73395070900006, 993672, 0.7233063578605652, 0.7513999938964844
30, 47, 1, 62.74782370800017, 993672, 0.7642461061477661, 0.7276190519332886
30, 13, 1, 72.21319135099998, 993672, 0.6976153254508972, 0.752842128276825
30, 35, 1, 94.94917188099998, 993672, 0.773995041847229, 0.7304762005805969
30, 36, 1, 96.44104566400006, 993672, 0.5357765555381775, 0.8093846440315247
30, 33, 1, 101.7900216280002, 993672, 0.7783547639846802, 0.711884081363678
30, 44, 1, 119.84008449599992, 993672, 0.7330480813980103, 0.745786190032959
31, 22, 1, 15.592200804999948, 993672, 0.5749377608299255, 0.8199999928474426
31, 17, 1, 5.619462458000044, 993672, 0.9608689546585083, 0.699999988079071
31, 4, 1, 35.2192567080001, 993672, 0.8230098485946655, 0.7215686440467834
31, 0, 1, 21.057487595999874, 993672, 0.5533056855201721, 0.852142870426178
31, 20, 1, 42.42086469700007, 993672, 0.33378735184669495, 0.909824550151825
31, 15, 1, 61.40928131399983, 993672, 0.6430813670158386, 0.7706173062324524
31, 11, 1, 87.58357255100009, 993672, 0.5100608468055725, 0.8111666440963745
31, 24, 1, 96.97944631399992, 993672, 0.6226420998573303, 0.7878321409225464
31, 40, 1, 81.40828331299986, 993672, 0.6693464517593384, 0.7671428322792053
31, 19, 1, 87.65941660299995, 993672, 0.30887076258659363, 0.9020000100135803
31, 10, 1, 87.04198000500003, 993672, 0.5219413042068481, 0.830983579158783
31, 34, 1, 92.97573002099989, 993672, 0.4563785791397095, 0.8458914756774902
32, 16, 1, 24.271459771999844, 993672, 0.572336733341217, 0.8367741703987122
32, 29, 1, 26.646262204000095, 993672, 0.36100664734840393, 0.8972222208976746
32, 30, 1, 46.64004047000003, 993672, 0.503645658493042, 0.8196874856948853
32, 47, 1, 62.47136218599985, 993672, 0.7627354264259338, 0.7335714101791382
32, 27, 1, 46.02721531599991, 993672, 0.7555282115936279, 0.7051724195480347
32, 41, 1, 43.732017095000174, 993672, 0.3671432435512543, 0.897857129573822
32, 49, 1, 71.19155140900011, 993672, 0.3711880147457123, 0.8964948654174805
32, 13, 1, 71.43096091799998, 993672, 0.6795268058776855, 0.7665263414382935
32, 1, 1, 88.58842167199987, 993672, 0.6713830232620239, 0.7583470940589905
32, 36, 1, 90.60794313699989, 993672, 0.5420318245887756, 0.8146153688430786
32, 44, 1, 119.50635394699998, 993672, 0.7090998888015747, 0.7562264204025269
32, 33, 1, 104.10181632700005, 993672, 0.7730368375778198, 0.7192753553390503
33, 43, 1, 27.25418208999986, 993672, 0.2699078321456909, 0.930810809135437
33, 21, 1, 28.18718217499986, 993672, 0.5056067705154419, 0.8579487204551697
33, 0, 1, 21.887746416, 993672, 0.523780107498169, 0.8635714054107666
33, 25, 1, 47.19028631700007, 993672, 0.8021341562271118, 0.6211764812469482
33, 42, 1, 32.040945315000045, 993672, 0.5196364521980286, 0.8438095450401306
33, 15, 1, 57.41435506699986, 993672, 0.6552240252494812, 0.7661728262901306
33, 20, 1, 43.15110007599992, 993672, 0.32749220728874207, 0.9059649109840393
33, 3, 1, 75.61632759400004, 993672, 0.9320096373558044, 0.6147663593292236
33, 19, 1, 83.14490507799997, 993672, 0.29800257086753845, 0.9013333320617676
33, 34, 1, 89.77196769700004, 993672, 0.45019400119781494, 0.8567441701889038
33, 10, 1, 87.55673872400007, 993672, 0.5146081447601318, 0.8281967043876648
33, 24, 1, 106.29685681900014, 993672, 0.6300826072692871, 0.7918881177902222
34, 16, 1, 22.293635460999894, 993672, 0.5235880017280579, 0.8632258176803589
34, 27, 1, 41.914944286000036, 993672, 0.731674075126648, 0.7158620953559875
34, 29, 1, 27.805106285999955, 993672, 0.3614286780357361, 0.9011111259460449
34, 41, 1, 40.23029004399996, 993672, 0.3602977991104126, 0.8999999761581421
34, 45, 1, 62.68723997699999, 993672, 0.6430487632751465, 0.7783529162406921
34, 47, 1, 62.679698542000004, 993672, 0.7065738439559937, 0.7454761862754822
34, 13, 1, 71.90535865700008, 993672, 0.6696717739105225, 0.7755789756774902
34, 15, 1, 61.20244179600013, 993672, 0.6237322092056274, 0.7812345623970032
34, 5, 1, 62.60389347299997, 993672, 0.8656076788902283, 0.6604819297790527
34, 36, 1, 97.11170892199993, 993672, 0.5056372880935669, 0.8259999752044678
34, 33, 1, 102.24194138799999, 993672, 0.7274916768074036, 0.7321739196777344
34, 44, 1, 118.82301726500009, 993672, 0.7109813094139099, 0.7572327256202698
35, 0, 1, 20.272939772999962, 993672, 0.4748273193836212, 0.8771428465843201
35, 43, 1, 27.790255858000137, 993672, 0.22595573961734772, 0.9508107900619507
35, 21, 1, 27.866430451000042, 993672, 0.4856753647327423, 0.8676922917366028
35, 42, 1, 31.262235947000008, 993672, 0.4755983054637909, 0.8495237827301025
35, 20, 1, 41.25587815299991, 993672, 0.30460646748542786, 0.9161403775215149
35, 4, 1, 38.527090041000065, 993672, 0.7778319120407104, 0.727450966835022
35, 25, 1, 50.95188364799992, 993672, 0.7546010613441467, 0.643823504447937
35, 15, 1, 58.63383679499998, 993672, 0.5845892429351807, 0.790123462677002
35, 34, 1, 86.76923852300001, 993672, 0.43757501244544983, 0.8556588888168335
35, 19, 1, 88.37791058499988, 993672, 0.28691601753234863, 0.909500002861023
35, 24, 1, 102.82978633699997, 993672, 0.6096333861351013, 0.7967832088470459
35, 10, 1, 90.14389661900009, 993672, 0.5098205804824829, 0.8350819945335388
36, 41, 1, 41.858076226000094, 993672, 0.3483099639415741, 0.8985714316368103
36, 30, 1, 44.78367765000007, 993672, 0.49208059906959534, 0.8265625238418579
36, 29, 1, 27.97664377000001, 993672, 0.3288353383541107, 0.9077777862548828
36, 5, 1, 60.801123322999956, 993672, 0.8650357723236084, 0.6785542368888855
36, 45, 1, 61.176910891000034, 993672, 0.6374344825744629, 0.7809411883354187
36, 27, 1, 44.51367786499986, 993672, 0.7065980434417725, 0.72620689868927
36, 49, 1, 69.59472548300005, 993672, 0.35303357243537903, 0.9024742245674133
36, 13, 1, 67.948492515, 993672, 0.6625826358795166, 0.7703157663345337
36, 47, 1, 61.66112493899999, 993672, 0.7170996069908142, 0.7521428465843201
36, 28, 1, 71.89728439300006, 993672, 0.7014480829238892, 0.7554000020027161
36, 1, 1, 89.36792897700002, 993672, 0.6457374691963196, 0.7676032781600952
36, 44, 1, 113.260881961, 993672, 0.6880337595939636, 0.7641509175300598
37, 21, 1, 28.439304831999834, 993672, 0.5214331150054932, 0.8528205156326294
37, 43, 1, 27.370898087000114, 993672, 0.2975199520587921, 0.930270254611969
37, 0, 1, 20.856445208999958, 993672, 0.486935019493103, 0.875
37, 20, 1, 40.167063910000024, 993672, 0.32212063670158386, 0.9112280607223511
37, 42, 1, 29.421110308000152, 993672, 0.4583229720592499, 0.8638095259666443
37, 25, 1, 47.65611298199997, 993672, 0.8173179626464844, 0.6200000047683716
37, 3, 1, 76.5657362899999, 993672, 0.9275383949279785, 0.6203738451004028
37, 15, 1, 59.657185960000106, 993672, 0.637747049331665, 0.7762963175773621
37, 10, 1, 89.7739255009999, 993672, 0.49562737345695496, 0.8391803503036499
37, 34, 1, 91.66365787799987, 993672, 0.41664671897888184, 0.8623256087303162
37, 19, 1, 85.00951316700002, 993672, 0.27861499786376953, 0.906499981880188
37, 24, 1, 101.00701356900004, 993672, 0.6051182150840759, 0.7948251962661743
38, 16, 1, 23.222813035999934, 993672, 0.5177029371261597, 0.8509677648544312
38, 27, 1, 41.85166054399997, 993672, 0.6802728772163391, 0.7313793301582336
38, 23, 1, 43.40742034499999, 993672, 0.4647066593170166, 0.8483333587646484
38, 41, 1, 41.221908695000025, 993672, 0.34130826592445374, 0.9060714244842529
38, 29, 1, 26.033331265000015, 993672, 0.330141544342041, 0.9088888764381409
38, 5, 1, 59.37611662899985, 993672, 0.8262899518013, 0.6881927847862244
38, 45, 1, 61.43492008299995, 993672, 0.6112815737724304, 0.7839999794960022
38, 47, 1, 62.35732296700007, 993672, 0.6863309741020203, 0.7566666603088379
38, 15, 1, 59.45081077200007, 993672, 0.5862124562263489, 0.7896296381950378
38, 13, 1, 70.14900831800014, 993672, 0.6366930603981018, 0.7791578769683838
38, 36, 1, 94.30681496200009, 993672, 0.49481961131095886, 0.8304615616798401
38, 44, 1, 111.81664853999996, 993672, 0.6771103143692017, 0.7671698331832886
39, 0, 1, 20.892882076999967, 993672, 0.4670816957950592, 0.8764285445213318
39, 22, 1, 14.906189285999972, 993672, 0.4914747476577759, 0.8460000157356262
39, 42, 1, 31.14956353499997, 993672, 0.4641025960445404, 0.8566666841506958
39, 21, 1, 29.248121339999898, 993672, 0.4500027000904083, 0.8671795129776001
39, 20, 1, 44.539805201000036, 993672, 0.2777237892150879, 0.9245613813400269
39, 43, 1, 28.773524096999836, 993672, 0.23592911660671234, 0.9416216015815735
39, 4, 1, 36.325648253000054, 993672, 0.7621666193008423, 0.746666669845581
39, 15, 1, 61.113421548999895, 993672, 0.588824450969696, 0.7898765206336975
39, 19, 1, 86.81421064599999, 993672, 0.27482086420059204, 0.9111666679382324
39, 10, 1, 88.76327722600013, 993672, 0.4818340539932251, 0.8442623019218445
39, 24, 1, 107.046234443, 993672, 0.589622437953949, 0.7974824905395508
39, 34, 1, 97.13371132399999, 993672, 0.4122058153152466, 0.8658914566040039
40, 16, 1, 23.657087587999968, 993672, 0.47086989879608154, 0.8709677457809448
40, 41, 1, 40.34782829000005, 993672, 0.319987028837204, 0.9085714221000671
40, 27, 1, 43.622219942000015, 993672, 0.6692153215408325, 0.7386206984519958
40, 39, 1, 48.18755223400012, 993672, 0.6902859807014465, 0.7625806331634521
40, 29, 1, 27.279918241000132, 993672, 0.2987019121646881, 0.9255555272102356
40, 47, 1, 63.92061790700018, 993672, 0.6903146505355835, 0.7514285445213318
40, 13, 1, 71.59125107099999, 993672, 0.6182158589363098, 0.7911579012870789
40, 15, 1, 60.828412312999944, 993672, 0.578418493270874, 0.7980247139930725
40, 45, 1, 63.08206057899997, 993672, 0.5963597297668457, 0.792941153049469
40, 33, 1, 100.54169417, 993672, 0.7171249985694885, 0.7381159663200378
40, 36, 1, 99.64896403000012, 993672, 0.4853456914424896, 0.8326153755187988
40, 44, 1, 120.02697761000013, 993672, 0.6586282849311829, 0.7753459215164185
41, 0, 1, 20.122790807, 993672, 0.3983250558376312, 0.8921428322792053
41, 42, 1, 31.34347995500002, 993672, 0.4777013063430786, 0.8428571224212646
41, 22, 1, 16.31983947399999, 993672, 0.5264650583267212, 0.8330000042915344
41, 4, 1, 37.90671998799985, 993672, 0.7513338923454285, 0.7349019646644592
41, 20, 1, 40.767462550000005, 993672, 0.2709837257862091, 0.9245613813400269
41, 43, 1, 27.985962063999978, 993672, 0.20710235834121704, 0.9518918991088867
41, 21, 1, 30.11867357799997, 993672, 0.4289987087249756, 0.8810256123542786
41, 25, 1, 49.47013019999986, 993672, 0.7405956387519836, 0.6488234996795654
41, 34, 1, 95.68611231199998, 993672, 0.40580669045448303, 0.867131769657135
41, 19, 1, 90.28342157899988, 993672, 0.2737842798233032, 0.909333348274231
41, 24, 1, 106.03464704099997, 993672, 0.5721202492713928, 0.8023776412010193
41, 10, 1, 87.66823329299996, 993672, 0.44860151410102844, 0.8532786965370178
42, 29, 1, 25.388294605000056, 993672, 0.27936872839927673, 0.926111102104187
42, 16, 1, 24.977301145999945, 993672, 0.4632716476917267, 0.8716129064559937
42, 27, 1, 41.34078496799998, 993672, 0.6848489046096802, 0.7317241430282593
42, 47, 1, 59.74191860600013, 993672, 0.6813784837722778, 0.7552381157875061
42, 15, 1, 61.59043530500003, 993672, 0.5837200880050659, 0.7930864095687866
42, 45, 1, 62.13838463899992, 993672, 0.6056202054023743, 0.7887058854103088
42, 41, 1, 42.22892125699991, 993672, 0.3052474856376648, 0.9125000238418579
42, 13, 1, 72.34059750400002, 993672, 0.6129257678985596, 0.7898947596549988
42, 49, 1, 72.61298021999983, 993672, 0.3270638585090637, 0.9084535837173462
42, 36, 1, 93.20424141800004, 993672, 0.4706018269062042, 0.8383076786994934
42, 33, 1, 100.18630858300003, 993672, 0.7007967233657837, 0.7415941953659058
42, 44, 1, 122.40614430200003, 993672, 0.6519217491149902, 0.7755975127220154
43, 22, 1, 15.481039259999989, 993672, 0.5171821713447571, 0.8320000171661377
43, 0, 1, 20.86106453399998, 993672, 0.4344823360443115, 0.883571445941925
43, 4, 1, 36.42157539300001, 993672, 0.7411974668502808, 0.744705855846405
43, 20, 1, 43.12859540799991, 993672, 0.2550414502620697, 0.9280701875686646
43, 21, 1, 28.274599592999948, 993672, 0.42942002415657043, 0.8748717904090881
43, 15, 1, 58.58614113300001, 993672, 0.5526021122932434, 0.804444432258606
43, 11, 1, 82.59731189600006, 993672, 0.45377296209335327, 0.8339999914169312
43, 10, 1, 82.217813148, 993672, 0.45259764790534973, 0.854098379611969
43, 19, 1, 83.91110072700008, 993672, 0.26045477390289307, 0.9178333282470703
43, 34, 1, 90.98310417200014, 993672, 0.3861495554447174, 0.873023271560669
43, 40, 1, 77.19242399399991, 993672, 0.6098685264587402, 0.7948214411735535
43, 24, 1, 109.80105490000005, 993672, 0.5598218441009521, 0.8061538338661194
44, 16, 1, 22.82712447300014, 993672, 0.4624444842338562, 0.8600000143051147
44, 29, 1, 27.16224215200009, 993672, 0.280431866645813, 0.9177777767181396
44, 41, 1, 41.16887398999984, 993672, 0.30729493498802185, 0.9142857193946838
44, 47, 1, 62.735687461, 993672, 0.6848411560058594, 0.7590476274490356
44, 27, 1, 41.30938177500002, 993672, 0.6430619955062866, 0.7510344982147217
44, 5, 1, 59.520392869999995, 993672, 0.7955729365348816, 0.6980723142623901
44, 13, 1, 69.47325182500003, 993672, 0.6049720644950867, 0.7976841926574707
44, 49, 1, 69.24870728600013, 993672, 0.32413730025291443, 0.9068041443824768
44, 28, 1, 74.29453702200021, 993672, 0.6312658190727234, 0.7857999801635742
44, 36, 1, 91.39211962800005, 993672, 0.47759494185447693, 0.8353846073150635
44, 33, 1, 102.85497418699993, 993672, 0.705230712890625, 0.7378261089324951
44, 44, 1, 109.630353324, 993672, 0.6400197744369507, 0.7758490443229675
45, 0, 1, 21.296639583999877, 993672, 0.41239213943481445, 0.8935714364051819
45, 42, 1, 30.54851371399991, 993672, 0.46968212723731995, 0.8552380800247192
45, 4, 1, 34.86011097300002, 993672, 0.7450878024101257, 0.7403921484947205
45, 22, 1, 15.392252513999892, 993672, 0.4936935305595398, 0.8370000123977661
45, 21, 1, 28.068380855999976, 993672, 0.4367257058620453, 0.8748717904090881
45, 15, 1, 58.70502994900016, 993672, 0.5638769865036011, 0.8029629588127136
45, 20, 1, 41.23273016799999, 993672, 0.27787017822265625, 0.9231578707695007
45, 19, 1, 86.59758061399998, 993672, 0.2496359646320343, 0.918666660785675
45, 10, 1, 85.59401935899996, 993672, 0.4348227083683014, 0.8547540903091431
45, 34, 1, 92.81128726199995, 993672, 0.3843027353286743, 0.8764340877532959
45, 3, 1, 76.9578667620001, 993672, 0.8672490119934082, 0.6457943916320801
45, 24, 1, 102.35442596100006, 993672, 0.5634409189224243, 0.8082517385482788
46, 29, 1, 26.98788704699996, 993672, 0.2776964008808136, 0.9233333468437195
46, 16, 1, 24.782568115999993, 993672, 0.4484899938106537, 0.8722580671310425
46, 27, 1, 43.09562543900006, 993672, 0.6402942538261414, 0.7534482479095459
46, 41, 1, 43.64739457199994, 993672, 0.32574209570884705, 0.9064285755157471
46, 5, 1, 59.45290384300006, 993672, 0.7765745520591736, 0.6944578289985657
46, 45, 1, 63.276625590999856, 993672, 0.5655894875526428, 0.8063529133796692
46, 15, 1, 62.88985085399986, 993672, 0.5339956283569336, 0.8074073791503906
46, 47, 1, 62.6205779280001, 993672, 0.6421931982040405, 0.7726190686225891
46, 13, 1, 71.80095052299998, 993672, 0.5943204164505005, 0.7949473857879639
46, 36, 1, 96.91303786699996, 993672, 0.4431613087654114, 0.848153829574585
46, 33, 1, 104.81635883400008, 993672, 0.6742377281188965, 0.7504347562789917
46, 44, 1, 113.83671480299995, 993672, 0.6098386645317078, 0.7885534763336182
47, 22, 1, 14.89248920099999, 993672, 0.49626868963241577, 0.8479999899864197
47, 0, 1, 20.90431651500012, 993672, 0.4027518630027771, 0.8921428322792053
47, 21, 1, 27.60903566800016, 993672, 0.4092600345611572, 0.8846153616905212
47, 4, 1, 35.93448983799999, 993672, 0.724398136138916, 0.749803900718689
47, 42, 1, 29.532986622999942, 993672, 0.4527854025363922, 0.8590475916862488
47, 15, 1, 58.92739206600004, 993672, 0.5393507480621338, 0.8093827366828918
47, 20, 1, 41.305779082999834, 993672, 0.24684090912342072, 0.9287719130516052
47, 3, 1, 74.18427911699996, 993672, 0.8268671631813049, 0.662429928779602
47, 10, 1, 83.16781182000022, 993672, 0.43725669384002686, 0.8557376861572266
47, 19, 1, 87.56294358500008, 993672, 0.26663294434547424, 0.9136666655540466
47, 34, 1, 94.36433475699982, 993672, 0.3784036338329315, 0.8806201815605164
47, 24, 1, 103.65643184400005, 993672, 0.5453001260757446, 0.8131468296051025
48, 29, 1, 25.966648995000014, 993672, 0.27785927057266235, 0.9255555272102356
48, 27, 1, 40.144662596000046, 993672, 0.6351255178451538, 0.7448275685310364
48, 16, 1, 23.246859045999827, 993672, 0.4550930857658386, 0.8767741918563843
48, 41, 1, 39.11777323499996, 993672, 0.2964267432689667, 0.9171428680419922
48, 15, 1, 56.62958814999979, 993672, 0.5132032632827759, 0.8153086304664612
48, 47, 1, 58.16875676199993, 993672, 0.625455915927887, 0.7745237946510315
48, 7, 1, 65.29382603800013, 993672, 0.3992781639099121, 0.8704347610473633
48, 28, 1, 71.42274845799989, 993672, 0.6209699511528015, 0.7892000079154968
48, 45, 1, 64.47005420100004, 993672, 0.561805248260498, 0.8004705905914307
48, 13, 1, 69.18603785699997, 993672, 0.5928406715393066, 0.800631582736969
48, 36, 1, 95.09379743099998, 993672, 0.43591970205307007, 0.8513846397399902
48, 44, 1, 121.04787596099982, 993672, 0.6005749702453613, 0.796352207660675
49, 43, 1, 26.620867537999857, 993672, 0.21199245750904083, 0.952972948551178
49, 21, 1, 28.982940095999993, 993672, 0.41294369101524353, 0.882564127445221
49, 20, 1, 42.23292331200014, 993672, 0.2490830421447754, 0.9284210801124573
49, 0, 1, 23.483690932000172, 993672, 0.3970131576061249, 0.9007142782211304
49, 42, 1, 33.63875690400005, 993672, 0.45306360721588135, 0.8657143115997314
49, 4, 1, 39.976046807999865, 993672, 0.7042251825332642, 0.7556862831115723
49, 15, 1, 62.39303191499994, 993672, 0.5448778867721558, 0.8032099008560181
49, 3, 1, 77.98531123099997, 993672, 0.8350342512130737, 0.6525233387947083
49, 10, 1, 92.79674214800002, 993672, 0.42175960540771484, 0.8622950911521912
49, 19, 1, 91.82535297200002, 993672, 0.25359228253364563, 0.9161666631698608
49, 34, 1, 98.40183959000024, 993672, 0.35725098848342896, 0.8799999952316284
49, 24, 1, 110.59989407800003, 993672, 0.5310288667678833, 0.818881094455719
50, 16, 1, 23.576732713999945, 993672, 0.45015856623649597, 0.8722580671310425
50, 29, 1, 26.222207810999862, 993672, 0.28133484721183777, 0.9233333468437195
50, 27, 1, 41.83937619900007, 993672, 0.6227911114692688, 0.7568965554237366
50, 47, 1, 61.225000196999645, 993672, 0.6266982555389404, 0.776190459728241
50, 41, 1, 40.405399633000116, 993672, 0.28916895389556885, 0.9200000166893005
50, 15, 1, 58.32766219900009, 993672, 0.5163981914520264, 0.8103703856468201
50, 39, 1, 44.541005918999986, 993672, 0.6616450548171997, 0.7716128826141357
50, 13, 1, 66.34368729500011, 993672, 0.5666056871414185, 0.8052631616592407
50, 36, 1, 85.37835144600012, 993672, 0.4258207678794861, 0.8507692217826843
50, 49, 1, 68.32431473600013, 993672, 0.313429594039917, 0.9096907377243042
50, 44, 1, 114.47019348999993, 993672, 0.5715323686599731, 0.803144633769989
50, 33, 1, 103.28872184500005, 993672, 0.668016791343689, 0.7514492869377136
51, 17, 1, 6.049304936999988, 993672, 0.9195879101753235, 0.7028571367263794
51, 42, 1, 30.065153074000136, 993672, 0.4382506012916565, 0.8652380704879761
51, 22, 1, 15.655705861000115, 993672, 0.49331510066986084, 0.8529999852180481
51, 4, 1, 37.915186192999954, 993672, 0.7240738272666931, 0.7494117617607117
51, 20, 1, 41.23395961899996, 993672, 0.23844066262245178, 0.9326315522193909
51, 0, 1, 22.124924373000113, 993672, 0.38123878836631775, 0.9014285802841187
51, 15, 1, 59.20602080800006, 993672, 0.5119599103927612, 0.8128395080566406
51, 11, 1, 85.48326235099967, 993672, 0.425456702709198, 0.8386666774749756
51, 19, 1, 88.93787994200011, 993672, 0.24528510868549347, 0.921999990940094
51, 34, 1, 91.52406955200001, 993672, 0.35413041710853577, 0.885581374168396
51, 10, 1, 82.53923399799987, 993672, 0.4137823283672333, 0.8640983700752258
51, 24, 1, 106.89758258999996, 993672, 0.5329342484474182, 0.8165035247802734
52, 16, 1, 22.670122855000045, 993672, 0.44401276111602783, 0.8722580671310425
52, 43, 1, 27.001107916000137, 993672, 0.1879528909921646, 0.9583783745765686
52, 27, 1, 41.844215863000045, 993672, 0.6245229840278625, 0.7503448128700256
52, 39, 1, 44.6888243169999, 993672, 0.6304420232772827, 0.7812903523445129
52, 29, 1, 26.442838965000078, 993672, 0.23942101001739502, 0.9361110925674438
52, 23, 1, 42.33153679099996, 993672, 0.4288705289363861, 0.8553333282470703
52, 28, 1, 68.7317592830002, 993672, 0.5877863168716431, 0.79339998960495
52, 13, 1, 68.51174556499996, 993672, 0.5700510740280151, 0.8031578660011292
52, 47, 1, 61.073990657000195, 993672, 0.6271588802337646, 0.7799999713897705
52, 44, 1, 116.98499342000014, 993672, 0.577267587184906, 0.8030188679695129
52, 36, 1, 96.46188548700002, 993672, 0.42671382427215576, 0.8532307744026184
52, 33, 1, 103.88977295900008, 993672, 0.6438872218132019, 0.7575362324714661
53, 17, 1, 6.016818430000058, 993672, 0.8656516075134277, 0.699999988079071
53, 22, 1, 14.544511321999835, 993672, 0.4903785288333893, 0.8309999704360962
53, 4, 1, 36.887205198999936, 993672, 0.6953961849212646, 0.7650980353355408
53, 0, 1, 21.65112791599995, 993672, 0.3814429044723511, 0.8985714316368103
53, 20, 1, 40.87847020000004, 993672, 0.21967272460460663, 0.9375438690185547
53, 21, 1, 30.06551952000018, 993672, 0.395264208316803, 0.8897435665130615
53, 15, 1, 57.26060382899959, 993672, 0.5156338810920715, 0.8187654614448547
53, 10, 1, 89.88728198300032, 993672, 0.3942365348339081, 0.8726229667663574
53, 24, 1, 102.81341924399999, 993672, 0.5072879791259766, 0.8278321623802185
53, 11, 1, 89.94336644699979, 993672, 0.4239853024482727, 0.8448333144187927
53, 19, 1, 91.39100492900002, 993672, 0.23235660791397095, 0.9253333210945129
53, 34, 1, 95.07810328900018, 993672, 0.3338882029056549, 0.8875969052314758
54, 29, 1, 27.000864412000283, 993672, 0.2487265169620514, 0.9350000023841858
54, 41, 1, 40.808414127000106, 993672, 0.2860200107097626, 0.9182142615318298
54, 16, 1, 23.524293665000073, 993672, 0.4237450659275055, 0.8722580671310425
54, 27, 1, 41.98934248399996, 993672, 0.5803632736206055, 0.7827585935592651
54, 39, 1, 47.65817693100007, 993672, 0.6042472720146179, 0.7967742085456848
54, 13, 1, 70.40386802900002, 993672, 0.5566511750221252, 0.8113684058189392
54, 5, 1, 61.2985033760001, 993672, 0.7535033822059631, 0.7156626582145691
54, 47, 1, 61.27374731400005, 993672, 0.6171703338623047, 0.7749999761581421
54, 49, 1, 71.06743019500027, 993672, 0.29180121421813965, 0.9152577519416809
54, 36, 1, 95.85159074000012, 993672, 0.4116157293319702, 0.8607692122459412
54, 44, 1, 112.48562842499996, 993672, 0.5716367959976196, 0.801635205745697
54, 33, 1, 99.47190091199991, 993672, 0.6395779848098755, 0.7599999904632568
55, 17, 1, 5.851387294999995, 993672, 0.7727702260017395, 0.7428571581840515
55, 22, 1, 15.168197913000313, 993672, 0.46213778853416443, 0.8479999899864197
55, 4, 1, 36.32168555299995, 993672, 0.6909465193748474, 0.7588235139846802
55, 20, 1, 40.531125720999626, 993672, 0.23367181420326233, 0.9301754236221313
55, 0, 1, 22.15573280199999, 993672, 0.3780052959918976, 0.8949999809265137
55, 15, 1, 57.68886317700003, 993672, 0.5264779329299927, 0.8165432214736938
55, 10, 1, 87.56296012600001, 993672, 0.394388884305954, 0.8708196878433228
55, 34, 1, 91.56143795399976, 993672, 0.35098928213119507, 0.887441873550415
55, 3, 1, 75.72057660700011, 993672, 0.8258358240127563, 0.6618691682815552
55, 11, 1, 85.75150802600001, 993672, 0.4023911654949188, 0.8529999852180481
55, 19, 1, 85.38039527599994, 993672, 0.22747597098350525, 0.9246666431427002
55, 24, 1, 104.43564263100006, 993672, 0.5068448781967163, 0.8278321623802185
56, 29, 1, 26.253513169000144, 993672, 0.2512958347797394, 0.9255555272102356
56, 38, 1, 25.02819125799988, 993672, 0.7976018190383911, 0.7193939685821533
56, 30, 1, 44.98760116599988, 993672, 0.41235560178756714, 0.8453124761581421
56, 41, 1, 43.33913058400003, 993672, 0.2746252417564392, 0.918571412563324
56, 47, 1, 59.072109375999844, 993672, 0.6010438799858093, 0.7885714173316956
56, 23, 1, 44.79823099199996, 993672, 0.4009047746658325, 0.8706666827201843
56, 27, 1, 42.86489342499999, 993672, 0.5785764455795288, 0.7710344791412354
56, 48, 1, 81.88090374900003, 993672, 0.3970573842525482, 0.8657657504081726
56, 14, 1, 87.93425937200027, 993672, 0.5885972380638123, 0.7917355298995972
56, 1, 1, 90.81207451099999, 993672, 0.5719959139823914, 0.787933886051178
56, 6, 1, 91.46925822699995, 993672, 0.6565163135528564, 0.7595161199569702
56, 44, 1, 122.41565708000007, 993672, 0.5593158602714539, 0.803899347782135
57, 0, 1, 20.065069718000018, 993672, 0.3626544177532196, 0.8999999761581421
57, 16, 1, 21.926794122000047, 993672, 0.33746349811553955, 0.9083871245384216
57, 12, 1, 28.0875749180002, 993672, 0.4119347631931305, 0.8733333349227905
57, 20, 1, 41.30747158500026, 993672, 0.24043913185596466, 0.9319298267364502
57, 15, 1, 58.02616303500008, 993672, 0.5174919366836548, 0.8192592859268188
57, 3, 1, 78.57435937899982, 993672, 0.8082365393638611, 0.6657943725585938
57, 18, 1, 86.53872046800007, 993672, 0.18800562620162964, 0.9467796683311462
57, 19, 1, 85.86663917399983, 993672, 0.21426180005073547, 0.9268333315849304
57, 48, 1, 78.48124337200011, 993672, 0.3969660699367523, 0.8677477240562439
57, 40, 1, 80.44106103499962, 993672, 0.5390397906303406, 0.8100000023841858
57, 10, 1, 88.44698037499984, 993672, 0.37455010414123535, 0.8772131204605103
57, 36, 1, 92.90578214000016, 993672, 0.4106690287590027, 0.8570769429206848
58, 37, 1, 34.24401366300026, 993672, 0.48152628540992737, 0.8326530456542969
58, 0, 1, 22.272836776000076, 993672, 0.2835148572921753, 0.9128571152687073
58, 20, 1, 40.376360015000046, 993672, 0.18380647897720337, 0.948421061038971
58, 29, 1, 25.977717102000042, 993672, 0.24371837079524994, 0.9388889074325562
58, 30, 1, 44.709788002000096, 993672, 0.42010173201560974, 0.8578125238418579
58, 41, 1, 38.95694680800011, 993672, 0.2604770064353943, 0.9246428608894348
58, 15, 1, 59.49647488599976, 993672, 0.4918786883354187, 0.8229629397392273
58, 45, 1, 60.673856754999974, 993672, 0.5295003652572632, 0.8115293979644775
58, 28, 1, 70.3477876789998, 993672, 0.5620137453079224, 0.8019999861717224
58, 7, 1, 63.040802791999795, 993672, 0.37402263283729553, 0.8813043236732483
58, 9, 1, 96.51901907599995, 993672, 0.6751298904418945, 0.7577443718910217
58, 44, 1, 116.29063846000008, 993672, 0.534939169883728, 0.8162264227867126
59, 0, 1, 20.911132738000106, 993672, 0.30817869305610657, 0.918571412563324
59, 12, 1, 29.54089928600024, 993672, 0.40091341733932495, 0.8687179684638977
59, 43, 1, 26.636779384000192, 993672, 0.25017455220222473, 0.9383783936500549
59, 31, 1, 47.826722096000026, 993672, 0.645563542842865, 0.7581818103790283
59, 25, 1, 46.603697861, 993672, 0.7193948030471802, 0.6702941060066223
59, 21, 1, 29.201908410999977, 993672, 0.37419483065605164, 0.8943589925765991
59, 48, 1, 74.53992005000009, 993672, 0.399074912071228, 0.8709909915924072
59, 26, 1, 85.80571866599985, 993672, 0.5762818455696106, 0.8031666874885559
59, 10, 1, 88.19704953600012, 993672, 0.3783688545227051, 0.8726229667663574
59, 34, 1, 94.22276896499989, 993672, 0.3219682574272156, 0.8933333158493042
59, 40, 1, 81.17300522100004, 993672, 0.5272114872932434, 0.8121428489685059
59, 24, 1, 100.9910683840003, 993672, 0.4939844012260437, 0.8261538743972778
60, 17, 1, 6.328189463999934, 993672, 1.0283215045928955, 0.7228571176528931
60, 16, 1, 22.911863511000092, 993672, 0.4116189777851105, 0.8774193525314331
60, 41, 1, 40.176354541000364, 993672, 0.2816188335418701, 0.9203571677207947
60, 30, 1, 45.17185854099989, 993672, 0.41450488567352295, 0.8568750023841858
60, 29, 1, 26.437801629999967, 993672, 0.3043643832206726, 0.9205555319786072
60, 15, 1, 56.995518721999815, 993672, 0.5064257383346558, 0.8192592859268188
60, 45, 1, 62.231764495000334, 993672, 0.5526371002197266, 0.8108235001564026
60, 5, 1, 61.80757265700004, 993672, 0.7628640532493591, 0.7118072509765625
60, 13, 1, 69.8796290570001, 993672, 0.5379887819290161, 0.8138947486877441
60, 36, 1, 95.85414997500038, 993672, 0.40219682455062866, 0.8584615588188171
60, 33, 1, 97.98923046500022, 993672, 0.6367180943489075, 0.7636231780052185
60, 44, 1, 108.94405539400009, 993672, 0.5288063883781433, 0.8172327280044556
61, 43, 1, 26.583650089000002, 993672, 0.17775599658489227, 0.953513503074646
61, 42, 1, 30.012869214000148, 993672, 0.4130238890647888, 0.8709523677825928
61, 0, 1, 20.715448186999993, 993672, 0.34288302063941956, 0.9142857193946838
61, 20, 1, 40.39523045899978, 993672, 0.2088862657546997, 0.9389473795890808
61, 21, 1, 29.283411488999718, 993672, 0.37222617864608765, 0.892307698726654
61, 25, 1, 46.43351424599996, 993672, 0.6901232004165649, 0.6735293865203857
61, 4, 1, 36.77846957100019, 993672, 0.6612943410873413, 0.7737255096435547
61, 15, 1, 56.49021794000009, 993672, 0.4782254695892334, 0.8328394889831543
61, 10, 1, 87.56693542799985, 993672, 0.3632465600967407, 0.8783606290817261
61, 24, 1, 101.59213887500027, 993672, 0.4801541864871979, 0.8317482471466064
61, 19, 1, 83.56073288900006, 993672, 0.22324304282665253, 0.924833357334137
61, 34, 1, 92.54403965100005, 993672, 0.3232891261577606, 0.890852689743042
62, 16, 1, 22.67331399700015, 993672, 0.3774763345718384, 0.892903208732605
62, 29, 1, 27.26891826899964, 993672, 0.22433987259864807, 0.9399999976158142
62, 41, 1, 41.12406080899973, 993672, 0.23482978343963623, 0.9317857027053833
62, 27, 1, 43.232903047000036, 993672, 0.5791189670562744, 0.772068977355957
62, 45, 1, 60.57082575100003, 993672, 0.5146270394325256, 0.8214117884635925
62, 13, 1, 68.76948143999994, 993672, 0.5282745957374573, 0.808210551738739
62, 28, 1, 70.75312125200003, 993672, 0.5583356618881226, 0.8064000010490417
62, 47, 1, 59.807940413000324, 993672, 0.572185218334198, 0.7919047474861145
62, 5, 1, 60.01850290099992, 993672, 0.7164431214332581, 0.7226505875587463
62, 36, 1, 93.40114506700002, 993672, 0.3941342830657959, 0.86307692527771
62, 33, 1, 101.77453674300023, 993672, 0.6118414998054504, 0.7711594104766846
62, 44, 1, 110.619365733, 993672, 0.5252958536148071, 0.8177358508110046
63, 42, 1, 29.287492790000215, 993672, 0.40480563044548035, 0.8766666650772095
63, 0, 1, 21.12501557099995, 993672, 0.3524223864078522, 0.9085714221000671
63, 43, 1, 27.04818930600004, 993672, 0.15762555599212646, 0.9654054045677185
63, 21, 1, 30.039949937000074, 993672, 0.36822134256362915, 0.8892307877540588
63, 20, 1, 41.02414960900023, 993672, 0.21589207649230957, 0.9403508901596069
63, 4, 1, 38.399881425999865, 993672, 0.6531039476394653, 0.7737255096435547
63, 3, 1, 76.36790499199992, 993672, 0.7780755162239075, 0.681308388710022
63, 15, 1, 58.808196110999916, 993672, 0.4772460460662842, 0.8353086709976196
63, 10, 1, 88.66494233100002, 993672, 0.3579258322715759, 0.8798360824584961
63, 34, 1, 92.11097684200013, 993672, 0.30798208713531494, 0.8981395363807678
63, 24, 1, 100.04047918499964, 993672, 0.4725428819656372, 0.8365035057067871
63, 19, 1, 85.93340983300004, 993672, 0.21817877888679504, 0.9273333549499512
64, 41, 1, 41.81358718699994, 993672, 0.256771057844162, 0.9239285588264465
64, 27, 1, 42.85892783999998, 993672, 0.5750427842140198, 0.7782758474349976
64, 29, 1, 26.883588092000082, 993672, 0.24557079374790192, 0.9288889169692993
64, 16, 1, 24.41708575099983, 993672, 0.3733804523944855, 0.8909677267074585
64, 15, 1, 57.18647076399998, 993672, 0.4678305685520172, 0.8335802555084229
64, 37, 1, 36.897908070000085, 993672, 0.4744698107242584, 0.8404081463813782
64, 47, 1, 59.916365657999904, 993672, 0.5551512837409973, 0.7978571653366089
64, 39, 1, 43.53329328100017, 993672, 0.5915689468383789, 0.7996774315834045
64, 13, 1, 66.36511291899978, 993672, 0.5081106424331665, 0.819789469242096
64, 45, 1, 63.92890461099978, 993672, 0.49510324001312256, 0.8218823671340942
64, 36, 1, 91.96968539099998, 993672, 0.38991835713386536, 0.8621538281440735
64, 44, 1, 121.36877802900017, 993672, 0.5167848467826843, 0.8206289410591125
65, 0, 1, 21.595222696999826, 993672, 0.35307633876800537, 0.9135714173316956
65, 43, 1, 27.758867493000025, 993672, 0.16843204200267792, 0.9605405330657959
65, 21, 1, 28.199019186999976, 993672, 0.3396017253398895, 0.901025652885437
65, 20, 1, 41.588909176000016, 993672, 0.19458527863025665, 0.9473684430122375
65, 4, 1, 38.1706573890001, 993672, 0.6292644739151001, 0.7882353067398071
65, 15, 1, 58.47375305399987, 993672, 0.46076062321662903, 0.8370370268821716
65, 19, 1, 84.679749743, 993672, 0.21724210679531097, 0.9286666512489319
65, 34, 1, 87.05853617499997, 993672, 0.3144196569919586, 0.8948836922645569
65, 10, 1, 90.32184624999991, 993672, 0.3527899384498596, 0.8836065530776978
65, 3, 1, 73.927627863, 993672, 0.7688883543014526, 0.6777570247650146
65, 11, 1, 87.41803870399985, 993672, 0.383472204208374, 0.856333315372467
65, 24, 1, 104.87929510599997, 993672, 0.4682547450065613, 0.8351048827171326
66, 16, 1, 23.9570375899998, 993672, 0.3671540319919586, 0.9051612615585327
66, 29, 1, 26.40153088399984, 993672, 0.24007268249988556, 0.9322222471237183
66, 30, 1, 44.36424007400001, 993672, 0.40101101994514465, 0.8578125238418579
66, 27, 1, 42.01247112100009, 993672, 0.5392234921455383, 0.7906896471977234
66, 47, 1, 60.532802762999836, 993672, 0.5451368093490601, 0.8023809790611267
66, 41, 1, 38.994690318000266, 993672, 0.2261136919260025, 0.9371428489685059
66, 13, 1, 67.6992848560003, 993672, 0.5106959342956543, 0.8237894773483276
66, 1, 1, 87.88857211300001, 993672, 0.5422102808952332, 0.8016529083251953
66, 49, 1, 68.95602518299984, 993672, 0.2791408896446228, 0.9189690947532654
66, 36, 1, 93.00550782999971, 993672, 0.377713143825531, 0.8732307553291321
66, 33, 1, 101.08006791200023, 993672, 0.5930533409118652, 0.7814492583274841
66, 44, 1, 116.51568030999988, 993672, 0.5072739720344543, 0.8223899602890015
67, 17, 1, 5.884606544000235, 993672, 0.6893629431724548, 0.7571428418159485
67, 22, 1, 14.929462780999984, 993672, 0.429502010345459, 0.8669999837875366
67, 0, 1, 21.172606604000066, 993672, 0.3677397668361664, 0.9107142686843872
67, 20, 1, 40.66858894400002, 993672, 0.1925465166568756, 0.9473684430122375
67, 4, 1, 37.94342778200007, 993672, 0.6701657772064209, 0.7658823728561401
67, 15, 1, 58.38748907799982, 993672, 0.4666876494884491, 0.8288888931274414
67, 3, 1, 76.27748263299986, 993672, 0.7637529373168945, 0.6796261668205261
67, 40, 1, 80.47010694200026, 993672, 0.5149982571601868, 0.8205357193946838
67, 19, 1, 85.3880956779999, 993672, 0.20959724485874176, 0.9325000047683716
67, 11, 1, 89.90598825699999, 993672, 0.3839634954929352, 0.856333315372467
67, 34, 1, 91.24276952799983, 993672, 0.3053469955921173, 0.9009302258491516
67, 10, 1, 89.93516608000027, 993672, 0.3510853350162506, 0.8847541213035583
68, 16, 1, 24.02908790299989, 993672, 0.35273462533950806, 0.9051612615585327
68, 29, 1, 26.675469707000047, 993672, 0.2205667495727539, 0.9355555772781372
68, 27, 1, 43.4522934810002, 993672, 0.5314562916755676, 0.7968965768814087
68, 43, 1, 28.17370250399972, 993672, 0.1655150055885315, 0.9621621370315552
68, 39, 1, 47.178685490000134, 993672, 0.5554806590080261, 0.8074193596839905
68, 47, 1, 60.1590565180004, 993672, 0.5549126863479614, 0.8066666722297668
68, 23, 1, 43.66191139200009, 993672, 0.3486190736293793, 0.8856666684150696
68, 49, 1, 70.39945003599996, 993672, 0.2640041708946228, 0.9251546263694763
68, 13, 1, 68.06243153299965, 993672, 0.488600492477417, 0.8351578712463379
68, 36, 1, 95.06409334799991, 993672, 0.381937712430954, 0.8659999966621399
68, 33, 1, 100.90663628099992, 993672, 0.5921010375022888, 0.7723188400268555
68, 44, 1, 114.32129990000021, 993672, 0.49734875559806824, 0.8305660486221313
69, 17, 1, 6.038718676999906, 993672, 0.8180404901504517, 0.7485714554786682
69, 22, 1, 15.187088840999877, 993672, 0.424746036529541, 0.8650000095367432
69, 4, 1, 37.14652153299994, 993672, 0.6371196508407593, 0.7803921699523926
69, 0, 1, 22.55662040099969, 993672, 0.3419768512248993, 0.9064285755157471
69, 15, 1, 61.610837762999836, 993672, 0.4630412459373474, 0.834074079990387
69, 20, 1, 42.38014512000018, 993672, 0.18063466250896454, 0.9477192759513855
69, 3, 1, 78.40799483899991, 993672, 0.7490376234054565, 0.6932710409164429
69, 19, 1, 85.9147799970001, 993672, 0.2031642645597458, 0.9318333268165588
69, 10, 1, 89.77679525400026, 993672, 0.33500102162361145, 0.8886885046958923
69, 34, 1, 96.33428944900015, 993672, 0.2967148423194885, 0.8995348811149597
69, 11, 1, 88.36487447299987, 993672, 0.3578432500362396, 0.8628333210945129
69, 24, 1, 104.03296214199963, 993672, 0.46117517352104187, 0.8387412428855896
70, 16, 1, 24.29717440100012, 993672, 0.3568650484085083, 0.9019354581832886
70, 43, 1, 26.65805973600027, 993672, 0.13515472412109375, 0.9691891670227051
70, 29, 1, 27.169961975000206, 993672, 0.21892404556274414, 0.9411110877990723
70, 27, 1, 43.591454670000076, 993672, 0.5417131781578064, 0.7948275804519653
70, 41, 1, 42.083207866000066, 993672, 0.22715814411640167, 0.927142858505249
70, 23, 1, 44.392900557000075, 993672, 0.3391016125679016, 0.8913333415985107
70, 47, 1, 62.386261531999935, 993672, 0.5611652135848999, 0.7971428632736206
70, 13, 1, 70.44978124099998, 993672, 0.5123329758644104, 0.824210524559021
70, 49, 1, 70.3764930780003, 993672, 0.2569076418876648, 0.9257732033729553
70, 36, 1, 97.73953691800034, 993672, 0.37129098176956177, 0.8700000047683716
70, 33, 1, 104.4320193120002, 993672, 0.5749443769454956, 0.7850724458694458
70, 44, 1, 114.32843759100024, 993672, 0.48400965332984924, 0.8358490467071533
71, 0, 1, 20.170584446000248, 993672, 0.3167295753955841, 0.9121428728103638
71, 22, 1, 14.661247679999633, 993672, 0.4138316810131073, 0.8709999918937683
71, 17, 1, 7.622511411999767, 993672, 0.6977517008781433, 0.7657142877578735
71, 4, 1, 37.748736089999966, 993672, 0.6140849590301514, 0.7850980162620544
71, 21, 1, 29.079428743000335, 993672, 0.3226419985294342, 0.8989743590354919
71, 20, 1, 40.16124431599974, 993672, 0.19036610424518585, 0.9463157653808594
71, 15, 1, 58.796790297999905, 993672, 0.4621960520744324, 0.8355555534362793
71, 11, 1, 90.47943088800002, 993672, 0.35752856731414795, 0.8688333630561829
71, 34, 1, 93.3812171730001, 993672, 0.2973096966743469, 0.9003100991249084
71, 19, 1, 88.21154085299986, 993672, 0.2045527547597885, 0.9316666722297668
71, 10, 1, 88.21929744999989, 993672, 0.3262391686439514, 0.8931147456169128
71, 24, 1, 107.55723988199998, 993672, 0.4548981189727783, 0.8427972197532654
72, 16, 1, 23.88533763600003, 993672, 0.34833452105522156, 0.9038709402084351
72, 29, 1, 28.33236559299985, 993672, 0.19794967770576477, 0.9399999976158142
72, 27, 1, 40.13304341000003, 993672, 0.5451249480247498, 0.7893103361129761
72, 23, 1, 43.938057625000056, 993672, 0.3265279233455658, 0.8899999856948853
72, 39, 1, 43.62650876199996, 993672, 0.5249678492546082, 0.8174193501472473
72, 13, 1, 66.34492685399982, 993672, 0.4990261197090149, 0.8246315717697144
72, 47, 1, 61.003660240000045, 993672, 0.5491337776184082, 0.8090476393699646
72, 49, 1, 72.33181858699982, 993672, 0.25230327248573303, 0.9232989549636841
72, 32, 1, 107.8727812699999, 993672, 0.39652884006500244, 0.8529801368713379
72, 36, 1, 94.94362837200015, 993672, 0.3578227460384369, 0.8758461475372314
72, 44, 1, 115.69618849400013, 993672, 0.47518205642700195, 0.8374843001365662
72, 33, 1, 103.03580834200011, 993672, 0.5678266286849976, 0.7876811623573303
73, 17, 1, 5.713723540000046, 993672, 0.853404700756073, 0.7514285445213318
73, 0, 1, 20.90658197399989, 993672, 0.33041563630104065, 0.9071428775787354
73, 22, 1, 14.54846143900022, 993672, 0.4593742787837982, 0.8500000238418579
73, 20, 1, 40.003328162000344, 993672, 0.1999790519475937, 0.9431579113006592
73, 4, 1, 36.59673705000023, 993672, 0.6511203050613403, 0.772156834602356
73, 15, 1, 57.411561072999575, 993672, 0.46877843141555786, 0.8333333134651184
73, 45, 1, 62.67905745899998, 993672, 0.5024022459983826, 0.824470579624176
73, 34, 1, 89.70765758300013, 993672, 0.28374359011650085, 0.9049612283706665
73, 3, 1, 77.79516306899995, 993672, 0.7561191916465759, 0.6844859719276428
73, 24, 1, 100.07433851099995, 993672, 0.45007839798927307, 0.8429370522499084
73, 11, 1, 88.11994387999994, 993672, 0.3491268754005432, 0.8713333606719971
73, 19, 1, 86.8929229549999, 993672, 0.20656614005565643, 0.9313333630561829
74, 16, 1, 22.89780503799966, 993672, 0.33085328340530396, 0.8980644941329956
74, 29, 1, 27.412270359000104, 993672, 0.20399188995361328, 0.9427777528762817
74, 43, 1, 28.878454187999978, 993672, 0.1399749368429184, 0.9675675630569458
74, 27, 1, 41.644507111000166, 993672, 0.5259048342704773, 0.7931034564971924
74, 25, 1, 49.660888628000066, 993672, 0.6268107891082764, 0.695588231086731
74, 47, 1, 58.65354135899997, 993672, 0.5273194313049316, 0.805476188659668
74, 23, 1, 43.18355134600006, 993672, 0.3380942940711975, 0.8863333463668823
74, 13, 1, 71.31844714399995, 993672, 0.47973957657814026, 0.8275789618492126
74, 36, 1, 91.56153181799982, 993672, 0.3478287160396576, 0.8795384764671326
74, 35, 1, 87.7376553629997, 993672, 0.5886911153793335, 0.7917460203170776
74, 48, 1, 80.70223480200002, 993672, 0.36407220363616943, 0.8778378367424011
74, 44, 1, 123.08847685, 993672, 0.4765715003013611, 0.8324528336524963
75, 20, 1, 41.73533697699986, 993672, 0.19846481084823608, 0.9424561262130737
75, 0, 1, 22.64934905400014, 993672, 0.3420250117778778, 0.9142857193946838
75, 12, 1, 30.520728626000164, 993672, 0.3761375844478607, 0.8841025829315186
75, 46, 1, 51.87617872100009, 993672, 0.35099488496780396, 0.879420280456543
75, 4, 1, 41.30699718300002, 993672, 0.5827164053916931, 0.7980391979217529
75, 15, 1, 61.636989587000016, 993672, 0.45686715841293335, 0.8293827176094055
75, 3, 1, 80.3523545349999, 993672, 0.7376179695129395, 0.6947663426399231
75, 40, 1, 84.46494077299985, 993672, 0.46756356954574585, 0.8358928561210632
75, 11, 1, 91.05786910500001, 993672, 0.3486458659172058, 0.8708333373069763
75, 10, 1, 91.58090670900037, 993672, 0.3220219910144806, 0.8916393518447876
75, 24, 1, 107.90789999899971, 993672, 0.44566458463668823, 0.8458741307258606
75, 34, 1, 92.74541976199998, 993672, 0.2828736901283264, 0.908527135848999
76, 17, 1, 6.474899164999897, 993672, 0.7977144122123718, 0.7657142877578735
76, 29, 1, 27.574568120000094, 993672, 0.22872692346572876, 0.9361110925674438
76, 27, 1, 41.30620500699979, 993672, 0.5148634314537048, 0.8048275709152222
76, 38, 1, 25.779966954999963, 993672, 0.6947417259216309, 0.7509090900421143
76, 30, 1, 46.407650230999934, 993672, 0.3692187964916229, 0.8740624785423279
76, 39, 1, 47.60197619499968, 993672, 0.5205946564674377, 0.8229032158851624
76, 23, 1, 45.771227898000234, 993672, 0.33541959524154663, 0.8870000243186951
76, 41, 1, 40.857059772999946, 993672, 0.24435454607009888, 0.9292857050895691
76, 47, 1, 62.58709634500019, 993672, 0.5304166674613953, 0.805476188659668
76, 7, 1, 65.35795741599986, 993672, 0.322467178106308, 0.8973913192749023
76, 13, 1, 68.80024981199995, 993672, 0.47133034467697144, 0.8320000171661377
76, 44, 1, 121.44414593200008, 993672, 0.47101908922195435, 0.8371069431304932
77, 0, 1, 21.732013023999798, 993672, 0.31326061487197876, 0.9150000214576721
77, 12, 1, 29.45810726799982, 993672, 0.3636101186275482, 0.8820512890815735
77, 43, 1, 28.68984017899993, 993672, 0.17781531810760498, 0.9583783745765686
77, 21, 1, 28.41668988399988, 993672, 0.3214804232120514, 0.8989743590354919
77, 20, 1, 41.91979300000003, 993672, 0.20309214293956757, 0.9459649324417114
77, 25, 1, 50.127308445999915, 993672, 0.6949195265769958, 0.6911764740943909
77, 40, 1, 78.65161577900017, 993672, 0.4630248546600342, 0.8383928537368774
77, 15, 1, 59.47968774999981, 993672, 0.4737965166568756, 0.8298765420913696
77, 34, 1, 94.84081890799962, 993672, 0.263126939535141, 0.9114728569984436
77, 3, 1, 78.52906361199985, 993672, 0.7570361495018005, 0.6897196173667908
77, 10, 1, 86.61651523399996, 993672, 0.2994205057621002, 0.8996721506118774
77, 24, 1, 105.96282075599993, 993672, 0.43310484290122986, 0.852027952671051
78, 17, 1, 5.806735040000149, 993672, 0.9635517001152039, 0.7542856931686401
78, 16, 1, 22.91995501600013, 993672, 0.33750098943710327, 0.9025806188583374
78, 41, 1, 42.069931104999796, 993672, 0.23196734488010406, 0.9339285492897034
78, 23, 1, 44.08338911200008, 993672, 0.3151414692401886, 0.8970000147819519
78, 29, 1, 25.83054692299993, 993672, 0.26021936535835266, 0.9350000023841858
78, 30, 1, 45.631441914000334, 993672, 0.3868328928947449, 0.862500011920929
78, 13, 1, 68.06510913399961, 993672, 0.45360705256462097, 0.8442105054855347
78, 27, 1, 43.3811601970001, 993672, 0.5147486329078674, 0.8158620595932007
78, 49, 1, 70.67353531899994, 993672, 0.25804606080055237, 0.9222680330276489
78, 36, 1, 93.97187567799983, 993672, 0.3550157845020294, 0.8781538605690002
78, 33, 1, 103.96883768099997, 993672, 0.5532976388931274, 0.7917391061782837
78, 44, 1, 115.58221788299988, 993672, 0.46171993017196655, 0.8408805131912231
79, 0, 1, 20.33030387000008, 993672, 0.33360376954078674, 0.9107142686843872
79, 42, 1, 30.804874517999906, 993672, 0.39319100975990295, 0.8657143115997314
79, 4, 1, 37.00505281100004, 993672, 0.6184104084968567, 0.7847058773040771
79, 43, 1, 27.290152945000045, 993672, 0.14702750742435455, 0.9616216421127319
79, 20, 1, 43.42014351100033, 993672, 0.16773371398448944, 0.9536842107772827
79, 15, 1, 58.366086343000006, 993672, 0.4462108314037323, 0.8444444537162781
79, 11, 1, 89.18327895799985, 993672, 0.337164968252182, 0.8709999918937683
79, 3, 1, 79.9392358199998, 993672, 0.7327883839607239, 0.7013084292411804
79, 24, 1, 103.5890397320004, 993672, 0.42976126074790955, 0.8542657494544983
79, 19, 1, 86.9076547210002, 993672, 0.20328158140182495, 0.9325000047683716
79, 10, 1, 86.48494141299989, 993672, 0.30667078495025635, 0.8990163803100586
79, 34, 1, 95.82184525000002, 993672, 0.2649553418159485, 0.9124031066894531
80, 29, 1, 27.32321825600002, 993672, 0.18879979848861694, 0.9472222328186035
80, 16, 1, 22.86381708800036, 993672, 0.32966136932373047, 0.896774172782898
80, 39, 1, 44.21205420499973, 993672, 0.5059148073196411, 0.8290322422981262
80, 27, 1, 44.77671203299997, 993672, 0.5269383192062378, 0.7972413897514343
80, 23, 1, 44.351757851, 993672, 0.3032994270324707, 0.9026666879653931
80, 28, 1, 71.33052823900016, 993672, 0.5161051750183105, 0.8166000247001648
80, 47, 1, 60.45716999099977, 993672, 0.5080816149711609, 0.8188095092773438
80, 13, 1, 67.74701994599991, 993672, 0.46046772599220276, 0.843368411064148
80, 49, 1, 69.34187860899965, 993672, 0.2367245852947235, 0.9296907186508179
80, 36, 1, 90.41463912200015, 993672, 0.34559211134910583, 0.8821538686752319
80, 33, 1, 94.13321021799993, 993672, 0.5443978309631348, 0.7969565391540527
80, 44, 1, 110.94470251499979, 993672, 0.44788670539855957, 0.8440251350402832
81, 17, 1, 6.136530576000041, 993672, 0.6931065320968628, 0.7828571200370789
81, 22, 1, 15.084358545000214, 993672, 0.416057288646698, 0.8610000014305115
81, 20, 1, 41.33671367499983, 993672, 0.1772485375404358, 0.9491227865219116
81, 4, 1, 38.832220366, 993672, 0.606869637966156, 0.7905882596969604
81, 0, 1, 21.855622424000103, 993672, 0.31278786063194275, 0.9221428632736206
81, 15, 1, 60.16224971699967, 993672, 0.4498642385005951, 0.8402469158172607
81, 3, 1, 75.18645680300006, 993672, 0.7184816002845764, 0.7037383317947388
81, 19, 1, 81.18570467200016, 993672, 0.19697043299674988, 0.9333333373069763
81, 11, 1, 85.8779258730001, 993672, 0.33058977127075195, 0.8778333067893982
81, 24, 1, 102.027373678, 993672, 0.4208272099494934, 0.8532866835594177
81, 10, 1, 88.643293094, 993672, 0.29368001222610474, 0.9060655832290649
81, 34, 1, 91.33175927599996, 993672, 0.2707711160182953, 0.9069767594337463
82, 16, 1, 22.953412922000098, 993672, 0.32803875207901, 0.9083871245384216
82, 29, 1, 26.27699680400019, 993672, 0.19685769081115723, 0.9466666579246521
82, 23, 1, 42.74707704699995, 993672, 0.2946526110172272, 0.9046666622161865
82, 39, 1, 44.33645163900019, 993672, 0.5006670951843262, 0.8287096619606018
82, 27, 1, 39.639091020999786, 993672, 0.5126664638519287, 0.7986207008361816
82, 13, 1, 70.27883498200026, 993672, 0.4660620391368866, 0.8431578874588013
82, 49, 1, 72.04747413399991, 993672, 0.23718291521072388, 0.9280412197113037
82, 47, 1, 61.23912220500006, 993672, 0.5105141401290894, 0.817380964756012
82, 28, 1, 71.52268856699993, 993672, 0.5061131119728088, 0.8274000287055969
82, 36, 1, 93.54356579199998, 993672, 0.3350713551044464, 0.8853846192359924
82, 33, 1, 103.44230168499962, 993672, 0.5377617478370667, 0.7976811528205872
82, 44, 1, 119.84658554800035, 993672, 0.438554584980011, 0.8450314402580261
83, 17, 1, 5.879506110999955, 993672, 0.7424458265304565, 0.7857142686843872
83, 22, 1, 15.289211673999944, 993672, 0.4126679301261902, 0.875
83, 0, 1, 22.020858895999936, 993672, 0.3052261471748352, 0.918571412563324
83, 43, 1, 28.812840589999723, 993672, 0.14490899443626404, 0.9659459590911865
83, 42, 1, 32.34912606600028, 993672, 0.3925451338291168, 0.8776190280914307
83, 25, 1, 52.00475651399984, 993672, 0.6531115770339966, 0.7020588517189026
83, 15, 1, 55.92270840399988, 993672, 0.4579339921474457, 0.8414815068244934
83, 20, 1, 41.34026991199971, 993672, 0.1574798971414566, 0.9592982530593872
83, 3, 1, 78.03069371699985, 993672, 0.7140334844589233, 0.7074766159057617
83, 11, 1, 86.15376932200002, 993672, 0.32104843854904175, 0.8830000162124634
83, 34, 1, 89.8515015590001, 993672, 0.25263917446136475, 0.9141085147857666
83, 24, 1, 103.21533549099968, 993672, 0.40806856751441956, 0.855524480342865
84, 22, 1, 15.764274171000125, 993672, 0.4254992604255676, 0.8479999899864197
84, 38, 1, 24.065130052000086, 993672, 0.7080166339874268, 0.753333330154419
84, 29, 1, 26.46251958599987, 993672, 0.20108318328857422, 0.9444444179534912
84, 16, 1, 23.57341835599982, 993672, 0.32725462317466736, 0.9058064222335815
84, 23, 1, 44.37280482699998, 993672, 0.3296055197715759, 0.8946666717529297
84, 47, 1, 61.6031512510001, 993672, 0.5078756809234619, 0.8157142996788025
84, 27, 1, 42.67250784399994, 993672, 0.5201667547225952, 0.8041379451751709
84, 41, 1, 39.23285941599988, 993672, 0.21725071966648102, 0.9353571534156799
84, 39, 1, 46.5118577799999, 993672, 0.516287624835968, 0.8254838585853577
84, 36, 1, 86.93883195099988, 993672, 0.3240150213241577, 0.8866153955459595
84, 13, 1, 71.83650636500033, 993672, 0.46283695101737976, 0.8347368240356445
84, 44, 1, 119.5172197920001, 993672, 0.44260647892951965, 0.8416352272033691
85, 21, 1, 28.064864233999742, 993672, 0.3065647780895233, 0.9092307686805725
85, 0, 1, 21.808047826999882, 993672, 0.2965388596057892, 0.9221428632736206
85, 4, 1, 38.68841505, 993672, 0.599913477897644, 0.7921568751335144
85, 20, 1, 41.06093420799971, 993672, 0.16372515261173248, 0.956491231918335
85, 15, 1, 59.060238500000196, 993672, 0.44998157024383545, 0.8395061492919922
85, 40, 1, 83.37400852100018, 993672, 0.45902183651924133, 0.8358928561210632
85, 34, 1, 96.197131163, 993672, 0.24516570568084717, 0.9186046719551086
85, 24, 1, 96.73948108800005, 993672, 0.4121640622615814, 0.8558042049407959
85, 9, 1, 96.95958434600016, 993672, 0.6258091330528259, 0.7726315855979919
85, 3, 1, 80.00525327200012, 993672, 0.7027885913848877, 0.7164486050605774
85, 11, 1, 88.10349515499979, 993672, 0.31913861632347107, 0.8840000033378601
85, 10, 1, 93.02739689300006, 993672, 0.3092934787273407, 0.8986884951591492
86, 16, 1, 22.759906823000165, 993672, 0.3390142321586609, 0.9045161008834839
86, 29, 1, 27.861405656999978, 993672, 0.22903728485107422, 0.9449999928474426
86, 27, 1, 43.55718005799963, 993672, 0.5127230286598206, 0.8100000023841858
86, 5, 1, 60.06069561099957, 993672, 0.6762925982475281, 0.7455421686172485
86, 13, 1, 68.94937771700006, 993672, 0.43763014674186707, 0.8532631397247314
86, 47, 1, 62.62458353300008, 993672, 0.498209685087204, 0.8226190209388733
86, 14, 1, 86.23507718500014, 993672, 0.5252079367637634, 0.8170247673988342
86, 33, 1, 97.55264346700005, 993672, 0.5402078628540039, 0.7992753386497498
86, 2, 1, 77.60459885299997, 993672, 0.7841928005218506, 0.7219417691230774
86, 41, 1, 41.17858621200003, 993672, 0.2226928025484085, 0.9346428513526917
86, 36, 1, 97.83446843299998, 993672, 0.32724884152412415, 0.8836923241615295
86, 44, 1, 118.54407283199998, 993672, 0.4148758351802826, 0.8594968318939209
87, 21, 1, 28.673036191999927, 993672, 0.2917308211326599, 0.9123076796531677
87, 37, 1, 35.99353016399982, 993672, 0.4242033064365387, 0.8579592108726501
87, 42, 1, 32.84741248099999, 993672, 0.33695337176322937, 0.883809506893158
87, 4, 1, 37.71828818999984, 993672, 0.5917811393737793, 0.7898039221763611
87, 0, 1, 22.08242397899994, 993672, 0.30517759919166565, 0.9278571605682373
87, 20, 1, 40.47136308299969, 993672, 0.16173511743545532, 0.952982485294342
87, 15, 1, 60.39718459000005, 993672, 0.4467036724090576, 0.8417283892631531
87, 3, 1, 77.43118972000002, 993672, 0.6944751143455505, 0.7248598337173462
87, 19, 1, 81.8711495309999, 993672, 0.1944894790649414, 0.9313333630561829
87, 10, 1, 90.03452710400006, 993672, 0.29031068086624146, 0.9065573811531067
87, 24, 1, 100.81649810699992, 993672, 0.40353453159332275, 0.8620979189872742
87, 34, 1, 98.5304365930001, 993672, 0.2535668611526489, 0.9159690141677856
88, 16, 1, 22.875698227999692, 993672, 0.32226136326789856, 0.9154838919639587
88, 29, 1, 26.535616350000055, 993672, 0.19148361682891846, 0.9466666579246521
88, 41, 1, 41.1137163669996, 993672, 0.20850156247615814, 0.941428542137146
88, 39, 1, 46.835781316000066, 993672, 0.4756831228733063, 0.8367741703987122
88, 27, 1, 40.85695236200036, 993672, 0.469627320766449, 0.8234483003616333
88, 7, 1, 64.64334609800017, 993672, 0.29717567563056946, 0.9017391204833984
88, 47, 1, 63.125113575999876, 993672, 0.4911196827888489, 0.8252381086349487
88, 13, 1, 68.20730668999977, 993672, 0.41991376876831055, 0.8534736633300781
88, 5, 1, 62.47718510999994, 993672, 0.6651912331581116, 0.7445783019065857
88, 28, 1, 73.41230556100027, 993672, 0.4859943985939026, 0.829200029373169
88, 36, 1, 96.0935255129998, 993672, 0.3237736225128174, 0.8876923322677612
88, 44, 1, 115.21006545599994, 993672, 0.39888206124305725, 0.8620125651359558
89, 0, 1, 19.932235710999976, 993672, 0.29266226291656494, 0.9235714077949524
89, 43, 1, 28.698190849000184, 993672, 0.15025852620601654, 0.9664865136146545
89, 21, 1, 28.75332132199992, 993672, 0.32476264238357544, 0.9061538577079773
89, 42, 1, 33.40311439700008, 993672, 0.37200117111206055, 0.8828571438789368
89, 20, 1, 42.383470477999936, 993672, 0.1828487515449524, 0.9480701684951782
89, 25, 1, 50.45755075900024, 993672, 0.6494281888008118, 0.7155882120132446
89, 15, 1, 60.78691612600005, 993672, 0.44300034642219543, 0.8432098627090454
89, 3, 1, 81.62878304800006, 993672, 0.7106157541275024, 0.705233633518219
89, 19, 1, 84.00423441999965, 993672, 0.1897694319486618, 0.9351666569709778
89, 10, 1, 89.578525421, 993672, 0.2894853353500366, 0.904754102230072
89, 34, 1, 92.76651908099984, 993672, 0.24655477702617645, 0.9215503931045532
89, 24, 1, 105.84452222399977, 993672, 0.3880801200866699, 0.862797200679779
90, 29, 1, 25.269525927999894, 993672, 0.20151814818382263, 0.9449999928474426
90, 16, 1, 23.48625987699961, 993672, 0.3021085560321808, 0.9122580885887146
90, 37, 1, 37.48704598799986, 993672, 0.4090311825275421, 0.8661224246025085
90, 41, 1, 43.84587557299983, 993672, 0.18785034120082855, 0.9474999904632568
90, 27, 1, 44.53060249500004, 993672, 0.4717632830142975, 0.8144827485084534
90, 47, 1, 61.11269457899971, 993672, 0.4654425382614136, 0.8316666483879089
90, 15, 1, 61.727543764000075, 993672, 0.3980991840362549, 0.8627160787582397
90, 45, 1, 62.25329844399994, 993672, 0.47398778796195984, 0.8320000171661377
90, 13, 1, 71.67967105100024, 993672, 0.4342694878578186, 0.8452631831169128
90, 5, 1, 59.34456268099984, 993672, 0.6527822613716125, 0.7489156723022461
90, 44, 1, 119.70900495900014, 993672, 0.41102322936058044, 0.8602515459060669
90, 36, 1, 99.69519464599989, 993672, 0.3197675347328186, 0.8912307620048523
91, 0, 1, 20.948594733999926, 993672, 0.2873331308364868, 0.9350000023841858
91, 43, 1, 25.854059771000266, 993672, 0.14264430105686188, 0.9675675630569458
91, 4, 1, 34.97999869499972, 993672, 0.5775438547134399, 0.7952941060066223
91, 42, 1, 31.171880097999747, 993672, 0.35721278190612793, 0.8861904740333557
91, 21, 1, 28.332450627999606, 993672, 0.3124932646751404, 0.9020512700080872
91, 20, 1, 40.7902674930001, 993672, 0.14990289509296417, 0.9599999785423279
91, 25, 1, 45.88907332100007, 993672, 0.6370044946670532, 0.7029411792755127
91, 15, 1, 58.18646363800008, 993672, 0.40803730487823486, 0.8525925874710083
91, 19, 1, 87.93101906999982, 993672, 0.1863534301519394, 0.9361666440963745
91, 34, 1, 89.69578050099972, 993672, 0.256034255027771, 0.9192247986793518
91, 10, 1, 88.65048112300019, 993672, 0.29468703269958496, 0.9008196592330933
91, 24, 1, 105.87369977599974, 993672, 0.3938835859298706, 0.8577622175216675
92, 16, 1, 22.458577269000216, 993672, 0.30277690291404724, 0.9135484099388123
92, 41, 1, 40.036303233000126, 993672, 0.19340558350086212, 0.9449999928474426
92, 27, 1, 41.71454928999992, 993672, 0.4640863537788391, 0.8255172371864319
92, 39, 1, 45.55066269100007, 993672, 0.47459346055984497, 0.8361290097236633
92, 29, 1, 28.29076040899963, 993672, 0.1926397830247879, 0.9483333230018616
92, 5, 1, 59.41627600200036, 993672, 0.6405311822891235, 0.7583132386207581
92, 47, 1, 58.401030836000245, 993672, 0.4742802083492279, 0.8311904668807983
92, 13, 1, 67.04768405300001, 993672, 0.41289839148521423, 0.8551579117774963
92, 15, 1, 59.392123541000274, 993672, 0.40018633008003235, 0.8577777743339539
92, 45, 1, 59.21173947399984, 993672, 0.4517793655395508, 0.843999981880188
92, 36, 1, 89.93657461299972, 993672, 0.31627821922302246, 0.8921538591384888
92, 44, 1, 115.17012590100012, 993672, 0.40777093172073364, 0.8559748530387878
93, 43, 1, 28.221147611000106, 993672, 0.15062983334064484, 0.9637838006019592
93, 42, 1, 30.30816017899997, 993672, 0.3485111892223358, 0.8857142925262451
93, 21, 1, 28.561352425000223, 993672, 0.3078968822956085, 0.9076923131942749
93, 0, 1, 21.611486874999628, 993672, 0.30211010575294495, 0.9285714030265808
93, 25, 1, 48.49704532400028, 993672, 0.6222137808799744, 0.7255882620811462
93, 4, 1, 38.28682122800001, 993672, 0.5673000812530518, 0.8070588111877441
93, 20, 1, 42.41335126700005, 993672, 0.14662252366542816, 0.9603508710861206
93, 15, 1, 59.221992951000175, 993672, 0.4038316309452057, 0.8592592477798462
93, 19, 1, 88.21503721699992, 993672, 0.17674137651920319, 0.9418333172798157
93, 34, 1, 92.36491558900025, 993672, 0.24554501473903656, 0.9189147353172302
93, 24, 1, 100.85815019699976, 993672, 0.389863520860672, 0.8655943870544434
93, 10, 1, 87.45933896999986, 993672, 0.2728666365146637, 0.9139344096183777
94, 16, 1, 22.429884204000246, 993672, 0.3230054974555969, 0.9025806188583374
94, 39, 1, 43.69202066000025, 993672, 0.47493302822113037, 0.8370967507362366
94, 41, 1, 41.31414769799994, 993672, 0.1775236278772354, 0.9514285922050476
94, 27, 1, 44.08089593600016, 993672, 0.47871947288513184, 0.818965494632721
94, 29, 1, 27.287183500000083, 993672, 0.1891840100288391, 0.945555567741394
94, 45, 1, 61.386026635000235, 993672, 0.4513154923915863, 0.8369411826133728
94, 13, 1, 69.62357060900013, 993672, 0.4127258062362671, 0.8511579036712646
94, 47, 1, 62.47946983499969, 993672, 0.47181451320648193, 0.8319047689437866
94, 5, 1, 64.70816471499984, 993672, 0.6205407977104187, 0.7628915905952454
94, 33, 1, 100.23694245700017, 993672, 0.5266609191894531, 0.8052173852920532
94, 36, 1, 94.42029677799974, 993672, 0.31201422214508057, 0.8893846273422241
94, 44, 1, 121.88250365199974, 993672, 0.39960381388664246, 0.8623899221420288
95, 43, 1, 25.746471045999442, 993672, 0.11868917942047119, 0.9702702760696411
95, 0, 1, 20.25126968700033, 993672, 0.2568122148513794, 0.9292857050895691
95, 4, 1, 37.65015495899979, 993672, 0.5557277798652649, 0.8011764883995056
95, 20, 1, 41.15966089199992, 993672, 0.1598520427942276, 0.9526315927505493
95, 42, 1, 33.66398857000013, 993672, 0.34782513976097107, 0.8790476322174072
95, 15, 1, 58.91875222099998, 993672, 0.40502816438674927, 0.858271598815918
95, 3, 1, 78.47380429299983, 993672, 0.6850773692131042, 0.7179439067840576
95, 19, 1, 86.99304048500017, 993672, 0.16978223621845245, 0.9441666603088379
95, 11, 1, 87.96465844100021, 993672, 0.308228999376297, 0.8898333311080933
95, 34, 1, 89.79145670600019, 993672, 0.23327669501304626, 0.9251163005828857
95, 10, 1, 90.68680805099984, 993672, 0.2782492935657501, 0.9086885452270508
95, 24, 1, 107.39212390900002, 993672, 0.3771424889564514, 0.8654545545578003
96, 23, 1, 42.45611648399972, 993672, 0.29334190487861633, 0.902999997138977
96, 16, 1, 23.704268058000025, 993672, 0.30052366852760315, 0.9077419638633728
96, 29, 1, 27.078011897000124, 993672, 0.17929190397262573, 0.9538888931274414
96, 39, 1, 47.185772266000185, 993672, 0.47504836320877075, 0.8409677147865295
96, 27, 1, 44.22096786200018, 993672, 0.4716089367866516, 0.8113793134689331
96, 47, 1, 57.41950854300012, 993672, 0.4649389684200287, 0.8335714340209961
96, 49, 1, 68.871006287, 993672, 0.23604588210582733, 0.930103063583374
96, 13, 1, 68.07888905299978, 993672, 0.41958001255989075, 0.8517894744873047
96, 28, 1, 72.290356427, 993672, 0.4679459035396576, 0.8338000178337097
96, 36, 1, 94.82852168499994, 993672, 0.3117239773273468, 0.8941538333892822
96, 44, 1, 113.05401466400008, 993672, 0.393210232257843, 0.8628931045532227
96, 33, 1, 103.71583671000008, 993672, 0.5314405560493469, 0.8031883835792542
97, 17, 1, 6.690881160000117, 993672, 0.611812949180603, 0.8114285469055176
97, 0, 1, 21.435213303000182, 993672, 0.2573893964290619, 0.9292857050895691
97, 22, 1, 15.999891126999955, 993672, 0.3767684996128082, 0.871999979019165
97, 4, 1, 36.967040935000114, 993672, 0.5549976825714111, 0.8066666722297668
97, 20, 1, 40.459393182999975, 993672, 0.14941687881946564, 0.9599999785423279
97, 15, 1, 57.81454691199997, 993672, 0.4033133089542389, 0.8533333539962769
97, 10, 1, 85.4015946190002, 993672, 0.27429091930389404, 0.9142622947692871
97, 3, 1, 72.27339197900028, 993672, 0.6885367631912231, 0.7194392681121826
97, 11, 1, 88.65887155700011, 993672, 0.317205011844635, 0.8824999928474426
97, 34, 1, 94.93618642299998, 993672, 0.22702962160110474, 0.9232558012008667
97, 24, 1, 104.02131697200002, 993672, 0.37430569529533386, 0.8734265565872192
97, 19, 1, 85.15286023499993, 993672, 0.17896237969398499, 0.9359999895095825
98, 29, 1, 27.81053092799948, 993672, 0.16870033740997314, 0.9561111330986023
98, 41, 1, 41.49333320000005, 993672, 0.18399471044540405, 0.9482142925262451
98, 16, 1, 22.847458803000336, 993672, 0.290065199136734, 0.9200000166893005
98, 39, 1, 46.1215903870002, 993672, 0.44906264543533325, 0.8409677147865295
98, 47, 1, 62.27664097900015, 993672, 0.48403218388557434, 0.8235714435577393
98, 23, 1, 42.75999815299974, 993672, 0.2711506187915802, 0.9106666445732117
98, 27, 1, 42.15580206300001, 993672, 0.4377628266811371, 0.839310348033905
98, 49, 1, 66.69412164699997, 993672, 0.22492635250091553, 0.9327834844589233
98, 13, 1, 69.91068371099982, 993672, 0.4278442859649658, 0.848421037197113
98, 36, 1, 89.32265815500023, 993672, 0.302617609500885, 0.8916922807693481
98, 33, 1, 101.91450858100006, 993672, 0.511111319065094, 0.8115941882133484
98, 44, 1, 114.41128549099994, 993672, 0.39440736174583435, 0.8645282983779907
99, 22, 1, 15.744374312999753, 993672, 0.38381555676460266, 0.8769999742507935
99, 0, 1, 20.007315430999824, 993672, 0.27135446667671204, 0.927142858505249
99, 21, 1, 30.986573166999733, 993672, 0.3054863512516022, 0.9071794748306274
99, 4, 1, 37.465153243999794, 993672, 0.5546336770057678, 0.8015686273574829
99, 20, 1, 44.417237331999786, 993672, 0.15264584124088287, 0.9575438499450684
99, 15, 1, 59.260703735000334, 993672, 0.40441352128982544, 0.8548148274421692
99, 11, 1, 91.6926499199999, 993672, 0.30826377868652344, 0.8849999904632568
99, 34, 1, 96.65331481199973, 993672, 0.22451268136501312, 0.9244961142539978
99, 3, 1, 79.75991847700061, 993672, 0.6692320108413696, 0.7278504967689514
99, 19, 1, 90.35743021400003, 993672, 0.16859406232833862, 0.9423333406448364
99, 24, 1, 107.4879461329997, 993672, 0.37200218439102173, 0.8717482686042786
99, 10, 1, 94.34335956400037, 993672, 0.2619777321815491, 0.9137704968452454
100, 16, 1, 21.937805819999994, 993672, 0.28604549169540405, 0.9245161414146423
100, 41, 1, 40.94358550900006, 993672, 0.19730371236801147, 0.9399999976158142
100, 29, 1, 27.43359796300001, 993672, 0.1788303256034851, 0.9527778029441833
100, 39, 1, 46.55617949000043, 993672, 0.4504726231098175, 0.8432257771492004
100, 27, 1, 43.974991807999686, 993672, 0.46836864948272705, 0.8168965578079224
100, 47, 1, 60.51909307400001, 993672, 0.4545973241329193, 0.836904764175415
100, 23, 1, 44.278626162000364, 993672, 0.28489744663238525, 0.9049999713897705
100, 13, 1, 68.91809982800032, 993672, 0.4013058543205261, 0.8564210534095764
100, 28, 1, 73.14100260399982, 993672, 0.4695681631565094, 0.8370000123977661
100, 33, 1, 98.09085356100013, 993672, 0.5116220116615295, 0.8091304302215576
100, 36, 1, 97.82426310499977, 993672, 0.2881773114204407, 0.9015384912490845
100, 44, 1, 121.2017299740005, 993672, 0.3794688880443573, 0.8631446361541748
