1, 17, 1, 10.144786373, 2168104, 0.30992070585489273, 0.9071140944957733
1, 31, 1, 6.493129359000001, 2168104, 0.23036559913307428, 0.9478844225406646
1, 34, 1, 6.88635934, 2168104, 0.2651821158826351, 0.9504166603088379
1, 16, 1, 9.412121792, 2168104, 0.2263324223458767, 0.9436348974704742
1, 30, 1, 9.923640499000001, 2168104, 0.18068838119506836, 0.9567842602729797
1, 39, 1, 9.410851773, 2168104, 0.2485171377658844, 0.9349933683872222
1, 15, 1, 9.781513188, 2168104, 0.20544667281210421, 0.9451341032981873
1, 29, 1, 10.729224648999999, 2168104, 0.15081999097019433, 0.9683596432209015
1, 18, 1, 10.802048074, 2168104, 0.2168394297361374, 0.9599536955356598
1, 6, 1, 12.154503350999999, 2168104, 0.14631327688694, 0.9801328480243683
1, 10, 1, 11.815181271, 2168104, 0.1753767516463995, 0.9527659475803375
1, 13, 1, 11.253774623000002, 2168104, 0.1270306844264269, 0.9738621056079865
1, 38, 1, 7.441361994999999, 2168104, 0.19254824817180632, 0.9642202019691467
1, 22, 1, 13.332048361000002, 2168104, 0.09604528304189444, 0.9790816366672516
1, 1, 1, 14.68881291, 2168104, 0.22341304570436477, 0.9369451642036438
1, 26, 1, 5.682278575, 2168104, 0.36401168778538706, 0.9026378929615021
1, 37, 1, 15.569766858, 2168104, 0.10634412169456482, 0.9759669721126556
1, 45, 1, 15.373720958, 2168104, 0.099894580245018, 0.979932987689972
1, 19, 1, 17.476341348, 2168104, 0.2083483275026083, 0.9489281713962555
1, 0, 1, 18.242509410000004, 2168104, 0.1144449446350336, 0.9720409750938416
1, 24, 1, 17.535456267, 2168104, 0.08818659428507089, 0.977465283870697
1, 7, 1, 5.119934511, 2168104, 0.0941220995504409, 0.9972477078437805
1, 8, 1, 17.84185728, 2168104, 0.329521082341671, 0.898784726858139
1, 47, 1, 18.701021396, 2168104, 0.2102539036422968, 0.944684499502182
1, 35, 1, 7.8309848609999975, 2168104, 0.2302250437438488, 0.9316379964351654
1, 27, 1, 20.223905606, 2168104, 0.2988007336854935, 0.9135466516017914
1, 5, 1, 20.466043907, 2168104, 0.08461519833654166, 0.9770179688930511
1, 49, 1, 23.138028969, 2168104, 0.22617246732115745, 0.9371830999851227
1, 41, 1, 23.782836824, 2168104, 0.2864040195941925, 0.9163296222686768
1, 14, 1, 15.155241193999998, 2168104, 0.19253480061888695, 0.9390703439712524
1, 4, 1, 22.970016756, 2168104, 0.21531616076827048, 0.9418145954608917
1, 23, 1, 24.892497882999997, 2168104, 0.09351222701370716, 0.9758819222450257
1, 44, 1, 13.545575116999998, 2168104, 0.15825649797916413, 0.9625127732753753
1, 28, 1, 7.517508149000001, 2168104, 0.15700471848249437, 0.9683699905872345
1, 46, 1, 13.408580815, 2168104, 0.24893279001116753, 0.9259024441242218
1, 33, 1, 27.493027233999996, 2168104, 0.17885606959462166, 0.9502995491027832
1, 42, 1, 18.682346091, 2168104, 0.10135466381907463, 0.9781977832317352
1, 20, 1, 26.863798439999997, 2168104, 0.12892615795135498, 0.970535284280777
1, 48, 1, 10.406880866999998, 2168104, 0.2239417776465416, 0.9354156017303467
1, 25, 1, 29.032776102, 2168104, 0.12469189576804637, 0.9708250403404236
1, 3, 1, 23.480223183, 2168104, 0.18987839929759504, 0.9494571506977081
1, 40, 1, 29.073035055000002, 2168104, 0.10533307045698166, 0.9722445249557495
1, 9, 1, 25.867198171, 2168104, 0.16492917239665986, 0.9560430645942688
1, 2, 1, 26.123404664999995, 2168104, 0.11773741748183966, 0.9729228258132935
1, 11, 1, 25.093347867, 2168104, 0.23556514978408813, 0.9326798975467682
1, 36, 1, 27.423446829, 2168104, 0.24271674826741219, 0.9240735828876495
1, 32, 1, 29.429356096, 2168104, 0.13453709036111833, 0.9638596475124359
1, 21, 1, 22.171054297, 2168104, 0.14009767230600118, 0.9663392841815949
1, 12, 1, 34.947267893, 2168104, 0.11013676282018423, 0.9717301309108735
1, 43, 1, 33.644993772, 2168104, 0.1331949606537819, 0.9666872024536133
2, 16, 1, 8.706407184, 2168104, 0.1343843013048172, 0.9610088050365448
2, 35, 1, 8.861438562, 2168104, 0.12128588333725929, 0.9615557193756104
2, 15, 1, 10.035039837, 2168104, 0.09570407755672931, 0.9724137961864472
2, 30, 1, 10.775480780999999, 2168104, 0.06841553915292024, 0.9849389374256134
2, 17, 1, 16.626940536, 2168104, 0.19677732065320014, 0.9427293121814728
2, 37, 1, 11.687621993, 2168104, 0.03590398062951863, 0.9930899500846863
2, 1, 1, 12.233881175000004, 2168104, 0.1386799342930317, 0.9594429910182953
2, 0, 1, 17.357415433000007, 2168104, 0.056666338630020616, 0.9880121350288391
2, 13, 1, 16.573982778, 2168104, 0.04396320581436157, 0.9894997775554657
2, 45, 1, 19.105869570999996, 2168104, 0.038956400379538535, 0.992740136384964
2, 47, 1, 20.981639604, 2168104, 0.1117965567857027, 0.9742455363273621
2, 36, 1, 28.528341815000005, 2168104, 0.1711110457777977, 0.9491868793964386
3, 16, 1, 8.601307698, 2168104, 0.08524915501475334, 0.9715772688388824
3, 31, 1, 7.5048261139999966, 2168104, 0.05530644804239273, 0.9904024660587311
3, 6, 1, 11.622272399, 2168104, 0.04984683506190777, 0.9897342979907989
3, 29, 1, 10.073745975000001, 2168104, 0.03470424790866673, 0.9937542796134948
3, 37, 1, 15.839130945999997, 2168104, 0.026887628808617593, 0.9945241212844849
3, 42, 1, 15.939872123, 2168104, 0.04674939606338739, 0.989740115404129
3, 24, 1, 18.537481612, 2168104, 0.03456925749778748, 0.9928088307380676
3, 21, 1, 21.075945699000002, 2168104, 0.05705081932246685, 0.9883333384990692
3, 5, 1, 25.485169124, 2168104, 0.0396743843331933, 0.9895146131515503
3, 40, 1, 24.987321892999994, 2168104, 0.04475210644304752, 0.989072459936142
3, 32, 1, 31.035315777999998, 2168104, 0.0662961721420288, 0.9835964977741242
3, 43, 1, 34.480475680999994, 2168104, 0.06566700302064418, 0.9818648576736451
4, 26, 1, 5.919237068000001, 2168104, 0.1501575756818056, 0.9497601926326752
4, 7, 1, 4.503805399000001, 2168104, 0.030380673054605723, 0.9951070308685303
4, 16, 1, 8.452009011000001, 2168104, 0.10097001492977142, 0.9696557283401489
4, 15, 1, 8.857690145000007, 2168104, 0.06214035134762526, 0.9805363953113556
4, 28, 1, 7.068914434, 2168104, 0.065853625908494, 0.981500655412674
4, 10, 1, 12.721867348999993, 2168104, 0.04970388077199459, 0.9894680917263031
4, 22, 1, 13.170314184000006, 2168104, 0.03461618749424815, 0.9922449052333832
4, 13, 1, 14.717311354000003, 2168104, 0.024086851440370084, 0.9937809884548188
4, 17, 1, 15.833114457999997, 2168104, 0.1485438421368599, 0.9540939509868622
4, 14, 1, 16.53862566699999, 2168104, 0.09886161312460899, 0.9670854330062866
4, 47, 1, 20.359422943, 2168104, 0.07319373078644276, 0.9821673512458802
4, 23, 1, 35.696115318, 2168104, 0.047792162746191025, 0.987515640258789
5, 38, 1, 7.877099717, 2168104, 0.05282011963427067, 0.9883486151695251
5, 35, 1, 6.260497603000005, 2168104, 0.08605061583220959, 0.9753926753997803
5, 29, 1, 9.669643841000003, 2168104, 0.018855513958260416, 0.9959505736827851
5, 6, 1, 11.785436930000003, 2168104, 0.03594825593754649, 0.9910628020763397
5, 37, 1, 15.994174924000006, 2168104, 0.015404364839196206, 0.9972185969352723
5, 24, 1, 19.624154626000006, 2168104, 0.026846663001924752, 0.9937344193458557
5, 9, 1, 23.86063963299999, 2168104, 0.06289476715028286, 0.9829609632492066
5, 3, 1, 24.39542674700001, 2168104, 0.07551447860896587, 0.9815428495407105
5, 5, 1, 24.31065930999999, 2168104, 0.0294039960950613, 0.9918208658695221
5, 21, 1, 23.336952269, 2168104, 0.03898987453430891, 0.9918749928474426
5, 40, 1, 28.578165516, 2168104, 0.031040729209780692, 0.992541891336441
5, 43, 1, 37.23439802, 2168104, 0.051073805429041386, 0.9852536439895629
6, 7, 1, 4.592959835000002, 2168104, 0.025738299556542187, 0.9951070308685303
6, 28, 1, 10.212573106999997, 2168104, 0.05087488163262606, 0.9865459382534028
6, 10, 1, 11.058078452, 2168104, 0.042720268853008746, 0.9916489481925964
6, 22, 1, 13.826501387999997, 2168104, 0.02678103856742382, 0.9945918500423432
6, 13, 1, 14.964126639, 2168104, 0.020641000615432857, 0.9951780080795288
6, 44, 1, 14.171381232000002, 2168104, 0.05486762411892414, 0.9844739556312561
6, 8, 1, 18.093810227999995, 2168104, 0.10025756359100342, 0.9726388871669769
6, 0, 1, 17.96147886300001, 2168104, 0.028229839354753494, 0.994006073474884
6, 14, 1, 17.614001121, 2168104, 0.07929031923413277, 0.9754606425762177
6, 47, 1, 21.185574120999995, 2168104, 0.06142914555966854, 0.9849451243877411
6, 45, 1, 19.556252971000006, 2168104, 0.021792905405163765, 0.9952717840671539
6, 23, 1, 32.663677809999996, 2168104, 0.03654798557981849, 0.9913184881210327
7, 16, 1, 7.8330469759999914, 2168104, 0.060359079390764236, 0.9799839913845062
7, 35, 1, 9.375687986000003, 2168104, 0.07667415514588356, 0.9757666409015655
7, 15, 1, 9.665881394999992, 2168104, 0.04763376023620367, 0.9869731783866882
7, 30, 1, 10.929739734999998, 2168104, 0.026103739999234675, 0.9914518296718597
7, 37, 1, 15.021280939000004, 2168104, 0.009214677941054105, 0.998696219921112
7, 24, 1, 19.950103372999997, 2168104, 0.02124435007572174, 0.994944816827774
7, 27, 1, 18.02392449499999, 2168104, 0.12234865054488182, 0.9627093315124512
7, 3, 1, 19.061202985999998, 2168104, 0.0615008968859911, 0.9847428500652313
7, 5, 1, 23.972742743999987, 2168104, 0.023134452942758798, 0.9929471611976624
7, 9, 1, 24.385357247, 2168104, 0.050795572251081465, 0.9858411848545074
7, 20, 1, 27.205729959999985, 2168104, 0.03971966877579689, 0.9892214179039002
7, 40, 1, 29.411753884999996, 2168104, 0.022065226919949055, 0.9947368383407593
8, 7, 1, 4.6980380939999975, 2168104, 0.01829366268357262, 0.994954127073288
8, 28, 1, 10.941053459999992, 2168104, 0.040153217315673825, 0.9888745248317719
8, 22, 1, 12.967129139, 2168104, 0.01934408340603113, 0.9962244749069213
8, 44, 1, 13.513669458999999, 2168104, 0.045281718298792836, 0.9873850822448731
8, 10, 1, 12.842144109000003, 2168104, 0.028723055869340895, 0.994521290063858
8, 13, 1, 15.016596716999999, 2168104, 0.012714547850191594, 0.9961243808269501
8, 14, 1, 15.413897907000006, 2168104, 0.0581149535253644, 0.9829564452171325
8, 0, 1, 17.96201662099999, 2168104, 0.019900245312601327, 0.9952959060668946
8, 45, 1, 17.338846093, 2168104, 0.016065746918320654, 0.9967237412929535
8, 47, 1, 20.194253426000003, 2168104, 0.04684129673987627, 0.9882373034954071
8, 8, 1, 19.414533840000004, 2168104, 0.07506669014692306, 0.9807986140251159
8, 23, 1, 35.402681039999976, 2168104, 0.026292974408715964, 0.9941456139087677
9, 38, 1, 7.4369380800000044, 2168104, 0.04757771193981171, 0.9874311804771423
9, 15, 1, 9.50765027700001, 2168104, 0.04197909608483315, 0.9894252896308899
9, 16, 1, 8.697066355000004, 2168104, 0.10124514661729336, 0.9783026337623596
9, 35, 1, 7.742407244999995, 2168104, 0.0690037127584219, 0.9808526515960694
9, 6, 1, 11.038771761000007, 2168104, 0.027903048507869243, 0.9922101438045502
9, 21, 1, 21.818206114000006, 2168104, 0.026587293669581413, 0.99375
9, 24, 1, 20.440795539999982, 2168104, 0.015849791886284947, 0.9960128247737885
9, 27, 1, 21.973641661999977, 2168104, 0.10242367163300514, 0.9685107588768005
9, 3, 1, 24.418985179999993, 2168104, 0.05265452228486538, 0.9867428600788116
9, 5, 1, 25.254610856000014, 2168104, 0.0184619290754199, 0.9942075550556183
9, 40, 1, 29.541388382000008, 2168104, 0.016954702883958818, 0.9962709426879883
9, 43, 1, 37.178466713000006, 2168104, 0.03792873155325651, 0.9889299750328064
10, 7, 1, 4.545478226, 2168104, 0.01634917309274897, 0.9952599406242371
10, 28, 1, 11.420715507000011, 2168104, 0.032998154405504465, 0.9908796966075897
10, 44, 1, 13.155002947, 2168104, 0.038825583457946775, 0.9896322727203369
10, 22, 1, 15.244374776, 2168104, 0.01577194663695991, 0.9967857003211975
10, 10, 1, 11.081839748999997, 2168104, 0.02259024977684021, 0.9956383109092712
10, 13, 1, 16.06541233499999, 2168104, 0.013862269883975386, 0.996349710226059
10, 14, 1, 13.650753143000003, 2168104, 0.04500440619885922, 0.9873534381389618
10, 45, 1, 18.33410617300001, 2168104, 0.015996292373165487, 0.9964259147644043
10, 0, 1, 17.790958983000024, 2168104, 0.015474520856514573, 0.996547794342041
10, 47, 1, 21.45195795299999, 2168104, 0.0392951400950551, 0.9903977930545806
10, 8, 1, 20.214576496999996, 2168104, 0.059935664385557176, 0.9847222149372101
10, 23, 1, 34.21504339899998, 2168104, 0.02008936582133174, 0.9957468152046204
11, 35, 1, 8.713023975999988, 2168104, 0.059045661240816116, 0.9827973008155823
11, 16, 1, 8.071915916999998, 2168104, 0.05127708502113819, 0.9835068047046661
11, 15, 1, 9.529773092999989, 2168104, 0.03461300246417522, 0.9908812165260314
11, 6, 1, 11.360759162999983, 2168104, 0.022292046062648296, 0.9940217316150666
11, 24, 1, 18.703513808999986, 2168104, 0.013567815208807588, 0.9969028115272522
11, 49, 1, 20.26086125900001, 2168104, 0.07135890051722527, 0.9774960875511169
11, 3, 1, 23.692961475000004, 2168104, 0.04458568040281534, 0.988914281129837
11, 27, 1, 21.524516503, 2168104, 0.08638398349285126, 0.9741925895214081
11, 9, 1, 24.377299946999997, 2168104, 0.038718628138303755, 0.9893674254417419
11, 5, 1, 23.971993693, 2168104, 0.016455029789358377, 0.9950120627880097
11, 36, 1, 25.784808075, 2168104, 0.10576706081628799, 0.9687016785144806
11, 40, 1, 31.057407749999996, 2168104, 0.014603962423279881, 0.9972622215747833
12, 7, 1, 4.2413569770000095, 2168104, 0.010853686649352313, 0.9960244655609131
12, 44, 1, 13.503746022000001, 2168104, 0.03275718269869685, 0.9913176715373992
12, 10, 1, 12.817737944000015, 2168104, 0.01833880227059126, 0.9965425610542298
12, 22, 1, 13.778316768999986, 2168104, 0.011733278562314809, 0.9970918297767639
12, 13, 1, 15.200513868000002, 2168104, 0.011468900484032929, 0.996620100736618
12, 14, 1, 16.20010251800001, 2168104, 0.035534597001969814, 0.990577882528305
12, 47, 1, 14.419369150999984, 2168104, 0.033867786452174184, 0.9915294885635376
12, 0, 1, 17.41583045100002, 2168104, 0.012324912659823894, 0.9968512892723084
12, 45, 1, 18.827339091, 2168104, 0.013178165117278696, 0.9969471275806427
12, 8, 1, 19.47363473499999, 2168104, 0.04988909848034382, 0.9876736223697662
12, 23, 1, 29.045990615999983, 2168104, 0.014607210364192724, 0.9970978200435638
12, 4, 1, 26.326681053000016, 2168104, 0.04564931374043226, 0.9877958536148072
13, 15, 1, 9.258378823999998, 2168104, 0.034029055200517175, 0.9912643730640411
13, 16, 1, 8.412081755999992, 2168104, 0.05331864673644304, 0.9839871883392334
13, 35, 1, 9.566376282999997, 2168104, 0.05491324253380299, 0.9838444352149963
13, 30, 1, 11.428624303999982, 2168104, 0.016179262846708297, 0.9957259237766266
13, 24, 1, 20.99522399099999, 2168104, 0.012109108595177531, 0.9970452189445496
13, 49, 1, 21.136428438999985, 2168104, 0.05795214362442493, 0.982034420967102
13, 36, 1, 25.305803233999995, 2168104, 0.08912551067769528, 0.9736870169639588
13, 27, 1, 24.258791047000003, 2168104, 0.07157653532922267, 0.9785287022590637
13, 9, 1, 25.052542630000005, 2168104, 0.03507325053215027, 0.9903095602989197
13, 3, 1, 20.74159342499999, 2168104, 0.039917871728539465, 0.990371435880661
13, 5, 1, 24.674956541, 2168104, 0.014920308161526919, 0.9953070461750031
13, 40, 1, 33.588324038999986, 2168104, 0.01183794979006052, 0.9980646789073944
14, 7, 1, 4.639982407000005, 2168104, 0.010087504261173308, 0.9966360867023468
14, 28, 1, 10.26199287, 2168104, 0.023825880698859693, 0.9939197957515716
14, 10, 1, 12.851535622, 2168104, 0.013606860022991895, 0.9975000083446502
14, 13, 1, 14.29675117299999, 2168104, 0.009594795620068907, 0.9972510278224945
14, 44, 1, 12.806656740000022, 2168104, 0.028182680439203977, 0.9934116423130035
14, 22, 1, 13.656267290000017, 2168104, 0.009725281200371683, 0.9977040767669678
14, 45, 1, 17.10751401799999, 2168104, 0.010790494689717888, 0.9978034257888794
14, 0, 1, 17.97486873699998, 2168104, 0.009602369903586806, 0.9976479530334472
14, 14, 1, 16.932526198999994, 2168104, 0.02844266900792718, 0.9929229557514191
14, 47, 1, 19.810158471999983, 2168104, 0.02756494963541627, 0.9935527980327606
14, 23, 1, 27.158279092999997, 2168104, 0.011128864763304592, 0.9981235980987548
14, 4, 1, 31.081046584000006, 2168104, 0.037677674740552905, 0.9901134073734283
15, 15, 1, 9.337812635000006, 2168104, 0.030687595065683127, 0.9910344839096069
15, 16, 1, 9.41700259099997, 2168104, 0.06726301405578852, 0.9822257816791534
15, 35, 1, 9.217552812999998, 2168104, 0.04579547066241503, 0.9869857907295227
15, 6, 1, 11.675092968000001, 2168104, 0.019608077500015496, 0.9941425085067749
15, 30, 1, 9.388467058000003, 2168104, 0.013782300380989909, 0.9964043438434601
15, 17, 1, 15.952042186, 2168104, 0.09393264539539814, 0.9721252739429473
15, 24, 1, 19.75646109499999, 2168104, 0.009853669861331581, 0.9977928102016449
15, 49, 1, 22.049342582999998, 2168104, 0.048597472906112674, 0.9858215987682343
15, 3, 1, 23.904296971999997, 2168104, 0.03416959382593632, 0.9918571472167969
15, 27, 1, 23.270154286000007, 2168104, 0.059508349001407626, 0.9819976031780243
15, 9, 1, 25.980882783, 2168104, 0.03109923005104065, 0.9912516891956329
15, 5, 1, 27.226188855999993, 2168104, 0.012099736044183374, 0.9959238290786743
16, 7, 1, 5.096634899999998, 2168104, 0.009477561444509775, 0.9972477078437805
16, 28, 1, 11.099305761999972, 2168104, 0.021465254575014116, 0.9950840950012207
16, 10, 1, 13.062459109999963, 2168104, 0.011707197315990925, 0.9978723406791687
16, 18, 1, 11.699010934, 2168104, 0.01757007734850049, 0.9959490835666657
16, 22, 1, 12.80488861500001, 2168104, 0.008934613666497171, 0.9981632590293884
16, 13, 1, 15.79924303300001, 2168104, 0.01096746705006808, 0.9972059547901153
16, 44, 1, 11.576966502999994, 2168104, 0.024862281605601312, 0.9938202261924743
16, 0, 1, 17.829174898000005, 2168104, 0.007944840658456086, 0.9982928693294525
16, 8, 1, 18.914322534999997, 2168104, 0.03497693967074156, 0.9914583325386047
16, 45, 1, 18.88323626600001, 2168104, 0.010913730436004698, 0.9979151129722595
16, 47, 1, 21.201006681999985, 2168104, 0.023606096766889094, 0.9949245452880859
16, 23, 1, 32.420304711, 2168104, 0.009405072964727878, 0.9984238266944885
17, 16, 1, 8.171487411000015, 2168104, 0.03988572601228953, 0.9887109696865082
17, 15, 1, 8.211350388, 2168104, 0.02625668905675411, 0.992950189113617
17, 6, 1, 11.117854457000021, 2168104, 0.01790775144472718, 0.9948671340942383
17, 28, 1, 10.794284521999998, 2168104, 0.021522544650360943, 0.9945666253566742
17, 17, 1, 13.405773366000005, 2168104, 0.08494973704218864, 0.9754362463951111
17, 35, 1, 8.68370913599999, 2168104, 0.03988983388990164, 0.9896035969257355
17, 37, 1, 16.276179439999993, 2168104, 0.005941567069385201, 0.9990438938140869
17, 49, 1, 21.183094455000003, 2168104, 0.03920835126191378, 0.9883255064487457
17, 3, 1, 23.110833186000008, 2168104, 0.029689971916377546, 0.9925428569316864
17, 21, 1, 23.524741630999983, 2168104, 0.018171983119100333, 0.9949106991291046
17, 27, 1, 22.73271748100001, 2168104, 0.04991985447704792, 0.9854664981365204
17, 43, 1, 38.506716987000004, 2168104, 0.02808968871831894, 0.992626816034317
18, 7, 1, 4.268368939999988, 2168104, 0.008006451575784012, 0.9978593289852142
18, 10, 1, 14.138194476999985, 2168104, 0.011902317311614752, 0.998085105419159
18, 1, 1, 15.068526368000008, 2168104, 0.05436853524297476, 0.9844212412834168
18, 18, 1, 11.741803347000001, 2168104, 0.019211979070678353, 0.9960648238658905
18, 44, 1, 12.082270921999992, 2168104, 0.02285702610388398, 0.9940755844116211
18, 13, 1, 14.636734272000012, 2168104, 0.011767800920642913, 0.9973411440849305
18, 45, 1, 17.31775931499999, 2168104, 0.01018808875232935, 0.9979151248931885
18, 0, 1, 19.063307527000006, 2168104, 0.007551144133321941, 0.9981790542602539
18, 8, 1, 18.760823786000003, 2168104, 0.031084247399121523, 0.9926041722297668
18, 47, 1, 20.398398189000005, 2168104, 0.022649035695940255, 0.9953703582286835
18, 23, 1, 26.413985716000013, 2168104, 0.007457725121639669, 0.9989992558956147
18, 2, 1, 27.261768149999966, 2168104, 0.01918710321187973, 0.9958053231239319
19, 15, 1, 9.339475176000008, 2168104, 0.026559306774288416, 0.9934099733829498
19, 16, 1, 8.72344694100002, 2168104, 0.03740871548652649, 0.9898318588733673
19, 30, 1, 10.094788843000003, 2168104, 0.011326771229505539, 0.9970827758312225
19, 6, 1, 11.99229871099999, 2168104, 0.01590272025205195, 0.9955917716026306
19, 28, 1, 11.526804753999983, 2168104, 0.02086916211992502, 0.995278137922287
19, 17, 1, 15.217993961000019, 2168104, 0.07803526520729065, 0.9771812081336975
19, 48, 1, 12.451447486000006, 2168104, 0.023576953168958425, 0.9939546585083008
19, 49, 1, 20.962929342999985, 2168104, 0.03471657652407885, 0.9909233272075653
19, 27, 1, 22.634497458, 2168104, 0.0422082893550396, 0.9883971273899078
19, 3, 1, 23.84780280199999, 2168104, 0.025769337732344865, 0.9934571504592895
19, 21, 1, 23.88622762, 2168104, 0.01586727788671851, 0.9954464256763458
19, 9, 1, 27.629131532999992, 2168104, 0.02616335991770029, 0.9928936660289764
20, 7, 1, 5.270202347000009, 2168104, 0.008311590546509252, 0.9978593289852142
20, 10, 1, 12.441274966999998, 2168104, 0.011055302410386502, 0.9984042584896088
20, 18, 1, 13.304968153999994, 2168104, 0.01720264251343906, 0.9963541746139526
20, 13, 1, 15.63638995300002, 2168104, 0.01157231607940048, 0.9976566076278687
20, 44, 1, 9.988841833999999, 2168104, 0.02049661073833704, 0.9950970411300659
20, 1, 1, 15.065182644000004, 2168104, 0.04910249728709459, 0.986553531885147
20, 0, 1, 18.259509190999978, 2168104, 0.006033049488905817, 0.998710161447525
20, 45, 1, 18.919614333, 2168104, 0.00916341997217387, 0.9980640351772309
20, 47, 1, 20.449176340999998, 2168104, 0.01924583287909627, 0.9962619841098785
20, 4, 1, 27.989542733999997, 2168104, 0.02694738917052746, 0.9928501009941101
20, 2, 1, 27.834336294999986, 2168104, 0.017114120442420243, 0.9963162124156952
20, 23, 1, 29.889320411, 2168104, 0.006324090878479183, 0.999099326133728
21, 26, 1, 5.601069031000009, 2168104, 0.02839500429108739, 0.9925659418106079
21, 16, 1, 8.193683649999997, 2168104, 0.03381487615406513, 0.9906324923038483
21, 15, 1, 9.424935038000001, 2168104, 0.026083563175052404, 0.9934866011142731
21, 30, 1, 10.153659839999989, 2168104, 0.010068998392671346, 0.9977612018585205
21, 28, 1, 10.309112448999997, 2168104, 0.018293247511610388, 0.9959896504878998
21, 6, 1, 8.175775273, 2168104, 0.013511726027354598, 0.9961352527141571
21, 48, 1, 13.702070763999998, 2168104, 0.023897305596619844, 0.9941561698913575
21, 17, 1, 15.181014995000012, 2168104, 0.07086790762841702, 0.9801342248916626
21, 49, 1, 21.737996055999986, 2168104, 0.02853370886296034, 0.9929890513420105
21, 21, 1, 22.181104086999994, 2168104, 0.01529294801875949, 0.9956250011920929
21, 27, 1, 24.764792709999995, 2168104, 0.036707237176597116, 0.9906997621059418
21, 9, 1, 27.542694093999984, 2168104, 0.023599566891789436, 0.9938627183437347
22, 7, 1, 4.947475356999973, 2168104, 0.009083265700610355, 0.9977064192295074
22, 18, 1, 12.773937448999988, 2168104, 0.014967861119657755, 0.9963541746139526
22, 10, 1, 12.520736096000007, 2168104, 0.00929877853486687, 0.9985106408596038
22, 44, 1, 13.58267752399999, 2168104, 0.018620568420737983, 0.9958120584487915
22, 1, 1, 15.761879688000022, 2168104, 0.04576518926769495, 0.986553531885147
22, 13, 1, 14.479694104999993, 2168104, 0.010711648606229574, 0.9977467358112335
22, 0, 1, 18.366424036000012, 2168104, 0.005447466357145459, 0.9989757180213928
22, 45, 1, 18.496528194999996, 2168104, 0.00873752310872078, 0.9982501924037933
22, 47, 1, 21.238301605000004, 2168104, 0.017543711327016355, 0.9969135582447052
22, 2, 1, 25.043897164999976, 2168104, 0.015391341876238585, 0.9966119825839996
22, 23, 1, 26.732380624999962, 2168104, 0.0053837290732190015, 0.9991994023323059
22, 4, 1, 29.296807761999986, 2168104, 0.02305814027786255, 0.9942800819873809
23, 16, 1, 9.405237359000012, 2168104, 0.031533907167613506, 0.9921537101268768
23, 30, 1, 10.214378175000036, 2168104, 0.010728694358840584, 0.9975576758384704
23, 28, 1, 10.511037888999994, 2168104, 0.016445382265374064, 0.9964424312114716
23, 15, 1, 8.093484372999995, 2168104, 0.024745197780430318, 0.9934865951538085
23, 48, 1, 13.337096726999988, 2168104, 0.020546316355466842, 0.9950629711151123
23, 6, 1, 11.958902883000007, 2168104, 0.013019589055329562, 0.9964372038841247
23, 17, 1, 14.766221951999995, 2168104, 0.06429748050868511, 0.9824608564376831
23, 49, 1, 21.398299952000002, 2168104, 0.024759929347783326, 0.9941471099853516
23, 21, 1, 22.734160024000005, 2168104, 0.013815076742321252, 0.9961904764175415
23, 27, 1, 23.438578001999986, 2168104, 0.030877176858484744, 0.9924940288066864
23, 3, 1, 24.138504840999985, 2168104, 0.021580549608916044, 0.9947714328765869
23, 9, 1, 27.138607057, 2168104, 0.021927670761942863, 0.9941588163375854
24, 7, 1, 5.32206215299999, 2168104, 0.007126208278350532, 0.9983180403709412
24, 18, 1, 13.002885773000003, 2168104, 0.013724156143143772, 0.9969907462596893
24, 44, 1, 12.64569584199998, 2168104, 0.017102104146033525, 0.9959141969680786
24, 10, 1, 12.423922183000002, 2168104, 0.008595562260597944, 0.9986702144145966
24, 1, 1, 16.563649795999993, 2168104, 0.04150068014860153, 0.9892515301704407
24, 13, 1, 15.132930942999963, 2168104, 0.009292390663176775, 0.9979270040988922
24, 45, 1, 19.351823033000016, 2168104, 0.007965882285498082, 0.9984363436698913
24, 47, 1, 20.312827098000014, 2168104, 0.015572673361748456, 0.997325086593628
24, 8, 1, 19.975760921000017, 2168104, 0.023127700202167034, 0.994861102104187
24, 0, 1, 18.18123161599999, 2168104, 0.004927115933969617, 0.9991653978824615
24, 2, 1, 25.62294111, 2168104, 0.013486078707501292, 0.9970422089099884
24, 23, 1, 28.492775883999997, 2168104, 0.004727997828740627, 0.999374532699585
25, 30, 1, 10.180249521999997, 2168104, 0.010706116980873048, 0.9974898278713227
25, 15, 1, 6.734815534999996, 2168104, 0.019325513485819103, 0.9949425280094146
25, 28, 1, 10.890935650000017, 2168104, 0.014474130934104323, 0.9967658460140228
25, 6, 1, 11.555322330000024, 2168104, 0.011252034502103925, 0.996859896183014
25, 16, 1, 9.222601413000007, 2168104, 0.028370157536119222, 0.9923138439655304
25, 48, 1, 14.244437102999996, 2168104, 0.01581700392998755, 0.9960705280303955
25, 17, 1, 15.513740524000013, 2168104, 0.05841290354728699, 0.9843400478363037
25, 21, 1, 20.78944593, 2168104, 0.012652278272435069, 0.9966071367263794
25, 49, 1, 22.71497136900001, 2168104, 0.02147759459912777, 0.9952425718307495
25, 27, 1, 23.01437520800002, 2168104, 0.026643979270011185, 0.9941088497638703
25, 3, 1, 25.66769569600001, 2168104, 0.018958319164812564, 0.9957428574562073
25, 9, 1, 26.62799264900002, 2168104, 0.019186096172779797, 0.9950471103191376
26, 7, 1, 4.714635268999984, 2168104, 0.007596151129109785, 0.9977064192295074
26, 18, 1, 11.732370688999993, 2168104, 0.011627785046584904, 0.9974537074565888
26, 44, 1, 13.512319373999958, 2168104, 0.01570124546997249, 0.9963227808475494
26, 10, 1, 12.741228893000027, 2168104, 0.0075104291434399785, 0.9988297879695892
26, 1, 1, 15.602295266999988, 2168104, 0.037754605151712896, 0.9901218473911285
26, 0, 1, 16.75970638399997, 2168104, 0.005402119096834213, 0.9990136504173279
26, 45, 1, 17.854185172999962, 2168104, 0.007426549366209656, 0.9983991086483002
26, 13, 1, 16.69097711500001, 2168104, 0.009110584494192154, 0.9978368699550628
26, 8, 1, 19.566658591999982, 2168104, 0.020355566591024398, 0.9954861164093017
26, 47, 1, 20.547874387000007, 2168104, 0.014043431729078293, 0.9974279761314392
26, 2, 1, 25.271384496000024, 2168104, 0.01251695710234344, 0.9971766531467438
26, 23, 1, 30.656792333, 2168104, 0.0042504097451455895, 0.9992994785308837
27, 15, 1, 9.166721526000003, 2168104, 0.019764515152201057, 0.9947892785072326
27, 28, 1, 10.260394931999997, 2168104, 0.01322798472829163, 0.9970245838165284
27, 30, 1, 10.667087659000003, 2168104, 0.007726123509928584, 0.998439621925354
27, 16, 1, 8.822962861000008, 2168104, 0.04112524706870317, 0.9887109518051147
27, 6, 1, 11.478430239999994, 2168104, 0.010995326191186905, 0.9969202816486359
27, 48, 1, 13.984029797999995, 2168104, 0.0143358641769737, 0.9968261957168579
27, 17, 1, 14.65682089500001, 2168104, 0.05442142635583878, 0.9848769545555115
27, 49, 1, 21.33556478600002, 2168104, 0.01839478313922882, 0.9959937512874604
27, 21, 1, 23.624224036000015, 2168104, 0.011395593453198672, 0.9965773820877075
27, 3, 1, 21.83522551300001, 2168104, 0.0170894093811512, 0.9967714428901673
27, 27, 1, 22.694252624, 2168104, 0.02309497306123376, 0.9953648388385773
27, 9, 1, 27.034729055000014, 2168104, 0.01793675608932972, 0.995612382888794
28, 7, 1, 4.866217024000036, 2168104, 0.007691734936088324, 0.9981651365756988
28, 18, 1, 11.268349229000023, 2168104, 0.012739776587113737, 0.9973958373069763
28, 44, 1, 13.815816100999996, 2168104, 0.013994616270065308, 0.9967824280261993
28, 10, 1, 12.702120784999977, 2168104, 0.006620836281217635, 0.9991489350795746
28, 8, 1, 18.93622518799998, 2168104, 0.018810384348034857, 0.9965277791023255
28, 0, 1, 18.352611292999995, 2168104, 0.005645895563066006, 0.9989377856254578
28, 1, 1, 16.672118465999972, 2168104, 0.03460389263927936, 0.9908181011676789
28, 13, 1, 13.322012134999966, 2168104, 0.0078929326380603, 0.9980621993541717
28, 45, 1, 18.024029591999977, 2168104, 0.007448082836344838, 0.9985108017921448
28, 47, 1, 20.351942048000012, 2168104, 0.012492818711325526, 0.9980795502662658
28, 23, 1, 28.075451094000016, 2168104, 0.0041381371906027194, 0.9993995547294616
28, 2, 1, 23.190727217000017, 2168104, 0.01146245445124805, 0.9976337671279907
29, 16, 1, 9.294729716999996, 2168104, 0.025687468238174915, 0.9931144893169404
29, 15, 1, 9.577124394999998, 2168104, 0.018760629743337632, 0.994712644815445
29, 28, 1, 11.381915714000002, 2168104, 0.012573778023943305, 0.9975420475006104
29, 30, 1, 10.167033085000014, 2168104, 0.007344358158297837, 0.9983039379119873
29, 6, 1, 11.981844261999981, 2168104, 0.011148067889735103, 0.9972222208976745
29, 48, 1, 13.889315490000001, 2168104, 0.01277889646589756, 0.9973803520202636
29, 17, 1, 15.255469215999995, 2168104, 0.049089583940804, 0.9876062572002411
29, 49, 1, 19.933210697999982, 2168104, 0.016591692250221966, 0.9964632272720337
29, 21, 1, 21.162494357999975, 2168104, 0.011120061855763197, 0.9971726179122925
29, 27, 1, 21.403805643999988, 2168104, 0.02085121227428317, 0.9960526347160339
29, 3, 1, 23.80125675200003, 2168104, 0.015203081537038088, 0.9968285858631134
29, 9, 1, 22.149091849, 2168104, 0.01563953747972846, 0.9964199244976044
30, 7, 1, 4.951606104999996, 2168104, 0.0079596865165513, 0.9978593289852142
30, 18, 1, 11.446495212000002, 2168104, 0.011862389650195837, 0.9975115776062011
30, 44, 1, 12.591146264999963, 2168104, 0.012730206456035375, 0.9971909999847413
30, 10, 1, 13.465353276999963, 2168104, 0.00793936348054558, 0.9986702144145966
30, 1, 1, 14.72338266600002, 2168104, 0.03125703204423189, 0.9922106146812439
30, 13, 1, 13.942638837999993, 2168104, 0.007661542913410813, 0.9981523275375366
30, 0, 1, 17.159331057999964, 2168104, 0.004616934870136901, 0.9991274654865265
30, 47, 1, 16.654042135999987, 2168104, 0.01115539507009089, 0.9981138408184052
30, 8, 1, 20.225149690000023, 2168104, 0.017061967914924026, 0.9972916722297669
30, 45, 1, 19.01022721999999, 2168104, 0.006625867262482643, 0.9985480308532715
30, 2, 1, 21.918568738000033, 2168104, 0.009638665686361491, 0.9978219926357269
30, 4, 1, 31.325555355000006, 2168104, 0.018184128496795893, 0.9962031483650208
31, 16, 1, 8.474496692000002, 2168104, 0.023324875719845296, 0.9941553115844727
31, 28, 1, 11.16242208999995, 2168104, 0.014566106558777391, 0.9968952119350434
31, 15, 1, 9.191360705000022, 2168104, 0.021544200275093316, 0.9949425339698792
31, 6, 1, 12.10234248100005, 2168104, 0.011425568792037665, 0.9973430037498474
31, 48, 1, 14.215478568000009, 2168104, 0.012231806619092822, 0.9974307298660279
31, 17, 1, 16.70925281000001, 2168104, 0.04468121938407421, 0.9890380322933197
31, 37, 1, 15.276116666000007, 2168104, 0.003943874570541084, 0.9993915736675263
31, 44, 1, 13.825875546999953, 2168104, 0.012829330423846841, 0.9973952949047089
31, 49, 1, 21.933154554999987, 2168104, 0.015134064015001059, 0.9970892071723938
31, 27, 1, 23.216267577999986, 2168104, 0.018298977985978127, 0.9968301475048065
31, 21, 1, 24.658904197999988, 2168104, 0.010282898880541324, 0.9972321331501007
31, 9, 1, 27.613978352000004, 2168104, 0.014349140273407102, 0.9966083586215972
32, 7, 1, 5.2168295060000105, 2168104, 0.005912902852287516, 0.998470950126648
32, 18, 1, 11.727202116, 2168104, 0.010616028890945017, 0.9975694477558136
32, 44, 1, 14.821679114000005, 2168104, 0.011513664573431014, 0.9979060232639313
32, 10, 1, 13.547327379000023, 2168104, 0.00581694373395294, 0.9988829791545868
32, 13, 1, 16.231316763999985, 2168104, 0.006679729686584324, 0.9982424557209015
32, 45, 1, 18.946550218000027, 2168104, 0.00504317709710449, 0.998808640241623
32, 0, 1, 18.171404859000006, 2168104, 0.0029435842006932944, 0.9994309544563293
32, 8, 1, 19.586584445000028, 2168104, 0.014586641965433956, 0.9974652767181397
32, 47, 1, 19.644690910999998, 2168104, 0.009737421898171306, 0.998353898525238
32, 23, 1, 29.667083435999984, 2168104, 0.003455523366574198, 0.9994495928287506
32, 2, 1, 25.915459553999995, 2168104, 0.00871254673693329, 0.9979564428329468
32, 4, 1, 27.33406707200004, 2168104, 0.015184219181537627, 0.9968934953212738
33, 16, 1, 8.485458451999989, 2168104, 0.02105848602950573, 0.9947958409786224
33, 15, 1, 9.653562876000024, 2168104, 0.020978984516113998, 0.9951724231243133
33, 6, 1, 12.150485005999997, 2168104, 0.009835558920167386, 0.9972826063632965
33, 28, 1, 10.885984489000009, 2168104, 0.01364216145593673, 0.9967011630535125
33, 48, 1, 12.789311581999982, 2168104, 0.012118151877075434, 0.9975314855575561
33, 37, 1, 14.385680591999972, 2168104, 0.0035651372571010144, 0.9993915736675263
33, 17, 1, 15.568007776999991, 2168104, 0.045651431754231454, 0.9881879091262817
33, 49, 1, 20.693268520000004, 2168104, 0.013406428741291165, 0.9975586950778961
33, 21, 1, 22.394512016999954, 2168104, 0.009945637825876475, 0.9974702358245849
33, 3, 1, 24.280893986000024, 2168104, 0.013797840056940913, 0.9972571492195129
33, 27, 1, 23.73935601300002, 2168104, 0.016460296511650086, 0.997159081697464
33, 9, 1, 27.570454117999986, 2168104, 0.012914346670731902, 0.9973082125186921
34, 7, 1, 4.579799761999993, 2168104, 0.006575243262341246, 0.9977064192295074
34, 10, 1, 12.500928337999994, 2168104, 0.006101078353822231, 0.9987234055995942
34, 44, 1, 13.162816362000001, 2168104, 0.010962422145530582, 0.997599583864212
34, 18, 1, 10.427311177999968, 2168104, 0.00956671042367816, 0.9979166686534882
34, 13, 1, 14.696759686999997, 2168104, 0.006924789014738053, 0.9985128462314605
34, 45, 1, 17.460478243999972, 2168104, 0.0051161343755666165, 0.9987714052200317
34, 0, 1, 18.662212748, 2168104, 0.003664155426668003, 0.9992792129516601
34, 47, 1, 19.32376665000004, 2168104, 0.009209873666986824, 0.9985939562320709
34, 8, 1, 17.964961502999984, 2168104, 0.013865834940224886, 0.9977430522441864
34, 2, 1, 25.466539551999972, 2168104, 0.008377789705991744, 0.9980102181434631
34, 4, 1, 27.102700277999986, 2168104, 0.013334319228306413, 0.9974358975887299
34, 23, 1, 26.260926170999994, 2168104, 0.0029059640364721417, 0.999499624967575
35, 15, 1, 8.76677515900002, 2168104, 0.01699225795455277, 0.9954789280891418
35, 16, 1, 6.358270198000014, 2168104, 0.03194256825372577, 0.9929543614387513
35, 28, 1, 9.711174341999993, 2168104, 0.011951412097550929, 0.9968305289745331
35, 6, 1, 11.13169898000001, 2168104, 0.00896084913983941, 0.9974637746810913
35, 37, 1, 15.536313382999992, 2168104, 0.0034958669275511056, 0.9994784951210022
35, 48, 1, 13.755732547999969, 2168104, 0.011011659912765027, 0.9979345083236695
35, 17, 1, 15.508936230000018, 2168104, 0.039139206521213055, 0.9911409437656402
35, 49, 1, 22.443577102000006, 2168104, 0.012439775932580232, 0.9977464735507965
35, 21, 1, 21.499844320000022, 2168104, 0.008781973831355571, 0.9978868961334229
35, 3, 1, 19.274890255999992, 2168104, 0.012508329143747688, 0.997914296388626
35, 9, 1, 23.427719269000022, 2168104, 0.011836397834122181, 0.9979273319244385
35, 27, 1, 21.420842659000016, 2168104, 0.014635113859549164, 0.998026317358017
36, 7, 1, 5.376863231000016, 2168104, 0.007796895579667762, 0.9981651365756988
36, 18, 1, 8.046706131000008, 2168104, 0.009136213501915336, 0.9979745388031006
36, 10, 1, 13.000443080000025, 2168104, 0.005320222466252744, 0.9989361703395844
36, 44, 1, 14.059125496000007, 2168104, 0.009903788473457098, 0.998212456703186
36, 45, 1, 16.502424830999985, 2168104, 0.0054835199029184874, 0.9989203333854675
36, 8, 1, 18.87030443599997, 2168104, 0.012414514739066362, 0.9978125035762787
36, 13, 1, 16.20248657899998, 2168104, 0.005487432953668758, 0.9985128462314605
36, 47, 1, 20.00132301100001, 2168104, 0.008944554557092487, 0.9987311244010926
36, 0, 1, 18.75112756599998, 2168104, 0.0023864714021328837, 0.999582701921463
36, 2, 1, 26.59255272300004, 2168104, 0.007546800933778286, 0.9981177747249603
36, 23, 1, 27.340319007999994, 2168104, 0.002864411397604272, 0.9995246410369873
36, 4, 1, 28.738479358000006, 2168104, 0.012609956506639718, 0.997608482837677
37, 15, 1, 9.057610900999975, 2168104, 0.015605948679149152, 0.9957854449748993
37, 16, 1, 9.373135644000001, 2168104, 0.1167208019644022, 0.9879103183746338
37, 28, 1, 9.428342216999965, 2168104, 0.010810164641588927, 0.9975420475006104
37, 17, 1, 10.41574693199999, 2168104, 0.037432563863694666, 0.991006714105606
37, 6, 1, 12.015999061000002, 2168104, 0.008694789907895028, 0.9977053165435791
37, 37, 1, 15.008313949000012, 2168104, 0.00332373182172887, 0.9995219528675079
37, 48, 1, 14.035605137000005, 2168104, 0.010227245860733092, 0.9977329969406128
37, 49, 1, 18.652438598000003, 2168104, 0.011020996933802962, 0.9980594694614411
37, 21, 1, 19.080506958, 2168104, 0.008286384725943207, 0.9980357110500335
37, 3, 1, 23.37895075, 2168104, 0.011137706926092505, 0.9982857167720794
37, 27, 1, 23.81002749000004, 2168104, 0.01379114561714232, 0.9978169858455658
37, 9, 1, 26.394584707999968, 2168104, 0.01100763282738626, 0.9979004085063934
38, 7, 1, 4.997738744000003, 2168104, 0.006765012029791251, 0.9978593289852142
38, 18, 1, 11.640691823999987, 2168104, 0.008876187191344798, 0.9978587985038757
38, 10, 1, 12.17182955100003, 2168104, 0.005002431984758004, 0.9991489350795746
38, 44, 1, 13.46974682399997, 2168104, 0.009480880992487072, 0.9981103122234345
38, 13, 1, 15.761964610000007, 2168104, 0.006974518223432824, 0.9983325898647308
38, 0, 1, 11.579989853999962, 2168104, 0.0025447324733249843, 0.9994309544563293
38, 8, 1, 19.597870108000052, 2168104, 0.011501752538606524, 0.9981597185134887
38, 45, 1, 18.529773424999973, 2168104, 0.004142002126900479, 0.9989203333854675
38, 47, 1, 21.391728731, 2168104, 0.007998289703391493, 0.9985253691673279
38, 2, 1, 26.03294189999997, 2168104, 0.007841593492776156, 0.9983597755432129
38, 4, 1, 25.594811585000002, 2168104, 0.011156502738595009, 0.9980276167392731
38, 23, 1, 27.963201558000037, 2168104, 0.0028440880414564162, 0.9993495166301727
39, 15, 1, 9.47576026500002, 2168104, 0.017565337475389242, 0.9954789280891418
39, 28, 1, 10.43950557300002, 2168104, 0.010636186855845154, 0.9976714134216309
39, 16, 1, 9.030547465999973, 2168104, 0.017232134845107792, 0.9958366692066193
39, 6, 1, 11.931146608000006, 2168104, 0.008790504513308406, 0.9981280207633972
39, 48, 1, 13.10183853899997, 2168104, 0.009678043820895255, 0.9982871532440185
39, 17, 1, 15.36624765900001, 2168104, 0.03437594845890999, 0.9920357823371887
39, 37, 1, 15.073136949999991, 2168104, 0.00351807699771598, 0.9995654106140137
39, 49, 1, 21.500504772, 2168104, 0.00991071229800582, 0.9984663546085357
39, 21, 1, 21.133187831999976, 2168104, 0.008016898622736334, 0.9981547713279724
39, 3, 1, 23.78848315099998, 2168104, 0.010367669397965074, 0.9985428571701049
39, 9, 1, 24.830913353000028, 2168104, 0.010278847115114332, 0.997927325963974
39, 27, 1, 24.12235967700002, 2168104, 0.012370710773393512, 0.9985645949840546
40, 7, 1, 4.777646627000024, 2168104, 0.007367920837714337, 0.9980122327804566
40, 18, 1, 12.62648057399997, 2168104, 0.008534651109948754, 0.9980324089527131
40, 10, 1, 12.905165056999977, 2168104, 0.0048925409791991115, 0.9988297879695892
40, 44, 1, 11.49798518800003, 2168104, 0.009245980298146605, 0.9984678149223327
40, 13, 1, 16.22948966900003, 2168104, 0.005035380367189646, 0.9986029744148255
40, 0, 1, 18.071790137999983, 2168104, 0.002608353947289288, 0.9994309544563293
40, 8, 1, 18.865392556000018, 2168104, 0.011216865619644523, 0.9984375
40, 45, 1, 17.125604840999983, 2168104, 0.0038917382538784296, 0.9990320146083832
40, 47, 1, 16.735325329000034, 2168104, 0.007954607671126723, 0.998731130361557
40, 23, 1, 26.15806286999998, 2168104, 0.0028063965612091122, 0.999499624967575
40, 4, 1, 26.158556569999973, 2168104, 0.009919609874486923, 0.9981262266635895
40, 2, 1, 26.582916272999967, 2168104, 0.006772909872233867, 0.9985211133956909
41, 15, 1, 6.038200544000006, 2168104, 0.015603001811541617, 0.9957854390144348
41, 16, 1, 9.332672754000043, 2168104, 0.017101402999833225, 0.9958366632461548
41, 28, 1, 11.518418457999985, 2168104, 0.011289910716004669, 0.9978007793426513
41, 6, 1, 10.485738060000017, 2168104, 0.00797629973385483, 0.9975845396518708
41, 48, 1, 13.046290056999965, 2168104, 0.00933687894139439, 0.9980352640151977
41, 17, 1, 15.332792109000025, 2168104, 0.03172504082322121, 0.9921700179576873
41, 37, 1, 16.908722058999956, 2168104, 0.002927612903295085, 0.999435031414032
41, 49, 1, 19.924610082000015, 2168104, 0.009093519393354654, 0.9986228525638581
41, 27, 1, 22.334575028000017, 2168104, 0.010748046729713679, 0.9988337337970734
41, 21, 1, 23.21560327399999, 2168104, 0.007266152533702552, 0.9983630955219269
41, 9, 1, 21.897162100999992, 2168104, 0.009616989921778441, 0.998169583082199
41, 3, 1, 25.665864544999977, 2168104, 0.009296750789508224, 0.998628580570221
42, 7, 1, 4.748919878000038, 2168104, 0.007543202617671341, 0.9978593289852142
42, 18, 1, 11.465163183000016, 2168104, 0.008068161946721376, 0.9982638895511627
42, 44, 1, 13.129502265999974, 2168104, 0.008680830290541054, 0.9983656704425812
42, 13, 1, 15.12214231400003, 2168104, 0.00712748674559407, 0.998242449760437
42, 10, 1, 11.472384446000035, 2168104, 0.004730287997517735, 0.9989361703395844
42, 45, 1, 12.179563318000021, 2168104, 0.003889292571693659, 0.9990320146083832
42, 47, 1, 19.725862022, 2168104, 0.007503059925511479, 0.9989025950431824
42, 8, 1, 19.453743284999973, 2168104, 0.0101237824652344, 0.9984027802944183
42, 0, 1, 19.768070865000027, 2168104, 0.002401256718439981, 0.9995068311691284
42, 23, 1, 26.572202705999985, 2168104, 0.0028012293623760343, 0.9996247172355652
42, 2, 1, 24.72847706699997, 2168104, 0.005976873321924358, 0.9987900018692016
42, 4, 1, 27.792682135000007, 2168104, 0.009171547088772058, 0.9983481228351593
43, 15, 1, 8.755109207999965, 2168104, 0.0145431247074157, 0.9958620727062225
43, 16, 1, 8.571690653000019, 2168104, 0.014887511683627962, 0.9967974305152894
43, 30, 1, 10.666962465999973, 2168104, 0.005834859609603882, 0.9988466799259186
43, 6, 1, 11.115845544999956, 2168104, 0.008325268258340656, 0.9978864789009094
43, 48, 1, 11.165947692999964, 2168104, 0.009242218430154025, 0.9980352640151977
43, 17, 1, 14.486494612000001, 2168104, 0.02979517513886094, 0.9930201411247254
43, 28, 1, 9.028558256999986, 2168104, 0.009239173214882612, 0.9975420475006104
43, 49, 1, 21.45597007699996, 2168104, 0.008373272651806474, 0.9988106429576874
43, 21, 1, 20.550883605000024, 2168104, 0.0066036498872563245, 0.9983035743236541
43, 27, 1, 19.787182145999964, 2168104, 0.010519671579822898, 0.9989234507083893
43, 3, 1, 23.92724054200005, 2168104, 0.00846318113617599, 0.9989428579807281
43, 9, 1, 24.222001741000042, 2168104, 0.008654964016750455, 0.9983849346637725
44, 7, 1, 4.475144849000003, 2168104, 0.007047907955711708, 0.9981651365756988
44, 10, 1, 12.830662738000001, 2168104, 0.00497447193483822, 0.9987234055995942
44, 18, 1, 11.581502243999978, 2168104, 0.006841866474132985, 0.9983217597007752
44, 44, 1, 13.59280067200001, 2168104, 0.007989778835326432, 0.9984678208827973
44, 13, 1, 14.156077226000036, 2168104, 0.006109544401988387, 0.9984227120876312
44, 0, 1, 17.943748927, 2168104, 0.0025212139065843076, 0.9993171453475952
44, 8, 1, 20.025759517999973, 2168104, 0.009486902435310186, 0.9985069453716278
44, 47, 1, 19.959652503999962, 2168104, 0.006061942456290126, 0.999176949262619
44, 45, 1, 19.19131177899999, 2168104, 0.004035019123693928, 0.9990320205688477
44, 4, 1, 28.135515116999954, 2168104, 0.00840992433950305, 0.9987179577350617
44, 2, 1, 27.225523454999973, 2168104, 0.005771212535910309, 0.9988437771797181
44, 23, 1, 27.744402709999974, 2168104, 0.00294041606830433, 0.9996747553348542
45, 15, 1, 9.117147386999989, 2168104, 0.016917389864102007, 0.99616858959198
45, 16, 1, 9.035683053000014, 2168104, 0.015138748101890087, 0.996156919002533
45, 28, 1, 10.042260915999975, 2168104, 0.01024306311737746, 0.9979301452636719
45, 6, 1, 8.385119309000004, 2168104, 0.007935359340626747, 0.9980676352977753
45, 48, 1, 13.799664482000026, 2168104, 0.007983427401632071, 0.9983375310897827
45, 17, 1, 15.633536302999971, 2168104, 0.027729314658790825, 0.993601781129837
45, 37, 1, 15.087397770999985, 2168104, 0.0029434355965349823, 0.9994784891605377
45, 27, 1, 21.687990023999987, 2168104, 0.009295657649636269, 0.9988337337970734
45, 49, 1, 22.052154771999994, 2168104, 0.00850319026503712, 0.9989045441150666
45, 21, 1, 23.245280760000014, 2168104, 0.006227956362999975, 0.9984226286411285
45, 9, 1, 24.618618099000003, 2168104, 0.008205765159800649, 0.9986271917819977
45, 3, 1, 25.66474328499993, 2168104, 0.008488406054675579, 0.9990000009536744
46, 7, 1, 5.229291404000037, 2168104, 0.006166999856941402, 0.9983180403709412
46, 18, 1, 11.825519341000017, 2168104, 0.006283973250538111, 0.9985532402992249
46, 10, 1, 12.746716342000013, 2168104, 0.00568661026773043, 0.9987765967845916
46, 44, 1, 13.773481066000045, 2168104, 0.007402279647067189, 0.9986210346221924
46, 13, 1, 15.088442278000002, 2168104, 0.004247699514962733, 0.9987832367420196
46, 0, 1, 17.476758402999963, 2168104, 0.0021031936019426213, 0.9996585726737977
46, 45, 1, 17.60410633500004, 2168104, 0.0042226487072184685, 0.9990320205688477
46, 8, 1, 20.875559197999962, 2168104, 0.00904093540739268, 0.9986458361148834
46, 47, 1, 20.575866359000088, 2168104, 0.005662616272456944, 0.9989711940288544
46, 2, 1, 25.685658484999976, 2168104, 0.005817981297150254, 0.9987362205982209
46, 23, 1, 27.699733835000018, 2168104, 0.002452526509296149, 0.9995997011661529
46, 4, 1, 30.897345829000017, 2168104, 0.007766195945441723, 0.9987179517745972
47, 15, 1, 9.619311523000022, 2168104, 0.012596911820583045, 0.9961685836315155
47, 16, 1, 8.387903600000016, 2168104, 0.030115368450060485, 0.9931945502758026
47, 28, 1, 9.673710379, 2168104, 0.008555936196353286, 0.9981241941452026
47, 6, 1, 8.372964590999914, 2168104, 0.007646448444575071, 0.9981280207633972
47, 48, 1, 15.217343346999996, 2168104, 0.006920580822043121, 0.9985894203186035
47, 17, 1, 15.698283967000009, 2168104, 0.027424185816198588, 0.9934675633907318
47, 37, 1, 16.13139281900004, 2168104, 0.002615479449741542, 0.9995219528675079
47, 21, 1, 22.762125550999997, 2168104, 0.005750171723775566, 0.9986904859542847
47, 3, 1, 24.317720946999998, 2168104, 0.0074981102021411065, 0.9991142928600312
47, 49, 1, 22.79557461899992, 2168104, 0.007463524909690022, 0.9989984333515167
47, 9, 1, 25.252940195999997, 2168104, 0.007525654789060354, 0.9988694489002228
47, 27, 1, 22.72361618900004, 2168104, 0.008779175346717238, 0.9988636374473572
48, 7, 1, 4.994895020000058, 2168104, 0.006337625358719378, 0.9983180403709412
48, 18, 1, 11.780543945999966, 2168104, 0.006766541185788811, 0.9986689805984497
48, 44, 1, 13.776965875999963, 2168104, 0.007389426953159273, 0.9988763988018036
48, 13, 1, 15.962812524000014, 2168104, 0.0042336226557381455, 0.9989184319972992
48, 10, 1, 13.512263393000012, 2168104, 0.003721047891303897, 0.9988829791545868
48, 0, 1, 17.919987040000024, 2168104, 0.0018796752847265452, 0.9996206402778626
48, 45, 1, 17.972192502999974, 2168104, 0.00379749292624183, 0.9992554008960723
48, 8, 1, 18.979443833000005, 2168104, 0.008076792070642113, 0.9987152755260468
48, 47, 1, 18.827999252999973, 2168104, 0.00596514146309346, 0.999108362197876
48, 23, 1, 25.866879506000032, 2168104, 0.0024534483323805033, 0.9995746791362763
48, 2, 1, 25.948354014000074, 2168104, 0.0058691858779639, 0.9987900018692016
48, 4, 1, 23.926162892000036, 2168104, 0.007324329693801701, 0.9988658905029297
49, 15, 1, 8.031190011999968, 2168104, 0.010696322727017104, 0.9970114946365356
49, 28, 1, 10.549017875000004, 2168104, 0.008019604859873653, 0.9979948282241822
49, 30, 1, 10.427514217999942, 2168104, 0.007170186541043222, 0.9985074639320374
49, 16, 1, 9.032752603000063, 2168104, 0.012667157175019383, 0.9969575643539429
49, 6, 1, 8.681308306999995, 2168104, 0.00696753328666091, 0.9986715018749237
49, 48, 1, 12.411623277000047, 2168104, 0.006830095732584596, 0.9987909317016601
49, 17, 1, 14.373366642999997, 2168104, 0.024959884490817784, 0.9946756184101104
49, 21, 1, 21.802911924, 2168104, 0.005564228910952806, 0.9987500071525574
49, 3, 1, 22.616897281999968, 2168104, 0.00720544378273189, 0.9992000043392182
49, 49, 1, 21.261927324999988, 2168104, 0.006450308742932976, 0.9993114233016968
49, 27, 1, 22.47104792099998, 2168104, 0.007990570971742272, 0.9992523908615112
49, 9, 1, 25.802868358000012, 2168104, 0.007023579557426274, 0.9990309536457062
50, 7, 1, 4.175497467000014, 2168104, 0.005566859652753919, 0.9981651365756988
50, 10, 1, 13.702011280000079, 2168104, 0.004968903138069436, 0.9989361703395844
50, 13, 1, 16.001738321999937, 2168104, 0.005780619487632066, 0.998738169670105
50, 22, 1, 13.522983580999949, 2168104, 0.004550487513188273, 0.9988775491714478
50, 44, 1, 12.622035740000001, 2168104, 0.00687272883951664, 0.9989274740219116
50, 0, 1, 17.994414704000008, 2168104, 0.002140072511974722, 0.9994309544563293
50, 18, 1, 9.862232971000026, 2168104, 0.007159344817046076, 0.9984375
50, 45, 1, 18.807716434999975, 2168104, 0.0030102916760370137, 0.9992181658744812
50, 47, 1, 20.238917367, 2168104, 0.005259701947215945, 0.9992798328399658
50, 8, 1, 20.31007690399997, 2168104, 0.008281705668196082, 0.9991319477558136
50, 2, 1, 25.146343506999983, 2168104, 0.005189579469151795, 0.9989513337612153
50, 23, 1, 29.023958414999925, 2168104, 0.0020562861143844204, 0.9996247172355652
51, 16, 1, 8.699295044999985, 2168104, 0.011760426033288241, 0.9973578870296478
51, 15, 1, 10.251080924999997, 2168104, 0.010149193857796491, 0.9973180055618286
51, 28, 1, 10.88318554600005, 2168104, 0.0071014474844560025, 0.9985122919082642
51, 6, 1, 11.265898135999976, 2168104, 0.006166258675511927, 0.9985507249832153
51, 48, 1, 9.843793366, 2168104, 0.0062840677797794346, 0.9988413095474243
51, 37, 1, 15.348948502999974, 2168104, 0.002612273348495364, 0.9996088683605194
51, 17, 1, 15.374974792999978, 2168104, 0.02274259990081191, 0.9948545813560485
51, 49, 1, 20.444815225999946, 2168104, 0.005850723991170525, 0.9993114233016968
51, 21, 1, 19.233667947999948, 2168104, 0.005156748625449836, 0.9988095343112946
51, 27, 1, 21.38545361900003, 2168104, 0.0071832823101431135, 0.9992523908615112
51, 3, 1, 24.86293206900001, 2168104, 0.006778393313288689, 0.9992571473121643
51, 9, 1, 25.794278968000015, 2168104, 0.006495833676308393, 0.9992732226848602
52, 7, 1, 4.591487369999982, 2168104, 0.005963071514270268, 0.998470950126648
52, 18, 1, 12.133371342000032, 2168104, 0.006080589420162141, 0.9985532402992249
52, 10, 1, 13.360757686999989, 2168104, 0.004271337058162317, 0.9989361703395844
52, 44, 1, 12.544056391000026, 2168104, 0.006084353802725673, 0.9991317570209504
52, 13, 1, 15.295845855000039, 2168104, 0.006374161475105211, 0.9988283038139343
52, 45, 1, 16.42828742000006, 2168104, 0.0035020553157664837, 0.9991437077522278
52, 0, 1, 18.412000377000027, 2168104, 0.0019285875692730769, 0.9996206402778626
52, 47, 1, 18.704391698999984, 2168104, 0.004655391222331673, 0.9993827164173126
52, 8, 1, 19.613650871999994, 2168104, 0.007909977552480995, 0.9987500011920929
52, 2, 1, 25.926788233000025, 2168104, 0.004760543641168624, 0.9989513337612153
52, 4, 1, 25.936201186000005, 2168104, 0.006976146879605949, 0.9988905489444733
52, 23, 1, 30.802764981999985, 2168104, 0.0017802312242565677, 0.9995997011661529
53, 16, 1, 9.38448714499998, 2168104, 0.011527687823399902, 0.9971977472305298
53, 15, 1, 9.976528426999948, 2168104, 0.013132889778353274, 0.9965517222881317
53, 30, 1, 10.072108875000026, 2168104, 0.004802751506213098, 0.9988466799259186
53, 6, 1, 11.110971200000108, 2168104, 0.006887913646642119, 0.9986111164093018
53, 28, 1, 9.68857338700002, 2168104, 0.007261874596588313, 0.9985769748687744
53, 48, 1, 14.549903109000013, 2168104, 0.005987533438019455, 0.9986901760101319
53, 17, 1, 12.97139595200008, 2168104, 0.021415713429450988, 0.9957941830158233
53, 3, 1, 21.48115975099995, 2168104, 0.006260419497266412, 0.9991142928600312
53, 27, 1, 21.49229117599998, 2168104, 0.007537336996756494, 0.9992523908615112
53, 21, 1, 22.973409564000008, 2168104, 0.0053426597733050585, 0.9989285826683044
53, 49, 1, 21.87069053999994, 2168104, 0.005788782006129622, 0.9993740200996399
53, 9, 1, 25.08379126300008, 2168104, 0.0061516525689512495, 0.9993539750576019
54, 7, 1, 4.907391540000049, 2168104, 0.005407930220826529, 0.9986238539218902
54, 18, 1, 12.802345985999978, 2168104, 0.005939207575283945, 0.9985532402992249
54, 44, 1, 14.228629042999955, 2168104, 0.005974355316720903, 0.9989785492420197
54, 10, 1, 13.602889227000105, 2168104, 0.004100093065062538, 0.9988829791545868
54, 13, 1, 14.172792910999988, 2168104, 0.004754841112298891, 0.9987832367420196
54, 0, 1, 18.27520020399993, 2168104, 0.0017043767584254965, 0.9996585726737977
54, 45, 1, 18.85373366699997, 2168104, 0.0036082538776099683, 0.9990320205688477
54, 47, 1, 20.052939739000067, 2168104, 0.004691555385943502, 0.9992798328399658
54, 8, 1, 18.034285679999982, 2168104, 0.007017356366850436, 0.9989236116409301
54, 2, 1, 25.828236710000056, 2168104, 0.004184735286980867, 0.9991126656532288
54, 23, 1, 26.52623822099997, 2168104, 0.0018673380283871666, 0.9996747553348542
54, 4, 1, 27.753685272999974, 2168104, 0.0064320597564801575, 0.9990877866744995
55, 16, 1, 8.399721374000023, 2168104, 0.010813391534611583, 0.9979983866214752
55, 28, 1, 10.309875300000044, 2168104, 0.0073351941537112, 0.9983829259872437
55, 6, 1, 11.868039349000014, 2168104, 0.00635717895347625, 0.9983695685863495
55, 15, 1, 9.12456007000003, 2168104, 0.012138240318745375, 0.9967816174030304
55, 30, 1, 8.658657489000007, 2168104, 0.004485226317774505, 0.9991858899593353
55, 17, 1, 13.740313345000004, 2168104, 0.020183057617396118, 0.9956152081489563
55, 48, 1, 13.23998932500001, 2168104, 0.006555983633734286, 0.9985894203186035
55, 27, 1, 23.14072338899996, 2168104, 0.006872938736341894, 0.9992224872112274
55, 49, 1, 21.393383032000088, 2168104, 0.005505222571082413, 0.9993114233016968
55, 3, 1, 23.144236105999994, 2168104, 0.006243083858862519, 0.9993142902851104
55, 21, 1, 23.692005618000053, 2168104, 0.004574094898998737, 0.9990476191043853
55, 9, 1, 25.813766651000037, 2168104, 0.00613113883882761, 0.999380886554718
56, 7, 1, 4.681419933000029, 2168104, 0.006064350885571912, 0.9983180403709412
56, 18, 1, 11.237383497999986, 2168104, 0.006656913552433252, 0.9984953701496124
56, 44, 1, 13.543646059000025, 2168104, 0.006290827970951795, 0.9990296185016632
56, 10, 1, 11.44746319300009, 2168104, 0.0041838676726911215, 0.9990425527095794
56, 0, 1, 12.284505556, 2168104, 0.002109010799904354, 0.999582701921463
56, 13, 1, 15.367756336999946, 2168104, 0.004738153499783948, 0.9986931085586548
56, 45, 1, 17.84858366399999, 2168104, 0.0035040185233810917, 0.998994791507721
56, 8, 1, 18.392925957999978, 2168104, 0.00732886646874249, 0.9987152755260468
56, 47, 1, 20.989128370000003, 2168104, 0.004533995140809566, 0.9992455422878266
56, 2, 1, 25.08973193199995, 2168104, 0.004318466712720692, 0.9990588903427124
56, 4, 1, 27.935938441000076, 2168104, 0.00665914046112448, 0.9990384757518769
56, 23, 1, 29.200796294000043, 2168104, 0.0018392789439531042, 0.9996497392654419
57, 16, 1, 8.568839253999954, 2168104, 0.010132769541814923, 0.997838270664215
57, 15, 1, 6.278878632999977, 2168104, 0.010074007883667946, 0.9970881223678589
57, 30, 1, 9.785234178999985, 2168104, 0.004700676270294935, 0.9989145219326019
57, 48, 1, 11.798330534000002, 2168104, 0.005755004333332181, 0.9990428209304809
57, 28, 1, 11.493516546000023, 2168104, 0.009071685641538351, 0.9979301452636719
57, 6, 1, 11.895860832999915, 2168104, 0.005897721229121089, 0.9986111164093018
57, 17, 1, 15.107246374999932, 2168104, 0.019405411276966333, 0.995749431848526
57, 27, 1, 20.745134912000026, 2168104, 0.006525138509459794, 0.9993122041225433
57, 49, 1, 22.593999733000032, 2168104, 0.005197627609595657, 0.9994366228580475
57, 21, 1, 21.49049775499998, 2168104, 0.004569668450858444, 0.9991071462631226
57, 3, 1, 21.446447263000096, 2168104, 0.005838852399028838, 0.9994000017642974
57, 9, 1, 26.875146774000086, 2168104, 0.005397155438549817, 0.9993808925151825
58, 7, 1, 4.200304971000037, 2168104, 0.004471062438096851, 0.9987767577171326
58, 18, 1, 9.770187706999991, 2168104, 0.0057139869895763695, 0.998842591047287
58, 10, 1, 12.38867166, 2168104, 0.0038643812644295395, 0.9990425527095794
58, 13, 1, 15.056833306999977, 2168104, 0.004281816119328141, 0.9989184319972992
58, 22, 1, 13.699303750000013, 2168104, 0.0036008755152579395, 0.9990816295146943
58, 44, 1, 14.307623036999985, 2168104, 0.005693297809921205, 0.9992339074611664
58, 8, 1, 19.35880209800007, 2168104, 0.006513917236588895, 0.9991319477558136
58, 45, 1, 17.670871870000042, 2168104, 0.002776850332156755, 0.999180942773819
58, 47, 1, 20.36355615900004, 2168104, 0.004771513468585909, 0.9994170069694519
58, 0, 1, 18.59093932999997, 2168104, 0.0015511538251303137, 0.9996206402778626
58, 2, 1, 23.109890637000035, 2168104, 0.004526304139290005, 0.9991664469242096
58, 23, 1, 31.620211534999953, 2168104, 0.002394830685807392, 0.9995997011661529
59, 16, 1, 8.685937809999928, 2168104, 0.01147349108941853, 0.9969575524330139
59, 15, 1, 9.393566854000028, 2168104, 0.007683046674355864, 0.9979310393333435
59, 28, 1, 11.056306831999905, 2168104, 0.005665124568622559, 0.9986416578292847
59, 6, 1, 9.546583759999976, 2168104, 0.005197705631144345, 0.9989734292030334
59, 30, 1, 9.530959024000026, 2168104, 0.004447724437341094, 0.9989823639392853
59, 17, 1, 15.228724647999911, 2168104, 0.02267463207244873, 0.995078307390213
59, 48, 1, 13.951940895000007, 2168104, 0.005453115224372596, 0.9990428209304809
59, 3, 1, 24.267910605999987, 2168104, 0.005409005517140031, 0.9994857132434845
59, 49, 1, 22.15394981099996, 2168104, 0.004521514778025449, 0.999436616897583
59, 21, 1, 24.44256529200004, 2168104, 0.0042176141636446115, 0.9992261946201324
59, 9, 1, 25.06148705599992, 2168104, 0.005017043394036591, 0.9994885623455048
59, 27, 1, 23.60803662300009, 2168104, 0.005419401521794498, 0.9995813369750977
60, 7, 1, 4.717474981000009, 2168104, 0.005014883785042912, 0.998470950126648
60, 18, 1, 12.183748486000013, 2168104, 0.005021959741134197, 0.9989004611968995
60, 44, 1, 12.999758294000003, 2168104, 0.005417003505863249, 0.9991317629814148
60, 10, 1, 12.215196289999994, 2168104, 0.004199253980186768, 0.9990425527095794
60, 0, 1, 17.140774306000026, 2168104, 0.0016937862994382158, 0.9996965110301972
60, 13, 1, 14.981429649999995, 2168104, 0.004274727904703468, 0.9989634931087494
60, 47, 1, 19.60086573400008, 2168104, 0.0040346220717765394, 0.9993827164173126
60, 8, 1, 20.85140453400004, 2168104, 0.006155495112761855, 0.9991319417953491
60, 45, 1, 19.183095019000007, 2168104, 0.002432379493257031, 0.9993298590183258
60, 2, 1, 22.957139419999976, 2168104, 0.0038512419676408173, 0.9992202281951904
60, 23, 1, 27.776562151999997, 2168104, 0.001541291401372291, 0.9995997011661529
60, 4, 1, 28.55041431799998, 2168104, 0.005704334517940879, 0.9991617500782013
61, 15, 1, 8.814071155999954, 2168104, 0.01096882983110845, 0.9972413837909698
61, 30, 1, 9.22141181500001, 2168104, 0.005569874180946499, 0.999118047952652
61, 16, 1, 7.369390694000003, 2168104, 0.009529346227645874, 0.9979983925819397
61, 28, 1, 10.931866818999993, 2168104, 0.006400022015441209, 0.9983182430267334
61, 6, 1, 9.174345646000006, 2168104, 0.006069273024331778, 0.9984903395175934
61, 48, 1, 13.194732298000076, 2168104, 0.005772638879716396, 0.9989924430847168
61, 17, 1, 15.770219082999972, 2168104, 0.01711567984893918, 0.9967785179615021
61, 27, 1, 21.64512614399996, 2168104, 0.005236779898405075, 0.99952152967453
61, 21, 1, 21.334851035999918, 2168104, 0.004111982404720038, 0.9991964340209961
61, 49, 1, 20.67167382499997, 2168104, 0.004698401037603617, 0.999467921257019
61, 3, 1, 23.89193796500001, 2168104, 0.005172026273794472, 0.9993714332580567
61, 9, 1, 25.873838105000004, 2168104, 0.004860097588971257, 0.9994885623455048
62, 7, 1, 5.184832883000013, 2168104, 0.004301655825111083, 0.998470950126648
62, 18, 1, 8.27988274900008, 2168104, 0.004971970745828003, 0.9987847208976746
62, 10, 1, 12.908148329000028, 2168104, 0.0033902392111485823, 0.9992553174495697
62, 44, 1, 13.354997626999989, 2168104, 0.005292173742782324, 0.9992339074611664
62, 13, 1, 15.70607261500004, 2168104, 0.0036047809349838643, 0.9988282978534698
62, 0, 1, 18.273376383000027, 2168104, 0.0016140988154802471, 0.999582701921463
62, 45, 1, 20.107794625999986, 2168104, 0.002913239016197622, 0.9994415521621705
62, 47, 1, 19.924934650999944, 2168104, 0.0038013341370970012, 0.9993484199047089
62, 8, 1, 19.317040442999996, 2168104, 0.005747211538255215, 0.9990277826786041
62, 2, 1, 24.760998554000025, 2168104, 0.0037062806834001092, 0.9992739975452423
62, 23, 1, 26.845510325000078, 2168104, 0.002094905069679953, 0.9996247172355652
62, 4, 1, 29.359802404999982, 2168104, 0.005042137787677347, 0.9993343353271484
63, 16, 1, 9.198287612000058, 2168104, 0.008906297199428082, 0.9979983985424041
63, 15, 1, 9.283043707000047, 2168104, 0.008698365290183575, 0.9979310393333435
63, 30, 1, 9.453819575000011, 2168104, 0.004153351066634059, 0.999118047952652
63, 28, 1, 7.733392309999999, 2168104, 0.007063321466557681, 0.9985122919082642
63, 6, 1, 12.314551771999959, 2168104, 0.005932982859667391, 0.9986111104488373
63, 17, 1, 15.882723426999974, 2168104, 0.016211185371503234, 0.9970469772815704
63, 48, 1, 12.52119935899998, 2168104, 0.005927211744710803, 0.9988413095474243
63, 21, 1, 19.313116734000005, 2168104, 0.0038798271445557473, 0.999404764175415
63, 27, 1, 23.070199215999992, 2168104, 0.004969564685598016, 0.9994318187236786
63, 49, 1, 21.755531976000043, 2168104, 0.0044340008404105905, 0.9994053184986115
63, 3, 1, 24.49581080100006, 2168104, 0.005048263422213495, 0.9995142877101898
63, 9, 1, 26.433874813999978, 2168104, 0.004835297516547143, 0.9994616448879242
64, 7, 1, 4.990749452999921, 2168104, 0.0050401616492308675, 0.9983180403709412
64, 18, 1, 12.063054561000058, 2168104, 0.004923533508554101, 0.9989004611968995
64, 10, 1, 12.273230373999922, 2168104, 0.0029675589350517837, 0.9992021262645722
64, 44, 1, 13.571519537999961, 2168104, 0.00522877664770931, 0.9991828322410583
64, 13, 1, 14.465963912999996, 2168104, 0.005902568102465011, 0.9989184319972992
64, 45, 1, 13.32886299400002, 2168104, 0.002740838116733357, 0.9993298590183258
64, 47, 1, 20.143421804000013, 2168104, 0.0037950844038277865, 0.9992798328399658
64, 8, 1, 19.620271652000042, 2168104, 0.006120434962213039, 0.9989583373069764
64, 0, 1, 18.920234477000008, 2168104, 0.0020478429360082373, 0.9995447635650635
64, 2, 1, 25.365563714000018, 2168104, 0.0036795332154724745, 0.9992471158504486
64, 23, 1, 27.739794342000096, 2168104, 0.0017095755989430471, 0.9996747553348542
64, 4, 1, 29.34492221100004, 2168104, 0.0048693778924643995, 0.9992603719234466
65, 16, 1, 8.833094907000032, 2168104, 0.008679221454076468, 0.9982385814189911
65, 28, 1, 9.176131109000039, 2168104, 0.006702545972075313, 0.9985769748687744
65, 30, 1, 9.807217039999955, 2168104, 0.0037563863559626045, 0.9993894159793854
65, 15, 1, 8.510860460000004, 2168104, 0.007458453206345439, 0.9978544116020203
65, 6, 1, 11.40447183599997, 2168104, 0.0060483033885248005, 0.9987922728061676
65, 17, 1, 14.647627624999927, 2168104, 0.016216123895719647, 0.9969574809074402
65, 48, 1, 12.826765638999973, 2168104, 0.005397207767236978, 0.9989924430847168
65, 21, 1, 16.182780770000022, 2168104, 0.004198204248677939, 0.9992857217788697
65, 27, 1, 17.356694843000014, 2168104, 0.005029459856450558, 0.999611246585846
65, 49, 1, 20.116566093000074, 2168104, 0.004264072549995035, 0.999467921257019
65, 3, 1, 22.580182127999933, 2168104, 0.004743416258133948, 0.9994857132434845
65, 9, 1, 23.748945246999938, 2168104, 0.004239264968782663, 0.9996500670909881
66, 7, 1, 4.129881086999944, 2168104, 0.0047290294372942295, 0.9987767577171326
66, 10, 1, 8.806468317000054, 2168104, 0.003949732583714649, 0.9992021262645722
66, 44, 1, 12.496950933999983, 2168104, 0.0046436256030574444, 0.9991828382015229
66, 18, 1, 12.311812443999997, 2168104, 0.005742741574067622, 0.9989004611968995
66, 22, 1, 13.25979321300008, 2168104, 0.0027641441003652288, 0.9992857158184052
66, 13, 1, 13.441114053999968, 2168104, 0.0043572897935519, 0.9988733649253845
66, 8, 1, 18.21588981299999, 2168104, 0.0053586499532684686, 0.999236112833023
66, 45, 1, 18.164425779, 2168104, 0.003294292927603237, 0.9993298590183258
66, 47, 1, 19.322394730999918, 2168104, 0.003451986296568066, 0.9993484199047089
66, 0, 1, 18.090483547999952, 2168104, 0.001224136695964262, 0.9997723817825317
66, 23, 1, 18.943533418000015, 2168104, 0.0018902341253124177, 0.9996497392654419
66, 2, 1, 26.960460219000083, 2168104, 0.003075430600438267, 0.9993546664714813
67, 15, 1, 8.605102302999967, 2168104, 0.007583352259825915, 0.9983908057212829
67, 16, 1, 8.615940010000031, 2168104, 0.008042140468023717, 0.9983186542987823
67, 28, 1, 10.982531284999936, 2168104, 0.005393367900978774, 0.998965072631836
67, 30, 1, 9.741950230000043, 2168104, 0.003973080159630627, 0.9995250999927521
67, 6, 1, 10.86594616900004, 2168104, 0.005201158695854247, 0.9989734351634979
67, 48, 1, 12.16516769000009, 2168104, 0.004486704058945179, 0.9992947101593017
67, 17, 1, 15.596423780999999, 2168104, 0.01389053575694561, 0.9977628588676453
67, 27, 1, 21.43495063699993, 2168104, 0.004578272090293467, 0.9995813369750977
67, 49, 1, 21.518793157999994, 2168104, 0.0037834342685528098, 0.9996244132518768
67, 9, 1, 25.199431699, 2168104, 0.003986652498133481, 0.999784654378891
67, 3, 1, 21.74188402300001, 2168104, 0.004828389617614448, 0.999571430683136
67, 21, 1, 22.997230554999987, 2168104, 0.0035280698677524923, 0.9993154823780059
68, 7, 1, 4.296403645000055, 2168104, 0.004149601989774964, 0.9987767577171326
68, 18, 1, 11.551062731999991, 2168104, 0.004525089886737987, 0.9990162014961242
68, 44, 1, 13.529744657000037, 2168104, 0.004275693488307297, 0.9995914220809936
68, 10, 1, 13.614764289999925, 2168104, 0.003757874551229179, 0.9989361703395844
68, 45, 1, 17.466529616000003, 2168104, 0.0022036713460693138, 0.9993670880794525
68, 0, 1, 18.186540261999994, 2168104, 0.0015474932763027028, 0.9996206402778626
68, 13, 1, 17.109374406999905, 2168104, 0.0034064222098095344, 0.9990536272525787
68, 47, 1, 20.08988117399997, 2168104, 0.0042073774733580645, 0.9992455422878266
68, 8, 1, 17.324732595, 2168104, 0.005142102541867644, 0.9990625023841858
68, 2, 1, 25.937494394000055, 2168104, 0.00301926271058619, 0.9992471098899841
68, 4, 1, 29.176724734999993, 2168104, 0.004857562831602991, 0.9992110550403595
68, 23, 1, 28.69301134400007, 2168104, 0.001483481246395968, 0.9996497392654419
69, 15, 1, 9.33815731499999, 2168104, 0.008274658035952598, 0.9977777779102326
69, 16, 1, 8.749591338999949, 2168104, 0.00791368258651346, 0.9985588371753693
69, 30, 1, 10.380522326000005, 2168104, 0.0033635227591730654, 0.9996607840061188
69, 6, 1, 11.14240256000005, 2168104, 0.005323488195426762, 0.9986714959144593
69, 28, 1, 8.978546264999977, 2168104, 0.005685950047336519, 0.9985769748687744
69, 48, 1, 13.567495447999931, 2168104, 0.0046797551214694975, 0.9988413095474243
69, 17, 1, 15.640177956000002, 2168104, 0.014026650646701454, 0.9972706854343414
69, 3, 1, 20.09584803200005, 2168104, 0.004245761525817215, 0.9994571447372437
69, 27, 1, 19.61607143499998, 2168104, 0.004489815561100841, 0.9995514333248139
69, 49, 1, 23.870011379999937, 2168104, 0.003636277513578534, 0.9995618164539337
69, 9, 1, 25.16869129700001, 2168104, 0.004079180583357811, 0.9996769845485687
69, 21, 1, 21.86291504299993, 2168104, 0.003492628026288003, 0.9993452429771423
70, 7, 1, 5.057388545000094, 2168104, 0.0056722989393165335, 0.9978593289852142
70, 44, 1, 12.185670303999927, 2168104, 0.004255745955742895, 0.999387127161026
70, 18, 1, 9.04215487099998, 2168104, 0.003969416610198095, 0.9989004611968995
70, 10, 1, 12.781411582000032, 2168104, 0.002906507707666606, 0.9993085086345672
70, 22, 1, 14.417883490000008, 2168104, 0.004256353204254992, 0.9991836726665497
70, 45, 1, 18.61939952299997, 2168104, 0.002222293653176166, 0.9994415521621705
70, 0, 1, 14.810831185999973, 2168104, 0.0012304772666539066, 0.9997723817825317
70, 13, 1, 16.227131946999975, 2168104, 0.0038633997435681524, 0.9990986943244934
70, 47, 1, 19.66220888600003, 2168104, 0.0036397035466507075, 0.9992798328399658
70, 8, 1, 19.784266681999952, 2168104, 0.005553356558084488, 0.9989236116409301
70, 2, 1, 26.442669324000008, 2168104, 0.003429564065299928, 0.9991933345794678
70, 23, 1, 28.238811392000002, 2168104, 0.0018170086637837811, 0.9995746791362763
71, 26, 1, 5.760839808000014, 2168104, 0.007380577095318586, 0.997841727733612
71, 16, 1, 7.607237929000007, 2168104, 0.007658465416170657, 0.9983987152576447
71, 15, 1, 8.91540941900007, 2168104, 0.008422707719728351, 0.9978544056415558
71, 28, 1, 10.226103052999974, 2168104, 0.005540066986577585, 0.998965072631836
71, 6, 1, 7.893855765000012, 2168104, 0.0047902226098813115, 0.9990338206291198
71, 30, 1, 9.233417337999981, 2168104, 0.003528254944831133, 0.9993894159793854
71, 48, 1, 12.754658120000045, 2168104, 0.005885840638075024, 0.9986901760101319
71, 17, 1, 16.29102332599996, 2168104, 0.012930577993392945, 0.9979865789413452
71, 27, 1, 22.41534409999997, 2168104, 0.003988683666102588, 0.9996710538864135
71, 3, 1, 22.846643578999988, 2168104, 0.004355180496349931, 0.999571430683136
71, 49, 1, 21.612631433000047, 2168104, 0.0035537413554266096, 0.9996557116508484
71, 9, 1, 26.611157297999966, 2168104, 0.0036524123046547175, 0.9997308194637299
72, 7, 1, 4.740255306999984, 2168104, 0.004324832340353168, 0.9983180403709412
72, 18, 1, 11.581537768999965, 2168104, 0.0037834086921066045, 0.9992476880550385
72, 10, 1, 13.125229254000033, 2168104, 0.003554639528738335, 0.9992021262645722
72, 44, 1, 13.665839071999926, 2168104, 0.003988198365550488, 0.9995914220809936
72, 13, 1, 16.06833192800002, 2168104, 0.00285475718555972, 0.9992789506912232
72, 1, 1, 16.100438894000035, 2168104, 0.026626063138246538, 0.9929503977298737
72, 0, 1, 17.948857279000094, 2168104, 0.0010081603395519778, 0.9998103201389312
72, 8, 1, 20.16877468000007, 2168104, 0.004732619877904654, 0.9993055582046508
72, 45, 1, 18.056369087000007, 2168104, 0.0025521323361317625, 0.9993670880794525
72, 47, 1, 21.015839992999986, 2168104, 0.003279392747208476, 0.9994170069694519
72, 2, 1, 24.01692343600007, 2168104, 0.0028293380222748966, 0.9994891107082366
72, 23, 1, 27.84192515599989, 2168104, 0.0014146325556794181, 0.9996747553348542
73, 16, 1, 8.391592645999935, 2168104, 0.007354879635386169, 0.9983186542987823
73, 26, 1, 5.721397687000035, 2168104, 0.006845470133703202, 0.9988009572029114
73, 30, 1, 10.778683808999972, 2168104, 0.0033209068235009907, 0.9992537319660186
73, 15, 1, 8.628625347000025, 2168104, 0.006011211941950023, 0.9984674394130707
73, 28, 1, 11.252334031000032, 2168104, 0.0045854898809920995, 0.9990297555923462
73, 6, 1, 11.068637852000052, 2168104, 0.00451209427556023, 0.9987922728061676
73, 17, 1, 15.846548920000032, 2168104, 0.012535820715129375, 0.9981655478477478
73, 48, 1, 14.250385004000009, 2168104, 0.00399052012944594, 0.9992947101593017
73, 49, 1, 22.158252055000048, 2168104, 0.0032391091692261396, 0.9995931148529053
73, 27, 1, 19.558600900999977, 2168104, 0.003792385966517031, 0.9997009575366974
73, 21, 1, 23.604377620000037, 2168104, 0.003305060451384634, 0.9994345307350159
73, 9, 1, 26.674843259, 2168104, 0.003476773132570088, 0.9997039020061493
74, 7, 1, 5.0441052919999265, 2168104, 0.003576198531663977, 0.999235475063324
74, 18, 1, 12.280279481999969, 2168104, 0.004075729119358584, 0.9989583313465118
74, 10, 1, 13.99103948000004, 2168104, 0.0035089105746010318, 0.9991489350795746
74, 44, 1, 14.541070067999954, 2168104, 0.00381372245028615, 0.9994892716407776
74, 13, 1, 15.571727252000073, 2168104, 0.0038889225223101677, 0.9986931025981903
74, 1, 1, 14.281636996999964, 2168104, 0.0233384944498539, 0.9933420360088349
74, 45, 1, 18.224632162000034, 2168104, 0.0026692944971728138, 0.9993670880794525
74, 0, 1, 18.769013794999978, 2168104, 0.001623688661493361, 0.9996585726737977
74, 47, 1, 20.264668215999905, 2168104, 0.003508730890462175, 0.9993141293525696
74, 4, 1, 26.000928096000052, 2168104, 0.004259257228113711, 0.9995069146156311
74, 2, 1, 24.77254442000003, 2168104, 0.002784165524644777, 0.9994353294372559
74, 23, 1, 25.53789214799997, 2168104, 0.0014000323571963236, 0.9996247172355652
75, 26, 1, 5.879603648999932, 2168104, 0.0067174689611420035, 0.9976019144058228
75, 16, 1, 7.938409043999968, 2168104, 0.007050125952810049, 0.9984787762165069
75, 15, 1, 9.495101534000014, 2168104, 0.007602525094989687, 0.9977777779102326
75, 28, 1, 10.79217645499989, 2168104, 0.004403925983933732, 0.9985769748687744
75, 6, 1, 12.378006519999985, 2168104, 0.004556385020259767, 0.9986715018749237
75, 30, 1, 11.195775967999907, 2168104, 0.003951762476935983, 0.9993894159793854
75, 17, 1, 16.31664952699998, 2168104, 0.012091210531070828, 0.9982550263404846
75, 48, 1, 14.696589487999972, 2168104, 0.004712364810984582, 0.9987909317016601
75, 27, 1, 23.367056209999987, 2168104, 0.004233403305988759, 0.9996710538864135
75, 49, 1, 22.221889609000073, 2168104, 0.003332457994110882, 0.99968701004982
75, 3, 1, 23.828617054999995, 2168104, 0.004002118413336575, 0.9995428562164307
75, 9, 1, 25.625308145999952, 2168104, 0.003457243007142097, 0.9996769845485687
76, 7, 1, 5.158829496000067, 2168104, 0.0030290613329270856, 0.999235475063324
76, 10, 1, 13.465149935, 2168104, 0.002690687985159457, 0.99946808218956
76, 18, 1, 11.10832227200001, 2168104, 0.0055131629284005616, 0.9989004611968995
76, 44, 1, 12.60302544199999, 2168104, 0.00392282543471083, 0.9992339074611664
76, 1, 1, 15.470567053999957, 2168104, 0.03372977916151285, 0.9929503798484802
76, 22, 1, 13.123181418999934, 2168104, 0.0025253450468881054, 0.9994897961616516
76, 47, 1, 19.294920805999936, 2168104, 0.003500634548254311, 0.9993141293525696
76, 45, 1, 17.880388583000013, 2168104, 0.002219591094763018, 0.9993670880794525
76, 0, 1, 18.185720788000026, 2168104, 0.0016218377102632075, 0.9995447635650635
76, 13, 1, 16.794577387000004, 2168104, 0.002975900226738304, 0.9990986943244934
76, 2, 1, 24.626102813999978, 2168104, 0.0026994422951247543, 0.9995159983634949
76, 23, 1, 28.605014417999996, 2168104, 0.0015074173075845464, 0.9997498095035553
77, 26, 1, 5.29734478599994, 2168104, 0.008239285356830805, 0.9980815351009369
77, 15, 1, 8.768506032000005, 2168104, 0.006135269626975059, 0.9985440671443939
77, 30, 1, 10.680675769999993, 2168104, 0.0033703351859003306, 0.9994572579860688
77, 39, 1, 10.606961726999998, 2168104, 0.010703576961532235, 0.9968791544437409
77, 16, 1, 8.684786711000015, 2168104, 0.006980345072224736, 0.9989591658115387
77, 6, 1, 11.19752340399998, 2168104, 0.003943932056427002, 0.9992753624916076
77, 48, 1, 13.960851423000008, 2168104, 0.005095603060908616, 0.9990428209304809
77, 17, 1, 15.256009505000065, 2168104, 0.011259062075987458, 0.9982997715473175
77, 27, 1, 21.224045434999994, 2168104, 0.0034511438105255367, 0.9997607648372651
77, 9, 1, 24.757002377999925, 2168104, 0.0032240739674307406, 0.9996500670909881
77, 20, 1, 28.236617081999952, 2168104, 0.008514340897090734, 0.9980535328388214
77, 25, 1, 32.65956368100001, 2168104, 0.009722204552963376, 0.9978986859321595
78, 7, 1, 4.876090363999992, 2168104, 0.006520594003086444, 0.9981651365756988
78, 38, 1, 5.9387421110000105, 2168104, 0.008793708332814277, 0.997889906167984
78, 35, 1, 10.724145005000082, 2168104, 0.0644215480890125, 0.9908751010894775
78, 28, 1, 10.368465859000025, 2168104, 0.0054255174996797, 0.9987063407897949
78, 46, 1, 14.362628355000084, 2168104, 0.03467226400971413, 0.9897073268890381
78, 22, 1, 10.719034813000007, 2168104, 0.0045242193125886844, 0.999030613899231
78, 44, 1, 13.479495313999905, 2168104, 0.004755277675576508, 0.9992849826812744
78, 1, 1, 15.24915782000005, 2168104, 0.018454912304878234, 0.9955178380012513
78, 23, 1, 26.93744638999999, 2168104, 0.0016907199678826146, 0.9994746088981629
78, 36, 1, 24.82101482500002, 2168104, 0.06071700407192111, 0.986830186843872
78, 41, 1, 26.359110452000095, 2168104, 0.06227965848520398, 0.9862992942333222
78, 12, 1, 37.8313561760001, 2168104, 0.00766156476456672, 0.9980132520198822
79, 26, 1, 5.751501778999909, 2168104, 0.0076990964822471145, 0.9980815351009369
79, 15, 1, 9.13645937199999, 2168104, 0.008613983285613358, 0.9987739503383637
79, 16, 1, 8.687321941999926, 2168104, 0.007568947714753449, 0.9985588431358338
79, 30, 1, 8.163758127999927, 2168104, 0.003576556674670428, 0.9989823579788208
79, 39, 1, 10.803595308000013, 2168104, 0.014102066098712385, 0.9958831429481506
79, 48, 1, 13.472428233999949, 2168104, 0.007785323716234416, 0.9983375310897827
79, 17, 1, 14.36764616000005, 2168104, 0.012027313467115164, 0.9984340012073517
79, 13, 1, 13.159997356999952, 2168104, 0.0016641259600874037, 0.9995944142341614
79, 8, 1, 18.370637215999977, 2168104, 0.006633974867872894, 0.9988541662693023
79, 9, 1, 25.763210016000016, 2168104, 0.00345104921143502, 0.999596232175827
79, 25, 1, 29.722137847, 2168104, 0.008079196023754776, 0.9982525944709778
79, 20, 1, 27.514121458999966, 2168104, 0.007471782108768821, 0.9983455002307892
80, 7, 1, 4.801054350000072, 2168104, 0.00998718031187309, 0.9977064192295074
80, 38, 1, 7.988211188000037, 2168104, 0.015678175364155323, 0.9965137600898742
80, 35, 1, 9.243522631000019, 2168104, 0.054786872351542115, 0.9924457728862762
80, 28, 1, 11.064929654000025, 2168104, 0.00583714108215645, 0.9987063407897949
80, 44, 1, 12.567421566999997, 2168104, 0.004868783429265023, 0.9993360579013825
80, 46, 1, 14.085938896000016, 2168104, 0.03919049128890038, 0.9908292770385743
80, 1, 1, 16.10134247999997, 2168104, 0.016932241758331655, 0.9965622186660766
80, 49, 1, 21.831202228999928, 2168104, 0.0036136376904323695, 0.9995305180549622
80, 36, 1, 23.44242024899995, 2168104, 0.043172399047762156, 0.9905625283718109
80, 3, 1, 19.014525504999938, 2168104, 0.005335316911805421, 0.9991428554058075
80, 23, 1, 26.692572928999994, 2168104, 0.002123872167430818, 0.9995746791362763
80, 12, 1, 33.514096173999974, 2168104, 0.006741110165603459, 0.9983443796634675
81, 26, 1, 5.687518804999968, 2168104, 0.009690772695466875, 0.9978417217731476
81, 15, 1, 9.369115526000087, 2168104, 0.006336634885519743, 0.9986973166465759
81, 30, 1, 10.414644586000009, 2168104, 0.004594229342183098, 0.9989823579788208
81, 39, 1, 10.031038575000025, 2168104, 0.010341813019476832, 0.997875165939331
81, 48, 1, 14.359515477000059, 2168104, 0.009700591675937176, 0.9982871532440185
81, 13, 1, 15.580367721000016, 2168104, 0.002138327481225133, 0.9995944142341614
81, 17, 1, 12.183353889999921, 2168104, 0.01163281868211925, 0.9985234856605529
81, 8, 1, 18.98293344600006, 2168104, 0.007686807692516595, 0.9987500011920929
81, 9, 1, 24.684760804999996, 2168104, 0.003770484460983425, 0.999596232175827
81, 20, 1, 27.270364639000036, 2168104, 0.0060478681698441505, 0.9987104654312133
81, 11, 1, 28.002308460999984, 2168104, 0.029320233967155218, 0.9921588957309723
81, 25, 1, 29.359497317999967, 2168104, 0.006915141339413821, 0.9985622584819793
82, 7, 1, 4.78326021099997, 2168104, 0.007339167999452912, 0.9986238539218902
82, 38, 1, 7.851979058000097, 2168104, 0.012803472566884012, 0.996880728006363
82, 35, 1, 8.726925355000049, 2168104, 0.055982796987518665, 0.992370992898941
82, 28, 1, 8.870523769000101, 2168104, 0.0056100686953868715, 0.9985122919082642
82, 44, 1, 13.100141220000069, 2168104, 0.004544477863237262, 0.9993360579013825
82, 1, 1, 15.875781985999993, 2168104, 0.020265820994973184, 0.9958224415779113
82, 49, 1, 20.50699647299996, 2168104, 0.0037316046305932104, 0.9994053184986115
82, 3, 1, 23.501881292000007, 2168104, 0.004195588920265436, 0.999314284324646
82, 23, 1, 27.688659941000083, 2168104, 0.0029518045208533294, 0.9994245707988739
82, 36, 1, 25.542378643000006, 2168104, 0.034915641695261, 0.9917888522148133
82, 41, 1, 28.591337290999945, 2168104, 0.0314126443117857, 0.9918857455253601
82, 12, 1, 35.47601842500001, 2168104, 0.0062345299171283845, 0.9986755013465881
83, 26, 1, 5.676732362999928, 2168104, 0.007685818045865744, 0.9979616343975067
83, 15, 1, 6.594090529000027, 2168104, 0.0046890462981536984, 0.9990804612636566
83, 30, 1, 10.772069409999972, 2168104, 0.0032233925885520875, 0.9991858899593353
83, 39, 1, 7.902271589999941, 2168104, 0.010504476237110793, 0.9976095676422119
83, 48, 1, 13.633604846000026, 2168104, 0.004688944749068469, 0.9989420652389527
83, 13, 1, 15.926487355000063, 2168104, 0.0018162498949095608, 0.9996394753456116
83, 14, 1, 16.018036372999973, 2168104, 0.009479248395655305, 0.9976130664348603
83, 17, 1, 15.663326912000002, 2168104, 0.01389874522574246, 0.9979865729808808
83, 8, 1, 19.440986364999958, 2168104, 0.005128208687528968, 0.9990277767181397
83, 9, 1, 25.348868143999994, 2168104, 0.00346174833830446, 0.9996231496334076
83, 20, 1, 30.027359140000044, 2168104, 0.005584145546890795, 0.9989294469356537
83, 25, 1, 32.5999581530001, 2168104, 0.005869587580673396, 0.9988719284534454
84, 38, 1, 5.514676141999985, 2168104, 0.013310711702797563, 0.996880728006363
84, 7, 1, 4.727587546999985, 2168104, 0.011003953570616431, 0.9977064192295074
84, 35, 1, 9.82940983100002, 2168104, 0.026245630835182963, 0.9943904340267181
84, 28, 1, 7.957898038999929, 2168104, 0.005067426047753542, 0.9987063407897949
84, 44, 1, 13.457548345999953, 2168104, 0.00401857205433771, 0.999387127161026
84, 46, 1, 13.795145423000008, 2168104, 0.0182524424046278, 0.9954634189605713
84, 1, 1, 15.304514352999945, 2168104, 0.014940828317776322, 0.9970844149589538
84, 49, 1, 22.608257804999994, 2168104, 0.00392852290533483, 0.9994992196559906
84, 3, 1, 18.956613968000056, 2168104, 0.005012400087434798, 0.9992571473121643
84, 36, 1, 26.00355239099997, 2168104, 0.022326041618362068, 0.9946414291858673
84, 23, 1, 27.924718128999984, 2168104, 0.0016938739296165294, 0.9995746791362763
84, 12, 1, 36.714522872999964, 2168104, 0.005753430572804063, 0.9986961960792542
85, 39, 1, 9.340854664000062, 2168104, 0.010048078326508402, 0.9980079710483551
85, 30, 1, 9.334099536000053, 2168104, 0.0035901224066037683, 0.9993894159793854
85, 26, 1, 6.76795400900005, 2168104, 0.005991960410028696, 0.9984412491321564
85, 15, 1, 8.992928774000006, 2168104, 0.006731975148431957, 0.9992337167263031
85, 48, 1, 9.390367195999943, 2168104, 0.006941020407248288, 0.9983375310897827
85, 17, 1, 14.916525356999955, 2168104, 0.011698314221575856, 0.998076057434082
85, 13, 1, 14.244405791999952, 2168104, 0.0017711433174554259, 0.9995493471622467
85, 0, 1, 17.63084285100001, 2168104, 0.0017468122561695055, 0.9996585726737977
85, 8, 1, 14.024110941999993, 2168104, 0.005633297632448376, 0.9991319417953491
85, 9, 1, 25.282000614000026, 2168104, 0.003451585862785578, 0.9996500670909881
85, 20, 1, 24.80010348199994, 2168104, 0.005378620408009738, 0.9990024387836456
85, 25, 1, 31.476636611999993, 2168104, 0.005112436157651246, 0.9989161610603332
86, 7, 1, 4.816965090999929, 2168104, 0.0034890704264398664, 0.9983180403709412
86, 16, 1, 8.356596541000044, 2168104, 0.007620725710876286, 0.9982385873794556
86, 38, 1, 8.136559938999994, 2168104, 0.010238051321357489, 0.9979816496372222
86, 35, 1, 9.734399124999982, 2168104, 0.02064257722813636, 0.9956619322299958
86, 44, 1, 14.733431757000062, 2168104, 0.0036575717851519583, 0.9992849826812744
86, 28, 1, 11.015997631000005, 2168104, 0.004796462756348774, 0.9987063407897949
86, 1, 1, 10.56947908699999, 2168104, 0.01224082512781024, 0.997432553768158
86, 49, 1, 21.320845486000053, 2168104, 0.0034178036148659885, 0.9995931148529053
86, 3, 1, 24.44626525299998, 2168104, 0.003978338628076017, 0.999485719203949
86, 23, 1, 28.323425503999943, 2168104, 0.0014135758741758765, 0.9996747553348542
86, 36, 1, 27.863209898000036, 2168104, 0.017641280172392727, 0.9960010647773743
86, 12, 1, 31.808611318999965, 2168104, 0.0042054109741002325, 0.9991514921188355
87, 15, 1, 8.970498204000023, 2168104, 0.004711804853286594, 0.9990038335323334
87, 26, 1, 6.8195491430000175, 2168104, 0.005182777030859143, 0.9988009572029114
87, 39, 1, 10.788001506, 2168104, 0.008006890816614032, 0.9977423667907714
87, 30, 1, 9.648700560999941, 2168104, 0.0026740387838799506, 0.9995929419994354
87, 17, 1, 16.09142100100007, 2168104, 0.010272071044892073, 0.9984340012073517
87, 48, 1, 14.157900161000043, 2168104, 0.003040088596753776, 0.9993954658508301
87, 14, 1, 15.514779801999907, 2168104, 0.02613095612032339, 0.9958542704582214
87, 8, 1, 19.22698816000002, 2168104, 0.004101888777222484, 0.9993749976158142
87, 0, 1, 18.887764587999982, 2168104, 0.0014850526174996048, 0.9996585726737977
87, 47, 1, 19.84403775499993, 2168104, 0.0028606105071958153, 0.9994855940341949
87, 9, 1, 25.515519326999993, 2168104, 0.0030042667989619077, 0.9997039020061493
87, 25, 1, 38.69908215199996, 2168104, 0.004392478603404015, 0.9992037117481232
88, 7, 1, 4.4996072440000034, 2168104, 0.0033824504673248155, 0.9987767577171326
88, 38, 1, 7.594291861999977, 2168104, 0.0071974100545048715, 0.9982568800449372
88, 35, 1, 8.830257122000035, 2168104, 0.012724843202158808, 0.9967838585376739
88, 16, 1, 8.389755584, 2168104, 0.006455840147100389, 0.9991192936897277
88, 28, 1, 11.254329416000019, 2168104, 0.004442728776484728, 0.9990944385528564
88, 46, 1, 14.282112865000045, 2168104, 0.01361690745688975, 0.997024393081665
88, 44, 1, 13.21975064000003, 2168104, 0.0033245006576180457, 0.999387127161026
88, 1, 1, 15.388331524000023, 2168104, 0.010070065595209598, 0.9982593536376954
88, 3, 1, 23.563226777999944, 2168104, 0.0037792268092744054, 0.9994000017642974
88, 36, 1, 24.640957630999992, 2168104, 0.01487203356809914, 0.9970407843589782
88, 23, 1, 27.158772141999975, 2168104, 0.0016174077754840255, 0.9997498095035553
88, 12, 1, 31.299688102000005, 2168104, 0.004024407838005573, 0.999192887544632
89, 26, 1, 6.0870722880000585, 2168104, 0.004931896307971329, 0.9991606712341309
89, 16, 1, 6.065646708999907, 2168104, 0.006644500186666846, 0.9988790988922119
89, 15, 1, 9.974018498000078, 2168104, 0.0041843672166578475, 0.9993103444576263
89, 39, 1, 10.661678845000097, 2168104, 0.011719550751149655, 0.9974767625331878
89, 30, 1, 10.809742573000108, 2168104, 0.002719401172362268, 0.9992537319660186
89, 48, 1, 13.538426626000046, 2168104, 0.0027425537002272902, 0.9997481107711792
89, 17, 1, 16.343964909999954, 2168104, 0.010038687149062753, 0.9988366901874542
89, 0, 1, 17.785879860000023, 2168104, 0.0013081134893582202, 0.9998103201389312
89, 14, 1, 15.360291226000072, 2168104, 0.006258251797407866, 0.9983249545097351
89, 47, 1, 19.805015903000026, 2168104, 0.0028691842046100645, 0.999554181098938
89, 42, 1, 20.341606733999924, 2168104, 0.003129424341022968, 0.9991562604904175
89, 8, 1, 19.43162603899998, 2168104, 0.004533121339045465, 0.9992013871669769
90, 35, 1, 9.101569369000003, 2168104, 0.010754323727451266, 0.9973822116851807
90, 44, 1, 8.971391100999995, 2168104, 0.0031787117943167685, 0.9995403468608857
90, 37, 1, 14.977221155999928, 2168104, 0.002237340927240439, 0.999435031414032
90, 1, 1, 15.782400703999997, 2168104, 0.008846974046900869, 0.9984769344329834
90, 45, 1, 18.180203859000017, 2168104, 0.0022294437876553275, 0.9994043171405792
90, 2, 1, 23.544712688000004, 2168104, 0.0029279344948008657, 0.9993815541267395
90, 3, 1, 22.157203635000087, 2168104, 0.003240477596409619, 0.999571430683136
90, 27, 1, 22.68964668700005, 2168104, 0.004023030737880617, 0.999611246585846
90, 36, 1, 23.41919940899993, 2168104, 0.013345859805122018, 0.99722740650177
90, 23, 1, 27.53169449099994, 2168104, 0.001120719099708367, 0.9997998476028442
90, 40, 1, 29.292791255999987, 2168104, 0.0036828214186243715, 0.9993863582611084
90, 43, 1, 35.01841604599997, 2168104, 0.011878535151481628, 0.9970219731330872
91, 26, 1, 6.047051350999936, 2168104, 0.0038683485821820796, 0.9994004786014556
91, 16, 1, 8.308838616000003, 2168104, 0.00565623827278614, 0.9991993606090546
91, 39, 1, 9.214614797999957, 2168104, 0.007533871941268444, 0.9986055791378021
91, 22, 1, 12.523518979000073, 2168104, 0.0020991797879105433, 0.9995408177375793
91, 15, 1, 10.503701150000097, 2168104, 0.00436567870201543, 0.9990804612636566
91, 48, 1, 13.986069792999956, 2168104, 0.0026143287657760085, 0.9996473550796509
91, 13, 1, 14.97151871199992, 2168104, 0.001787345760385506, 0.9995493471622467
91, 14, 1, 16.576258187999997, 2168104, 0.005099377792794258, 0.9991206049919128
91, 17, 1, 14.352717700000085, 2168104, 0.00895836972631514, 0.9990156590938568
91, 0, 1, 17.081393600999945, 2168104, 0.0012159983205492608, 0.9997344434261322
91, 8, 1, 19.660631214999967, 2168104, 0.0034624602645635604, 0.9994097232818604
91, 47, 1, 22.108552308999947, 2168104, 0.0027323877613525836, 0.9995884776115418
92, 7, 1, 4.881813214999966, 2168104, 0.00282147434190847, 0.9993883788585662
92, 16, 1, 8.47983332399997, 2168104, 0.00493017693515867, 0.9994395494461059
92, 35, 1, 9.278540244000055, 2168104, 0.009904445381835103, 0.9978309750556946
92, 28, 1, 10.651597869000057, 2168104, 0.004071243759244681, 0.9992238044738769
92, 44, 1, 13.219338642000025, 2168104, 0.0030750433914363386, 0.999387127161026
92, 6, 1, 11.209243861999994, 2168104, 0.005223543278407306, 0.9990942001342773
92, 1, 1, 13.076079577000087, 2168104, 0.008618832658976316, 0.998650997877121
92, 3, 1, 23.592746261000002, 2168104, 0.0034577730810269715, 0.9995999991893768
92, 36, 1, 23.575783281999975, 2168104, 0.02203522939234972, 0.9961077034473419
92, 2, 1, 24.44035080699996, 2168104, 0.002666332240914926, 0.9994084477424622
92, 27, 1, 22.771217882999963, 2168104, 0.0038181075477041306, 0.9994916260242462
92, 23, 1, 27.327554643999974, 2168104, 0.0010815983332577161, 0.9997998476028442
93, 26, 1, 5.938594252999906, 2168104, 0.0036508531542494894, 0.9991606712341309
93, 15, 1, 8.957991997000022, 2168104, 0.0032331467140465976, 0.9994635999202728
93, 10, 1, 12.616391343000032, 2168104, 0.0019263713213149459, 0.999521279335022
93, 39, 1, 11.013730065000004, 2168104, 0.006134648469742388, 0.9988711833953857
93, 17, 1, 17.102492753999968, 2168104, 0.0082466428168118, 0.9991051435470581
93, 13, 1, 13.214606705999927, 2168104, 0.0014963441964937374, 0.9997296094894409
93, 45, 1, 18.001221587000032, 2168104, 0.0014362250629346817, 0.9997021615505218
93, 0, 1, 18.733406821000017, 2168104, 0.0012730832080706024, 0.9997344434261322
93, 14, 1, 16.90805802, 2168104, 0.004238456557504833, 0.9991624772548675
93, 19, 1, 16.989007370999957, 2168104, 0.015720200492069125, 0.9957878947257995
93, 8, 1, 19.804865603000053, 2168104, 0.0034031324670650066, 0.9993749976158142
93, 47, 1, 20.68725141599998, 2168104, 0.0024893480120226743, 0.999622768163681
94, 7, 1, 4.7062604429999055, 2168104, 0.003491926853894256, 0.9990825712680816
94, 16, 1, 8.660153135999963, 2168104, 0.005000037397257984, 0.9991192936897277
94, 6, 1, 10.602890409999986, 2168104, 0.0042458799493033435, 0.9991545915603638
94, 44, 1, 9.176700003000064, 2168104, 0.0036312106356490405, 0.9992849826812744
94, 28, 1, 10.83337201300003, 2168104, 0.0040919900580775, 0.998965072631836
94, 37, 1, 15.241768855000032, 2168104, 0.002170915060560219, 0.9994784951210022
94, 49, 1, 21.353524738000033, 2168104, 0.002934992976952344, 0.99968701004982
94, 27, 1, 22.790445994000038, 2168104, 0.004001465660985559, 0.9994916260242462
94, 21, 1, 23.053565178999975, 2168104, 0.0032891063601709902, 0.9994642853736877
94, 23, 1, 27.696998727999926, 2168104, 0.0010647871516994202, 0.9997247934341431
94, 40, 1, 29.331388994000008, 2168104, 0.0028378349146805705, 0.9992683470249176
94, 43, 1, 36.34906037400003, 2168104, 0.009877410857006908, 0.9978229582309723
95, 18, 1, 12.115404990999991, 2168104, 0.004041731217876076, 0.9990162014961242
95, 10, 1, 14.079624969000065, 2168104, 0.0024993552593514322, 0.99946808218956
95, 44, 1, 11.509155323999948, 2168104, 0.002254477667156607, 0.9998467803001404
95, 13, 1, 13.58082952999996, 2168104, 0.001924904208863154, 0.9998197376728057
95, 45, 1, 17.497293582999987, 2168104, 0.0019262309942860156, 0.9995532393455505
95, 0, 1, 17.826862706000043, 2168104, 0.0009754941886058078, 0.9997723817825317
95, 47, 1, 18.964492211999982, 2168104, 0.002354849223047495, 0.9996913552284241
95, 8, 1, 17.202995107999982, 2168104, 0.0031716953963041306, 0.9995833337306976
95, 2, 1, 27.069508571999904, 2168104, 0.002657550107687712, 0.9994353353977203
95, 4, 1, 27.26843252399999, 2168104, 0.003899808623827994, 0.9995562195777893
95, 20, 1, 28.320957260000114, 2168104, 0.004430454422254116, 0.9993917286396027
95, 25, 1, 33.61365983299993, 2168104, 0.004364546423312276, 0.9992258310317993
96, 16, 1, 7.9350931590000755, 2168104, 0.005684216902591288, 0.999039226770401
96, 28, 1, 11.821771074000026, 2168104, 0.005225216952385381, 0.9985769748687744
96, 6, 1, 11.529901663000032, 2168104, 0.006104040198260918, 0.9987318873405456
96, 15, 1, 9.772712373000104, 2168104, 0.008536124363308773, 0.9978544056415558
96, 48, 1, 13.55727033900007, 2168104, 0.003412329708226025, 0.9993450880050659
96, 44, 1, 10.511899762999974, 2168104, 0.003245638497173786, 0.999387127161026
96, 37, 1, 16.21319972899994, 2168104, 0.002243728158646263, 0.9996088683605194
96, 17, 1, 16.13989758799994, 2168104, 0.00965416980907321, 0.9987024545669556
96, 27, 1, 21.448027331999924, 2168104, 0.0038212704705074428, 0.999611246585846
96, 21, 1, 22.444378504000042, 2168104, 0.0031610103789716957, 0.9993154764175415
96, 49, 1, 21.708337708, 2168104, 0.003952584823127836, 0.9993427217006683
96, 3, 1, 25.47749718500006, 2168104, 0.0030609879177063704, 0.999571430683136
97, 7, 1, 5.237475953000057, 2168104, 0.004606639055418782, 0.9989296615123748
97, 10, 1, 13.06082929799993, 2168104, 0.0035530325665604325, 0.999095743894577
97, 18, 1, 10.154383250000024, 2168104, 0.004427566938102245, 0.9989583313465118
97, 44, 1, 13.34547420399997, 2168104, 0.0030878955032676457, 0.9995914220809936
97, 13, 1, 15.519446243000061, 2168104, 0.004341375615331345, 0.999143761396408
97, 0, 1, 17.52900844599992, 2168104, 0.0010169061963097193, 0.9998103201389312
97, 45, 1, 17.937252138000076, 2168104, 0.0020839329401496796, 0.9993298590183258
97, 8, 1, 18.586194040999885, 2168104, 0.003360657230950892, 0.9993749976158142
97, 47, 1, 19.425034270000083, 2168104, 0.0025460540084168313, 0.999554181098938
97, 2, 1, 18.598793451000006, 2168104, 0.0026064070902066306, 0.9994891107082366
97, 4, 1, 24.988416492000056, 2168104, 0.003680635057389736, 0.9995069086551667
97, 25, 1, 31.814550842000017, 2168104, 0.0040815799497067925, 0.999115240573883
98, 16, 1, 8.811993376000146, 2168104, 0.005465722572989762, 0.999039226770401
98, 15, 1, 9.141807024999935, 2168104, 0.007695404824335128, 0.9977777779102326
98, 28, 1, 10.88565067200011, 2168104, 0.005325835157418623, 0.9987710237503051
98, 6, 1, 11.500595879999992, 2168104, 0.004893936245935038, 0.9987922728061676
98, 44, 1, 13.651616732000093, 2168104, 0.002981409739004448, 0.999387127161026
98, 17, 1, 9.441406486999995, 2168104, 0.008137121656909585, 0.9991946280002594
98, 48, 1, 13.559314329000017, 2168104, 0.003132375970017165, 0.9994458436965943
98, 49, 1, 20.542905584000096, 2168104, 0.0032003138796426354, 0.9995618164539337
98, 21, 1, 21.269043409000005, 2168104, 0.0030749097291845827, 0.999404764175415
98, 27, 1, 22.168488863999983, 2168104, 0.0035078641958534718, 0.9995514333248139
98, 3, 1, 24.22247124799992, 2168104, 0.0030579516547732054, 0.999571430683136
98, 40, 1, 31.751495522000027, 2168104, 0.002141813636990264, 0.9995279729366302
99, 7, 1, 3.8765726860000314, 2168104, 0.005069241800811142, 0.9989296615123748
99, 18, 1, 10.547721159999924, 2168104, 0.0035885625693481416, 0.9992476880550385
99, 10, 1, 11.486203191000186, 2168104, 0.0022735025209840386, 0.9992553174495697
99, 13, 1, 14.44276610899999, 2168104, 0.0018481083141523413, 0.9993690848350525
99, 44, 1, 11.930102621999936, 2168104, 0.00250443447730504, 0.9995914220809936
99, 45, 1, 18.434170248999976, 2168104, 0.0017717789392918347, 0.9995904684066772
99, 8, 1, 19.39818010800002, 2168104, 0.003364597645122558, 0.9994791686534882
99, 47, 1, 19.39864384400005, 2168104, 0.00234787609660998, 0.9996913552284241
99, 2, 1, 21.156489275000013, 2168104, 0.002123847231268883, 0.9995159983634949
99, 23, 1, 24.612609239999983, 2168104, 0.0012048512129695156, 0.999774831533432
99, 4, 1, 28.808896731000004, 2168104, 0.0035490422160364687, 0.9995069086551667
99, 25, 1, 32.49933887099996, 2168104, 0.0036505456548184155, 0.9992921888828278
100, 16, 1, 6.250063303000047, 2168104, 0.0053611933020874854, 0.9989591658115387
100, 15, 1, 8.902239733999977, 2168104, 0.006751582561992109, 0.997931033372879
100, 28, 1, 7.326556425000035, 2168104, 0.005991586204618216, 0.9989003896713257
100, 6, 1, 10.738899012000047, 2168104, 0.0047211616882123055, 0.998852652311325
100, 44, 1, 11.882111914000006, 2168104, 0.002732370368903503, 0.9995914220809936
100, 48, 1, 13.672656988999961, 2168104, 0.002772708440897986, 0.9992947101593017
100, 17, 1, 14.119858020000038, 2168104, 0.008135044598020613, 0.999149888753891
100, 49, 1, 19.787502056999983, 2168104, 0.0029057963634841143, 0.9995305180549622
100, 27, 1, 21.731235891999972, 2168104, 0.0031258567585609855, 0.9996411502361298
100, 3, 1, 22.33772909000004, 2168104, 0.0029006805503740906, 0.999571430683136
100, 21, 1, 20.83631775599997, 2168104, 0.002894452604232356, 0.999523812532425
100, 40, 1, 35.8870481030001, 2168104, 0.0020514568430371584, 0.9995515704154968
