1, 3, 1, 0.9920721054077148, 2168104, 2.1859748363494873, 0.2329166680574417
1, 11, 1, 1.1747524738311768, 2168104, 2.1850130558013916, 0.22624999284744263
1, 23, 1, 1.2472751140594482, 2168104, 2.1823654174804688, 0.23333333432674408
1, 4, 1, 1.3181428909301758, 2168104, 2.1868436336517334, 0.2279166728258133
1, 15, 1, 1.2917876243591309, 2168104, 2.172219753265381, 0.23333333432674408
1, 2, 1, 1.2829158306121826, 2168104, 2.1828293800354004, 0.22750000655651093
1, 20, 1, 1.3089392185211182, 2168104, 2.178231954574585, 0.22708334028720856
1, 21, 1, 1.5119733810424805, 2168104, 2.179476261138916, 0.24500000476837158
1, 10, 1, 1.3091342449188232, 2168104, 2.184133768081665, 0.2241666615009308
1, 6, 1, 1.3764934539794922, 2168104, 2.179713487625122, 0.23666666448116302
1, 14, 1, 1.310349702835083, 2168104, 2.176180124282837, 0.25458332896232605
1, 1, 1, 1.4457380771636963, 2168104, 2.196397066116333, 0.2254166603088379
1, 18, 1, 1.4179933071136475, 2168104, 2.1931991577148438, 0.21958333253860474
1, 7, 1, 1.5366992950439453, 2168104, 2.1913294792175293, 0.22833333909511566
1, 8, 1, 1.3638696670532227, 2168104, 2.1790478229522705, 0.23000000417232513
1, 24, 1, 1.3888087272644043, 2168104, 2.1813807487487793, 0.23749999701976776
1, 17, 1, 1.3411900997161865, 2168104, 2.183939218521118, 0.22458332777023315
1, 19, 1, 1.3587753772735596, 2168104, 2.1788036823272705, 0.23666666448116302
1, 0, 1, 1.4442470073699951, 2168104, 2.185767412185669, 0.21708333492279053
1, 5, 1, 1.3748867511749268, 2168104, 2.1810569763183594, 0.2395833283662796
1, 13, 1, 1.353893518447876, 2168104, 2.1837615966796875, 0.2212499976158142
1, 9, 1, 1.212656021118164, 2168104, 2.187500476837158, 0.2266666740179062
1, 16, 1, 1.2517035007476807, 2168104, 2.189727783203125, 0.22166666388511658
1, 12, 1, 2.051832914352417, 2168104, 2.181256055831909, 0.21958333253860474
1, 22, 1, 0.9828588962554932, 2168104, 2.1844611167907715, 0.2358333319425583
2, 1, 1, 0.936657190322876, 2168104, 1.8095483779907227, 0.5004166960716248
2, 16, 1, 0.907158613204956, 2168104, 1.8091294765472412, 0.5024999976158142
2, 13, 1, 0.8665544986724854, 2168104, 1.810638189315796, 0.5108333230018616
2, 18, 1, 0.9557521343231201, 2168104, 1.8167048692703247, 0.49666666984558105
2, 14, 1, 0.9351944923400879, 2168104, 1.7953684329986572, 0.5074999928474426
2, 19, 1, 0.9188723564147949, 2168104, 1.7864341735839844, 0.5066666603088379
2, 17, 1, 0.9381453990936279, 2168104, 1.800984263420105, 0.5037500262260437
2, 24, 1, 0.9831748008728027, 2168104, 1.796390175819397, 0.5012500286102295
2, 12, 1, 1.0275638103485107, 2168104, 1.8073710203170776, 0.4858333468437195
2, 8, 1, 0.9583277702331543, 2168104, 1.7999112606048584, 0.512499988079071
2, 21, 1, 0.9346885681152344, 2168104, 1.8071502447128296, 0.4945833384990692
2, 11, 1, 0.8963208198547363, 2168104, 1.8018898963928223, 0.5249999761581421
2, 20, 1, 0.9552462100982666, 2168104, 1.7984354496002197, 0.5004166960716248
2, 4, 1, 0.9038126468658447, 2168104, 1.800947666168213, 0.5133333206176758
3, 17, 1, 0.845024585723877, 2168104, 1.3193987607955933, 0.7016666531562805
3, 13, 1, 1.0089268684387207, 2168104, 1.3277344703674316, 0.7095833420753479
3, 6, 1, 0.9194996356964111, 2168104, 1.326298475265503, 0.6929166913032532
3, 8, 1, 0.8707759380340576, 2168104, 1.3222951889038086, 0.7037500143051147
3, 2, 1, 1.0310444831848145, 2168104, 1.3193955421447754, 0.6949999928474426
3, 21, 1, 1.0688560009002686, 2168104, 1.3276149034500122, 0.6924999952316284
3, 11, 1, 0.9241390228271484, 2168104, 1.3214863538742065, 0.7170833349227905
3, 1, 1, 0.9884228706359863, 2168104, 1.3226196765899658, 0.6983333230018616
3, 18, 1, 0.9807219505310059, 2168104, 1.339750051498413, 0.6887500286102295
3, 22, 1, 1.0249075889587402, 2168104, 1.331496238708496, 0.6970833539962769
3, 3, 1, 1.028484582901001, 2168104, 1.3360973596572876, 0.6758333444595337
3, 14, 1, 0.9943757057189941, 2168104, 1.3112019300460815, 0.7024999856948853
3, 24, 1, 0.9372386932373047, 2168104, 1.3116052150726318, 0.7020833492279053
3, 23, 1, 0.9017946720123291, 2168104, 1.3232582807540894, 0.6974999904632568
3, 12, 1, 0.959536075592041, 2168104, 1.3373464345932007, 0.6895833611488342
4, 24, 1, 0.8342688083648682, 2168104, 0.9488388895988464, 0.784166693687439
4, 20, 1, 0.9012093544006348, 2168104, 0.9747728705406189, 0.7595833539962769
4, 22, 1, 1.0695650577545166, 2168104, 0.969369113445282, 0.7741666436195374
4, 7, 1, 0.9130339622497559, 2168104, 0.9670876860618591, 0.7804166674613953
4, 8, 1, 1.0684313774108887, 2168104, 0.9614617824554443, 0.7712500095367432
4, 3, 1, 0.9175312519073486, 2168104, 0.9753576517105103, 0.7633333206176758
4, 11, 1, 0.8182957172393799, 2168104, 0.9572843313217163, 0.7870833277702332
4, 13, 1, 1.120795488357544, 2168104, 0.9634478688240051, 0.7712500095367432
4, 5, 1, 1.010709524154663, 2168104, 0.9404475688934326, 0.7837499976158142
4, 23, 1, 1.1491668224334717, 2168104, 0.9584747552871704, 0.7774999737739563
4, 6, 1, 1.0727126598358154, 2168104, 0.9613791704177856, 0.7791666388511658
4, 2, 1, 0.8460302352905273, 2168104, 0.9554504156112671, 0.784583330154419
4, 21, 1, 0.9171388149261475, 2168104, 0.9618698358535767, 0.7716666460037231
5, 23, 1, 0.9219615459442139, 2168104, 0.7604071497917175, 0.809583306312561
5, 2, 1, 1.0474212169647217, 2168104, 0.7567055821418762, 0.8108333349227905
5, 21, 1, 0.8492772579193115, 2168104, 0.758230447769165, 0.8062499761581421
5, 8, 1, 0.9557895660400391, 2168104, 0.765569806098938, 0.7995833158493042
5, 7, 1, 0.9595296382904053, 2168104, 0.7632220983505249, 0.8083333373069763
5, 1, 1, 0.9157679080963135, 2168104, 0.7566471695899963, 0.8041666746139526
5, 3, 1, 0.8981342315673828, 2168104, 0.7818210124969482, 0.8016666769981384
5, 22, 1, 0.8852648735046387, 2168104, 0.773772120475769, 0.8004166483879089
5, 24, 1, 0.9061565399169922, 2168104, 0.7532473802566528, 0.8133333325386047
5, 13, 1, 0.9522032737731934, 2168104, 0.766788899898529, 0.8020833134651184
5, 11, 1, 0.9029760360717773, 2168104, 0.7581233382225037, 0.8179166913032532
5, 15, 1, 0.893345832824707, 2168104, 0.7487757802009583, 0.8195833563804626
6, 11, 1, 0.8127899169921875, 2168104, 0.6482337713241577, 0.8354166746139526
6, 15, 1, 0.8450534343719482, 2168104, 0.6386693120002747, 0.8295833468437195
6, 1, 1, 0.9725828170776367, 2168104, 0.6464753150939941, 0.8299999833106995
6, 2, 1, 0.859450101852417, 2168104, 0.6496190428733826, 0.8341666460037231
6, 24, 1, 0.8798789978027344, 2168104, 0.6471514105796814, 0.8308333158493042
6, 8, 1, 0.8580565452575684, 2168104, 0.6557719707489014, 0.824999988079071
6, 21, 1, 0.8300509452819824, 2168104, 0.6450907588005066, 0.8270833492279053
6, 22, 1, 0.8401467800140381, 2168104, 0.6610175967216492, 0.8258333206176758
6, 23, 1, 0.8985939025878906, 2168104, 0.6527997255325317, 0.8216666579246521
6, 13, 1, 1.1246449947357178, 2168104, 0.6535751819610596, 0.8266666531562805
7, 13, 1, 0.8449270725250244, 2168104, 0.5865662097930908, 0.8450000286102295
7, 24, 1, 0.8401062488555908, 2168104, 0.5767903327941895, 0.8500000238418579
7, 11, 1, 0.9460337162017822, 2168104, 0.5791662335395813, 0.8491666913032532
7, 18, 1, 0.9227185249328613, 2168104, 0.6038955450057983, 0.8358333110809326
7, 21, 1, 0.877288818359375, 2168104, 0.5737566351890564, 0.8399999737739563
7, 2, 1, 0.9664263725280762, 2168104, 0.5778642296791077, 0.8475000262260437
7, 1, 1, 0.9718093872070312, 2168104, 0.5742928385734558, 0.8479166626930237
7, 22, 1, 0.858100414276123, 2168104, 0.587615430355072, 0.846666693687439
7, 5, 1, 0.8546404838562012, 2168104, 0.560081958770752, 0.8516666889190674
7, 8, 1, 0.9667220115661621, 2168104, 0.5845245718955994, 0.8429166674613953
7, 23, 1, 0.881535530090332, 2168104, 0.5794302821159363, 0.8379166722297668
8, 8, 1, 0.8064086437225342, 2168104, 0.5348881483078003, 0.8520833253860474
8, 11, 1, 0.9437379837036133, 2168104, 0.5230083465576172, 0.8650000095367432
8, 21, 1, 0.8709261417388916, 2168104, 0.5190814137458801, 0.8575000166893005
8, 18, 1, 0.8691775798797607, 2168104, 0.5525476932525635, 0.8487499952316284
8, 13, 1, 0.8620285987854004, 2168104, 0.5317781567573547, 0.8508333563804626
8, 2, 1, 0.8191595077514648, 2168104, 0.5300499200820923, 0.8575000166893005
8, 1, 1, 0.8307199478149414, 2168104, 0.5236800909042358, 0.8575000166893005
8, 24, 1, 0.796126127243042, 2168104, 0.5265507102012634, 0.8650000095367432
8, 23, 1, 0.8141355514526367, 2168104, 0.5283330678939819, 0.8491666913032532
8, 22, 1, 0.8362610340118408, 2168104, 0.5352847576141357, 0.8533333539962769
9, 11, 1, 0.9133903980255127, 2168104, 0.4831666052341461, 0.8758333325386047
9, 3, 1, 0.9609420299530029, 2168104, 0.5137421488761902, 0.8570833206176758
9, 18, 1, 0.8977985382080078, 2168104, 0.5131672620773315, 0.8612499833106995
9, 2, 1, 0.9521031379699707, 2168104, 0.4921043813228607, 0.8650000095367432
9, 24, 1, 0.9227151870727539, 2168104, 0.4913640320301056, 0.8708333373069763
9, 8, 1, 0.9582531452178955, 2168104, 0.4974936544895172, 0.8658333420753479
9, 1, 1, 0.911527156829834, 2168104, 0.48588496446609497, 0.8704166412353516
9, 23, 1, 0.972132682800293, 2168104, 0.48780664801597595, 0.8633333444595337
9, 15, 1, 0.8511576652526855, 2168104, 0.4841555655002594, 0.8729166388511658
9, 22, 1, 0.9081335067749023, 2168104, 0.49533742666244507, 0.8645833134651184
9, 13, 1, 0.9662864208221436, 2168104, 0.491825670003891, 0.8658333420753479
9, 21, 1, 0.9388601779937744, 2168104, 0.4791431128978729, 0.8687499761581421
10, 22, 1, 0.894176721572876, 2168104, 0.46127569675445557, 0.8737499713897705
10, 21, 1, 0.871659517288208, 2168104, 0.4458405673503876, 0.8741666674613953
10, 2, 1, 0.9741144180297852, 2168104, 0.46307173371315, 0.875
10, 24, 1, 0.8990247249603271, 2168104, 0.45907577872276306, 0.8737499713897705
10, 18, 1, 0.8859519958496094, 2168104, 0.47804495692253113, 0.8729166388511658
10, 23, 1, 0.8858852386474609, 2168104, 0.45428216457366943, 0.8708333373069763
10, 11, 1, 0.8950827121734619, 2168104, 0.4519897997379303, 0.8849999904632568
10, 15, 1, 0.9084489345550537, 2168104, 0.450001060962677, 0.8812500238418579
10, 8, 1, 0.919409990310669, 2168104, 0.4659046530723572, 0.875
10, 1, 1, 0.9532670974731445, 2168104, 0.45424988865852356, 0.8770833611488342
10, 13, 1, 0.8872995376586914, 2168104, 0.4631880819797516, 0.8737499713897705
11, 15, 1, 0.8521404266357422, 2168104, 0.4243003726005554, 0.8849999904632568
11, 18, 1, 0.9466955661773682, 2168104, 0.4501829445362091, 0.8766666650772095
11, 2, 1, 0.8161861896514893, 2168104, 0.4361438453197479, 0.8824999928474426
11, 24, 1, 0.8942584991455078, 2168104, 0.43703049421310425, 0.8837500214576721
11, 11, 1, 0.8617603778839111, 2168104, 0.4216848611831665, 0.8974999785423279
11, 8, 1, 0.9188327789306641, 2168104, 0.43608251214027405, 0.878333330154419
11, 4, 1, 0.8787808418273926, 2168104, 0.41611248254776, 0.8862500190734863
11, 1, 1, 0.9410507678985596, 2168104, 0.4305858314037323, 0.8887500166893005
11, 21, 1, 0.9498589038848877, 2168104, 0.4159007966518402, 0.8849999904632568
11, 13, 1, 0.8151638507843018, 2168104, 0.4351402223110199, 0.8841666579246521
11, 23, 1, 0.9062879085540771, 2168104, 0.42572739720344543, 0.8787500262260437
11, 22, 1, 0.8647844791412354, 2168104, 0.43060675263404846, 0.8841666579246521
12, 3, 1, 0.8740479946136475, 2168104, 0.43756023049354553, 0.8766666650772095
12, 13, 1, 0.9065837860107422, 2168104, 0.41446614265441895, 0.8899999856948853
12, 23, 1, 0.847926139831543, 2168104, 0.40873804688453674, 0.8837500214576721
12, 21, 1, 0.906304121017456, 2168104, 0.39461952447891235, 0.89041668176651
12, 18, 1, 0.8059852123260498, 2168104, 0.42918258905410767, 0.8820833563804626
12, 24, 1, 0.9486665725708008, 2168104, 0.41518843173980713, 0.887499988079071
12, 8, 1, 0.8484070301055908, 2168104, 0.416924387216568, 0.8870833516120911
12, 1, 1, 0.8464422225952148, 2168104, 0.40697625279426575, 0.8879166841506958
12, 22, 1, 0.894024133682251, 2168104, 0.40918877720832825, 0.8858333230018616
12, 2, 1, 0.8331606388092041, 2168104, 0.41712960600852966, 0.8866666555404663
12, 11, 1, 0.8748095035552979, 2168104, 0.3999609649181366, 0.9008333086967468
13, 13, 1, 0.8399710655212402, 2168104, 0.3913407027721405, 0.8949999809265137
13, 18, 1, 0.8974335193634033, 2168104, 0.4090362787246704, 0.887499988079071
13, 21, 1, 0.9457013607025146, 2168104, 0.3734712600708008, 0.8970833420753479
13, 3, 1, 0.9447906017303467, 2168104, 0.4219219982624054, 0.8804166913032532
13, 22, 1, 0.8378562927246094, 2168104, 0.38787591457366943, 0.8962500095367432
13, 15, 1, 0.8518195152282715, 2168104, 0.38414466381073, 0.9016666412353516
13, 24, 1, 0.9417216777801514, 2168104, 0.395717978477478, 0.8954166769981384
13, 23, 1, 0.9264228343963623, 2168104, 0.38501986861228943, 0.8899999856948853
13, 11, 1, 0.7758255004882812, 2168104, 0.3832853138446808, 0.9020833373069763
13, 2, 1, 0.8273983001708984, 2168104, 0.400229811668396, 0.8891666531562805
13, 8, 1, 0.8865389823913574, 2168104, 0.3994237184524536, 0.8945833444595337
14, 22, 1, 0.9596071243286133, 2168104, 0.3707401156425476, 0.8987500071525574
14, 13, 1, 0.9120705127716064, 2168104, 0.377198189496994, 0.8970833420753479
14, 21, 1, 0.8607809543609619, 2168104, 0.3554258644580841, 0.8999999761581421
14, 18, 1, 0.9028494358062744, 2168104, 0.38870710134506226, 0.89041668176651
14, 15, 1, 0.8470668792724609, 2168104, 0.36750245094299316, 0.90625
14, 8, 1, 0.8274402618408203, 2168104, 0.3814341425895691, 0.8991666436195374
14, 11, 1, 0.8553152084350586, 2168104, 0.37014928460121155, 0.9070833325386047
14, 3, 1, 0.8472917079925537, 2168104, 0.40453436970710754, 0.8824999928474426
14, 23, 1, 0.8025894165039062, 2168104, 0.3699922263622284, 0.8966666460037231
14, 2, 1, 0.8284091949462891, 2168104, 0.3821958899497986, 0.8958333134651184
15, 2, 1, 0.8553977012634277, 2168104, 0.3655521273612976, 0.8999999761581421
15, 18, 1, 0.7953789234161377, 2168104, 0.3731763958930969, 0.8929166793823242
15, 23, 1, 0.8352408409118652, 2168104, 0.3557915985584259, 0.9037500023841858
15, 21, 1, 0.8441386222839355, 2168104, 0.34177377820014954, 0.9100000262260437
15, 22, 1, 0.8315200805664062, 2168104, 0.35526663064956665, 0.903333306312561
15, 8, 1, 0.8389968872070312, 2168104, 0.36881065368652344, 0.902916669845581
15, 1, 1, 0.7750754356384277, 2168104, 0.36029329895973206, 0.90625
15, 11, 1, 0.833367109298706, 2168104, 0.35041600465774536, 0.909583330154419
15, 15, 1, 0.9081764221191406, 2168104, 0.3522814214229584, 0.9116666913032532
15, 0, 1, 0.8153431415557861, 2168104, 0.3566635847091675, 0.8999999761581421
16, 23, 1, 0.8887948989868164, 2168104, 0.3431614935398102, 0.9037500023841858
16, 18, 1, 0.7784574031829834, 2168104, 0.36033502221107483, 0.8920833468437195
16, 24, 1, 0.9269320964813232, 2168104, 0.35398203134536743, 0.9041666388511658
16, 22, 1, 0.8628330230712891, 2168104, 0.34110862016677856, 0.9100000262260437
16, 8, 1, 0.8693828582763672, 2168104, 0.3565388023853302, 0.9058333039283752
16, 15, 1, 0.8370015621185303, 2168104, 0.3420741856098175, 0.9120833277702332
16, 3, 1, 0.7894272804260254, 2168104, 0.37829574942588806, 0.8883333206176758
16, 11, 1, 0.8278729915618896, 2168104, 0.33741676807403564, 0.9129166603088379
16, 2, 1, 0.834324836730957, 2168104, 0.35420435667037964, 0.8999999761581421
16, 21, 1, 0.8253040313720703, 2168104, 0.3283486068248749, 0.9104166626930237
17, 18, 1, 0.8456535339355469, 2168104, 0.347657710313797, 0.9054166674613953
17, 13, 1, 0.8167972564697266, 2168104, 0.3417227566242218, 0.9079166650772095
17, 23, 1, 0.7437307834625244, 2168104, 0.3317927420139313, 0.9058333039283752
17, 3, 1, 0.7930901050567627, 2168104, 0.36480963230133057, 0.8933333158493042
17, 2, 1, 0.7999062538146973, 2168104, 0.342194139957428, 0.9083333611488342
17, 21, 1, 0.7644481658935547, 2168104, 0.3179875910282135, 0.9141666889190674
17, 8, 1, 0.8259844779968262, 2168104, 0.34328004717826843, 0.9104166626930237
17, 11, 1, 0.7884464263916016, 2168104, 0.32603514194488525, 0.9175000190734863
18, 2, 1, 0.8681135177612305, 2168104, 0.3369317948818207, 0.903333306312561
18, 18, 1, 0.8101072311401367, 2168104, 0.33917301893234253, 0.9012500047683716
18, 23, 1, 0.7809610366821289, 2168104, 0.3212135434150696, 0.9045833349227905
18, 8, 1, 0.8919789791107178, 2168104, 0.33231690526008606, 0.9112499952316284
18, 21, 1, 0.8140175342559814, 2168104, 0.3106420338153839, 0.9154166579246521
18, 11, 1, 0.9183993339538574, 2168104, 0.3140169680118561, 0.9166666865348816
18, 22, 1, 0.8305211067199707, 2168104, 0.3205038011074066, 0.9137499928474426
18, 3, 1, 0.9038980007171631, 2168104, 0.35296663641929626, 0.8974999785423279
18, 13, 1, 0.8345386981964111, 2168104, 0.3293813467025757, 0.9137499928474426
19, 8, 1, 0.8668656349182129, 2168104, 0.3249516785144806, 0.9150000214576721
19, 0, 1, 0.899233341217041, 2168104, 0.31765323877334595, 0.9070833325386047
19, 2, 1, 0.8442502021789551, 2168104, 0.32758352160453796, 0.903333306312561
19, 1, 1, 0.8855857849121094, 2168104, 0.3235720694065094, 0.9133333563804626
19, 3, 1, 0.9198384284973145, 2168104, 0.34555134177207947, 0.8933333158493042
19, 4, 1, 0.9029145240783691, 2168104, 0.3066861033439636, 0.9120833277702332
19, 18, 1, 0.8780660629272461, 2168104, 0.32789117097854614, 0.909166693687439
19, 21, 1, 0.9040470123291016, 2168104, 0.298819899559021, 0.9175000190734863
19, 13, 1, 0.9478914737701416, 2168104, 0.3219837546348572, 0.9170833230018616
19, 23, 1, 0.8967263698577881, 2168104, 0.3129120171070099, 0.9066666960716248
19, 11, 1, 0.8298008441925049, 2168104, 0.30489373207092285, 0.9179166555404663
19, 22, 1, 0.854832649230957, 2168104, 0.31100744009017944, 0.918749988079071
20, 18, 1, 0.8683450222015381, 2168104, 0.3211229145526886, 0.909583330154419
20, 20, 1, 0.9462909698486328, 2168104, 0.35668468475341797, 0.8970833420753479
20, 2, 1, 0.8350293636322021, 2168104, 0.3162829875946045, 0.9066666960716248
20, 3, 1, 0.9229083061218262, 2168104, 0.3351937532424927, 0.9012500047683716
20, 11, 1, 0.9169003963470459, 2168104, 0.3001486361026764, 0.9229166507720947
20, 23, 1, 0.7972548007965088, 2168104, 0.3021043539047241, 0.9158333539962769
20, 8, 1, 0.8515172004699707, 2168104, 0.31723323464393616, 0.9158333539962769
20, 22, 1, 0.8897852897644043, 2168104, 0.30228206515312195, 0.9170833230018616
20, 9, 1, 0.8655025959014893, 2168104, 0.3207935690879822, 0.9112499952316284
20, 13, 1, 0.8661234378814697, 2168104, 0.3124721646308899, 0.9170833230018616
20, 21, 1, 0.845055103302002, 2168104, 0.291842520236969, 0.9245833158493042
21, 23, 1, 0.7889971733093262, 2168104, 0.2953849732875824, 0.9158333539962769
21, 3, 1, 0.8397529125213623, 2168104, 0.32636597752571106, 0.8987500071525574
21, 4, 1, 0.8255364894866943, 2168104, 0.2909693717956543, 0.9145833253860474
21, 1, 1, 0.8517589569091797, 2168104, 0.31053540110588074, 0.918749988079071
21, 22, 1, 0.9426205158233643, 2168104, 0.29438525438308716, 0.9212499856948853
21, 11, 1, 0.8449702262878418, 2168104, 0.2880379855632782, 0.9279166460037231
21, 18, 1, 0.8798177242279053, 2168104, 0.3106326162815094, 0.9104166626930237
21, 2, 1, 0.8326108455657959, 2168104, 0.3075469434261322, 0.9129166603088379
21, 14, 1, 0.796196460723877, 2168104, 0.3069409132003784, 0.9137499928474426
21, 8, 1, 1.0459234714508057, 2168104, 0.31198033690452576, 0.9129166603088379
22, 1, 1, 0.8231470584869385, 2168104, 0.30122697353363037, 0.9183333516120911
22, 4, 1, 0.8016519546508789, 2168104, 0.284905344247818, 0.9212499856948853
22, 2, 1, 0.8375635147094727, 2168104, 0.30139726400375366, 0.9125000238418579
22, 11, 1, 0.731952428817749, 2168104, 0.2834364175796509, 0.9237499833106995
22, 22, 1, 0.8835785388946533, 2168104, 0.2848305404186249, 0.92208331823349
22, 18, 1, 0.8160300254821777, 2168104, 0.3031088411808014, 0.9141666889190674
22, 3, 1, 0.7828876972198486, 2168104, 0.3163924515247345, 0.9024999737739563
22, 8, 1, 0.9676651954650879, 2168104, 0.3049107491970062, 0.9150000214576721
22, 23, 1, 1.0224850177764893, 2168104, 0.2880244553089142, 0.9158333539962769
23, 2, 1, 0.7754075527191162, 2168104, 0.2972654700279236, 0.9170833230018616
23, 3, 1, 0.8788702487945557, 2168104, 0.31171780824661255, 0.9045833349227905
23, 22, 1, 0.8277091979980469, 2168104, 0.28051719069480896, 0.925000011920929
23, 8, 1, 0.8615195751190186, 2168104, 0.298460453748703, 0.9200000166893005
23, 11, 1, 0.7216536998748779, 2168104, 0.27415770292282104, 0.9279166460037231
23, 1, 1, 0.8226134777069092, 2168104, 0.29255130887031555, 0.9212499856948853
23, 18, 1, 0.8152189254760742, 2168104, 0.2955448031425476, 0.9162499904632568
23, 21, 1, 0.807366132736206, 2168104, 0.2710980474948883, 0.9287499785423279
23, 23, 1, 1.1466615200042725, 2168104, 0.28297320008277893, 0.9170833230018616
24, 22, 1, 0.8026678562164307, 2168104, 0.27453479170799255, 0.9254166483879089
24, 2, 1, 0.8439383506774902, 2168104, 0.28791457414627075, 0.9137499928474426
24, 23, 1, 0.8368954658508301, 2168104, 0.2737790048122406, 0.9175000190734863
24, 13, 1, 0.8615634441375732, 2168104, 0.2890642285346985, 0.9245833158493042
24, 11, 1, 0.8529205322265625, 2168104, 0.26632705330848694, 0.934166669845581
24, 1, 1, 0.8134651184082031, 2168104, 0.28776830434799194, 0.9200000166893005
24, 3, 1, 0.7891757488250732, 2168104, 0.3063313066959381, 0.9070833325386047
24, 8, 1, 0.7620418071746826, 2168104, 0.2923804521560669, 0.9175000190734863
24, 18, 1, 1.0595152378082275, 2168104, 0.2883899211883545, 0.9166666865348816
25, 23, 1, 0.7842912673950195, 2168104, 0.27167612314224243, 0.92208331823349
25, 1, 1, 0.783027172088623, 2168104, 0.2812393307685852, 0.9233333468437195
25, 11, 1, 0.8715927600860596, 2168104, 0.262216180562973, 0.934166669845581
25, 8, 1, 0.7733707427978516, 2168104, 0.28686997294425964, 0.9191666841506958
25, 3, 1, 0.7828810214996338, 2168104, 0.2966405153274536, 0.9120833277702332
25, 2, 1, 0.7964110374450684, 2168104, 0.28367164731025696, 0.9179166555404663
25, 22, 1, 0.77382493019104, 2168104, 0.268581360578537, 0.9287499785423279
25, 21, 1, 1.0767619609832764, 2168104, 0.2621169984340668, 0.9304166436195374
26, 23, 1, 0.8539185523986816, 2168104, 0.26148924231529236, 0.9233333468437195
26, 13, 1, 0.814129114151001, 2168104, 0.2793751358985901, 0.9258333444595337
26, 2, 1, 0.8689191341400146, 2168104, 0.2758241891860962, 0.9195833206176758
26, 3, 1, 0.8199563026428223, 2168104, 0.2931808531284332, 0.9125000238418579
26, 22, 1, 0.8491964340209961, 2168104, 0.26143765449523926, 0.9300000071525574
26, 8, 1, 0.7888233661651611, 2168104, 0.2801145613193512, 0.92166668176651
26, 11, 1, 0.8583643436431885, 2168104, 0.2567703127861023, 0.9312499761581421
26, 1, 1, 0.8173387050628662, 2168104, 0.2741681933403015, 0.9262499809265137
26, 21, 1, 0.7870421409606934, 2168104, 0.25401031970977783, 0.9337499737739563
27, 22, 1, 0.7585523128509521, 2168104, 0.2572007477283478, 0.9333333373069763
27, 2, 1, 0.7245032787322998, 2168104, 0.27090364694595337, 0.9233333468437195
27, 1, 1, 0.7917554378509521, 2168104, 0.26771217584609985, 0.9295833110809326
27, 18, 1, 0.812495231628418, 2168104, 0.27566343545913696, 0.9191666841506958
27, 8, 1, 0.8298566341400146, 2168104, 0.2737541198730469, 0.9258333444595337
27, 11, 1, 0.8327641487121582, 2168104, 0.25134631991386414, 0.9350000023841858
27, 3, 1, 0.6916568279266357, 2168104, 0.2854701280593872, 0.9133333563804626
27, 23, 1, 0.7445366382598877, 2168104, 0.26014256477355957, 0.9233333468437195
28, 22, 1, 0.702284574508667, 2168104, 0.25189152359962463, 0.9295833110809326
28, 1, 1, 0.73628830909729, 2168104, 0.26522281765937805, 0.9295833110809326
28, 10, 1, 0.7961504459381104, 2168104, 0.28617438673973083, 0.9116666913032532
28, 8, 1, 0.7353308200836182, 2168104, 0.2677764594554901, 0.9241666793823242
28, 18, 1, 0.7700181007385254, 2168104, 0.265198290348053, 0.9229166507720947
28, 3, 1, 0.775982141494751, 2168104, 0.2812210023403168, 0.9170833230018616
28, 23, 1, 0.768949031829834, 2168104, 0.2534121572971344, 0.9258333444595337
28, 11, 1, 0.7789921760559082, 2168104, 0.24552032351493835, 0.9379166960716248
29, 8, 1, 0.858745813369751, 2168104, 0.2644638419151306, 0.9266666769981384
29, 10, 1, 0.8405919075012207, 2168104, 0.27887335419654846, 0.9150000214576721
29, 18, 1, 0.8110904693603516, 2168104, 0.2580586373806, 0.9245833158493042
29, 2, 1, 0.8377044200897217, 2168104, 0.2637535333633423, 0.9200000166893005
29, 11, 1, 0.8735084533691406, 2168104, 0.24216867983341217, 0.9395833611488342
29, 23, 1, 0.9015216827392578, 2168104, 0.24751073122024536, 0.925000011920929
29, 1, 1, 0.8988127708435059, 2168104, 0.25756382942199707, 0.9295833110809326
29, 22, 1, 0.9379539489746094, 2168104, 0.24705052375793457, 0.9329166412353516
29, 3, 1, 0.8000648021697998, 2168104, 0.27688896656036377, 0.9208333492279053
30, 10, 1, 0.8463380336761475, 2168104, 0.26979872584342957, 0.9179166555404663
30, 23, 1, 0.7847592830657959, 2168104, 0.24271240830421448, 0.9300000071525574
30, 22, 1, 0.8397417068481445, 2168104, 0.24187156558036804, 0.9366666674613953
30, 8, 1, 0.8082630634307861, 2168104, 0.25800856947898865, 0.9275000095367432
30, 21, 1, 0.808560848236084, 2168104, 0.24141983687877655, 0.9354166388511658
30, 18, 1, 0.9016492366790771, 2168104, 0.2560937702655792, 0.9262499809265137
30, 1, 1, 0.8513815402984619, 2168104, 0.25672873854637146, 0.9312499761581421
30, 3, 1, 0.7966327667236328, 2168104, 0.2732308804988861, 0.9183333516120911
30, 11, 1, 0.8301711082458496, 2168104, 0.23624247312545776, 0.9350000023841858
31, 23, 1, 0.8574402332305908, 2168104, 0.24005833268165588, 0.9300000071525574
31, 8, 1, 0.7967483997344971, 2168104, 0.2566940486431122, 0.9266666769981384
31, 1, 1, 0.763157844543457, 2168104, 0.24984484910964966, 0.934166669845581
31, 22, 1, 0.7596845626831055, 2168104, 0.23819534480571747, 0.9358333349227905
31, 10, 1, 0.7423253059387207, 2168104, 0.26507967710494995, 0.9183333516120911
31, 18, 1, 0.7964296340942383, 2168104, 0.25025054812431335, 0.9258333444595337
31, 11, 1, 0.7898693084716797, 2168104, 0.23169243335723877, 0.9375
31, 3, 1, 0.7929153442382812, 2168104, 0.26557496190071106, 0.918749988079071
32, 8, 1, 0.8004946708679199, 2168104, 0.2489979863166809, 0.9300000071525574
32, 3, 1, 0.77197265625, 2168104, 0.2612096071243286, 0.925000011920929
32, 11, 1, 0.787647008895874, 2168104, 0.226057231426239, 0.9441666603088379
32, 22, 1, 0.7692224979400635, 2168104, 0.2299981713294983, 0.9370833039283752
32, 1, 1, 0.7747745513916016, 2168104, 0.24414800107479095, 0.9308333396911621
32, 23, 1, 0.7136924266815186, 2168104, 0.23468975722789764, 0.9300000071525574
32, 19, 1, 0.7187273502349854, 2168104, 0.25150033831596375, 0.9329166412353516
33, 22, 1, 0.774193525314331, 2168104, 0.22735488414764404, 0.9358333349227905
33, 11, 1, 0.7336227893829346, 2168104, 0.22309784591197968, 0.9424999952316284
33, 1, 1, 0.7681472301483154, 2168104, 0.23851285874843597, 0.9362499713897705
33, 10, 1, 0.7343454360961914, 2168104, 0.2583203613758087, 0.92208331823349
33, 18, 1, 0.7398791313171387, 2168104, 0.24324612319469452, 0.9291666746139526
33, 8, 1, 0.8455519676208496, 2168104, 0.24834482371807098, 0.9312499761581421
33, 3, 1, 0.7126593589782715, 2168104, 0.25494515895843506, 0.9229166507720947
33, 23, 1, 0.7361879348754883, 2168104, 0.23091007769107819, 0.9312499761581421
34, 8, 1, 0.7934749126434326, 2168104, 0.2411583513021469, 0.934583306312561
34, 1, 1, 0.8092010021209717, 2168104, 0.23443643748760223, 0.9362499713897705
34, 11, 1, 0.7895276546478271, 2168104, 0.21765971183776855, 0.9449999928474426
34, 23, 1, 0.7750751972198486, 2168104, 0.22739224135875702, 0.9295833110809326
34, 3, 1, 0.7823057174682617, 2168104, 0.251173198223114, 0.9275000095367432
34, 21, 1, 0.7818083763122559, 2168104, 0.2278103083372116, 0.9383333325386047
34, 22, 1, 1.0399081707000732, 2168104, 0.22286847233772278, 0.9412500262260437
35, 3, 1, 0.8082001209259033, 2168104, 0.24878771603107452, 0.9254166483879089
35, 1, 1, 0.865541934967041, 2168104, 0.23277264833450317, 0.9379166960716248
35, 11, 1, 0.7710788249969482, 2168104, 0.21508274972438812, 0.9441666603088379
35, 21, 1, 0.7976601123809814, 2168104, 0.22353535890579224, 0.934583306312561
35, 8, 1, 0.7353498935699463, 2168104, 0.23911868035793304, 0.934166669845581
35, 23, 1, 0.7692697048187256, 2168104, 0.2227606475353241, 0.9316666722297668
35, 22, 1, 0.8859219551086426, 2168104, 0.2163328230381012, 0.9399999976158142
36, 23, 1, 0.8776214122772217, 2168104, 0.2184024304151535, 0.9354166388511658
36, 8, 1, 0.6952610015869141, 2168104, 0.23709197342395782, 0.9333333373069763
36, 22, 1, 0.8156647682189941, 2168104, 0.21268801391124725, 0.9420833587646484
36, 1, 1, 0.8806531429290771, 2168104, 0.22928614914417267, 0.9350000023841858
36, 11, 1, 0.8573133945465088, 2168104, 0.20997700095176697, 0.9470833539962769
36, 21, 1, 0.7973976135253906, 2168104, 0.21823038160800934, 0.940833330154419
36, 2, 1, 1.0233821868896484, 2168104, 0.2388453185558319, 0.9279166460037231
36, 3, 1, 1.0054876804351807, 2168104, 0.24399764835834503, 0.9279166460037231
37, 8, 1, 0.812070369720459, 2168104, 0.23301208019256592, 0.9366666674613953
37, 10, 1, 0.8134720325469971, 2168104, 0.24521294236183167, 0.9229166507720947
37, 21, 1, 0.7474513053894043, 2168104, 0.21408742666244507, 0.9387500286102295
37, 23, 1, 0.7049996852874756, 2168104, 0.2155401110649109, 0.9362499713897705
37, 1, 1, 0.8128535747528076, 2168104, 0.22389087080955505, 0.9375
37, 11, 1, 0.6992299556732178, 2168104, 0.20545443892478943, 0.949999988079071
37, 22, 1, 0.7323176860809326, 2168104, 0.21031425893306732, 0.9441666603088379
38, 1, 1, 0.825955867767334, 2168104, 0.22064976394176483, 0.9441666603088379
38, 11, 1, 0.7347476482391357, 2168104, 0.20457401871681213, 0.9487500190734863
38, 23, 1, 0.7588193416595459, 2168104, 0.21167956292629242, 0.9379166960716248
38, 8, 1, 0.8132996559143066, 2168104, 0.22822219133377075, 0.9387500286102295
38, 22, 1, 0.7461895942687988, 2168104, 0.20661334693431854, 0.9424999952316284
38, 21, 1, 0.8120901584625244, 2168104, 0.21001550555229187, 0.9416666626930237
38, 3, 1, 0.739389181137085, 2168104, 0.2349862903356552, 0.9291666746139526
39, 11, 1, 0.7624094486236572, 2168104, 0.19836045801639557, 0.9504166841506958
39, 22, 1, 0.7560336589813232, 2168104, 0.2025512307882309, 0.9458333253860474
39, 21, 1, 0.7288374900817871, 2168104, 0.20614095032215118, 0.9391666650772095
39, 8, 1, 0.7933459281921387, 2168104, 0.22411242127418518, 0.9358333349227905
39, 23, 1, 0.7662196159362793, 2168104, 0.20745587348937988, 0.9370833039283752
39, 1, 1, 0.7170217037200928, 2168104, 0.21637272834777832, 0.940416693687439
40, 23, 1, 0.7452642917633057, 2168104, 0.20173968374729156, 0.9420833587646484
40, 11, 1, 0.7395250797271729, 2168104, 0.196406289935112, 0.9483333230018616
40, 21, 1, 0.6934494972229004, 2168104, 0.20395153760910034, 0.9458333253860474
40, 1, 1, 0.7122385501861572, 2168104, 0.20884369313716888, 0.9412500262260437
40, 22, 1, 0.7362203598022461, 2168104, 0.20012414455413818, 0.9441666603088379
40, 8, 1, 0.7191188335418701, 2168104, 0.22034190595149994, 0.9375
41, 1, 1, 0.7768473625183105, 2168104, 0.20651362836360931, 0.9466666579246521
41, 22, 1, 0.8087506294250488, 2168104, 0.19683021306991577, 0.9445833563804626
41, 23, 1, 0.7367913722991943, 2168104, 0.20055095851421356, 0.9420833587646484
41, 21, 1, 0.7753479480743408, 2168104, 0.19894930720329285, 0.9487500190734863
41, 8, 1, 0.7380924224853516, 2168104, 0.21740750968456268, 0.9379166960716248
41, 11, 1, 0.708406925201416, 2168104, 0.19275207817554474, 0.9491666555404663
42, 8, 1, 0.7102429866790771, 2168104, 0.21316447854042053, 0.9391666650772095
42, 22, 1, 0.6605806350708008, 2168104, 0.1936080902814865, 0.9479166865348816
42, 23, 1, 0.6996757984161377, 2168104, 0.1978849619626999, 0.9424999952316284
42, 1, 1, 0.7111248970031738, 2168104, 0.20462040603160858, 0.9429166913032532
42, 11, 1, 0.7269301414489746, 2168104, 0.1900099217891693, 0.9524999856948853
43, 11, 1, 0.8240795135498047, 2168104, 0.18442563712596893, 0.95333331823349
43, 22, 1, 0.7781839370727539, 2168104, 0.18931086361408234, 0.9487500190734863
43, 1, 1, 0.7544040679931641, 2168104, 0.19925017654895782, 0.9462500214576721
43, 23, 1, 0.7700393199920654, 2168104, 0.1932389885187149, 0.9420833587646484
43, 10, 1, 0.7564382553100586, 2168104, 0.22632072865962982, 0.9283333420753479
43, 8, 1, 0.7404751777648926, 2168104, 0.21019430458545685, 0.9416666626930237
43, 21, 1, 0.7794983386993408, 2168104, 0.1960853636264801, 0.9458333253860474
44, 8, 1, 0.7473382949829102, 2168104, 0.20303615927696228, 0.9454166889190674
44, 22, 1, 0.7385656833648682, 2168104, 0.18715022504329681, 0.9474999904632568
44, 11, 1, 0.665952205657959, 2168104, 0.18047493696212769, 0.9549999833106995
44, 23, 1, 0.7091805934906006, 2168104, 0.1889253705739975, 0.9466666579246521
44, 1, 1, 0.8107602596282959, 2168104, 0.19672220945358276, 0.9462500214576721
45, 21, 1, 0.7572033405303955, 2168104, 0.19070729613304138, 0.9487500190734863
45, 1, 1, 0.7330377101898193, 2168104, 0.19319932162761688, 0.9479166865348816
45, 8, 1, 0.7960760593414307, 2168104, 0.20405004918575287, 0.9429166913032532
45, 22, 1, 0.7894754409790039, 2168104, 0.18214590847492218, 0.9470833539962769
45, 11, 1, 1.0409448146820068, 2168104, 0.17666016519069672, 0.9541666507720947
46, 23, 1, 0.7650692462921143, 2168104, 0.1858910620212555, 0.949999988079071
46, 22, 1, 0.7354955673217773, 2168104, 0.17831674218177795, 0.9516666531562805
46, 8, 1, 0.7683310508728027, 2168104, 0.20122507214546204, 0.9437500238418579
46, 21, 1, 0.6957912445068359, 2168104, 0.18674924969673157, 0.9491666555404663
46, 1, 1, 0.6947989463806152, 2168104, 0.18719404935836792, 0.9491666555404663
46, 11, 1, 0.7592036724090576, 2168104, 0.1761559545993805, 0.9566666483879089
47, 8, 1, 0.7458717823028564, 2168104, 0.19509965181350708, 0.9470833539962769
47, 1, 1, 0.7915029525756836, 2168104, 0.18502674996852875, 0.9516666531562805
47, 24, 1, 0.8163862228393555, 2168104, 0.22798100113868713, 0.9366666674613953
47, 22, 1, 0.8264925479888916, 2168104, 0.17530502378940582, 0.9504166841506958
47, 21, 1, 0.8950474262237549, 2168104, 0.18283264338970184, 0.9520833492279053
47, 23, 1, 0.7716395854949951, 2168104, 0.18345975875854492, 0.9462500214576721
47, 11, 1, 0.76896071434021, 2168104, 0.1704517900943756, 0.9570833444595337
48, 8, 1, 0.7355873584747314, 2168104, 0.19492889940738678, 0.9454166889190674
48, 23, 1, 0.7418417930603027, 2168104, 0.18015450239181519, 0.9466666579246521
48, 11, 1, 0.6831390857696533, 2168104, 0.16798734664916992, 0.9579166769981384
48, 1, 1, 0.6950209140777588, 2168104, 0.18344952166080475, 0.95333331823349
48, 21, 1, 0.7190589904785156, 2168104, 0.18191085755825043, 0.95333331823349
49, 1, 1, 0.7677726745605469, 2168104, 0.17785261571407318, 0.9537500143051147
49, 22, 1, 0.7039873600006104, 2168104, 0.17353996634483337, 0.9520833492279053
49, 8, 1, 0.6979434490203857, 2168104, 0.18887589871883392, 0.9483333230018616
49, 23, 1, 0.7015094757080078, 2168104, 0.17454466223716736, 0.9495833516120911
49, 11, 1, 0.7292835712432861, 2168104, 0.16637958586215973, 0.9554166793823242
50, 1, 1, 0.8138821125030518, 2168104, 0.1753331869840622, 0.9574999809265137
50, 23, 1, 0.7492692470550537, 2168104, 0.17080214619636536, 0.9508333206176758
50, 19, 1, 0.8056304454803467, 2168104, 0.20621487498283386, 0.9449999928474426
50, 8, 1, 0.7247457504272461, 2168104, 0.18912792205810547, 0.9495833516120911
50, 21, 1, 0.7720644474029541, 2168104, 0.17671319842338562, 0.9512500166893005
50, 11, 1, 0.9368672370910645, 2168104, 0.1621467024087906, 0.9591666460037231
51, 21, 1, 0.7689681053161621, 2168104, 0.1746145486831665, 0.9516666531562805
51, 11, 1, 0.7567160129547119, 2168104, 0.1582026332616806, 0.9591666460037231
51, 22, 1, 0.7374136447906494, 2168104, 0.17002496123313904, 0.9508333206176758
51, 8, 1, 0.6939570903778076, 2168104, 0.18487128615379333, 0.9479166865348816
51, 1, 1, 0.70428466796875, 2168104, 0.17391768097877502, 0.9537500143051147
52, 22, 1, 0.7574772834777832, 2168104, 0.1665944755077362, 0.9487500190734863
52, 8, 1, 0.7849569320678711, 2168104, 0.18211741745471954, 0.9487500190734863
52, 11, 1, 0.7378110885620117, 2168104, 0.15850603580474854, 0.9604166746139526
52, 1, 1, 0.7030043601989746, 2168104, 0.16855481266975403, 0.9574999809265137
52, 23, 1, 0.7569129467010498, 2168104, 0.1692497432231903, 0.9516666531562805
53, 11, 1, 0.7548787593841553, 2168104, 0.15380854904651642, 0.9599999785423279
53, 1, 1, 0.7555475234985352, 2168104, 0.16711507737636566, 0.956250011920929
53, 8, 1, 0.753913164138794, 2168104, 0.17933166027069092, 0.9458333253860474
53, 23, 1, 0.680875301361084, 2168104, 0.16449664533138275, 0.9545833468437195
53, 22, 1, 0.7692880630493164, 2168104, 0.1612628847360611, 0.9574999809265137
53, 21, 1, 1.021794080734253, 2168104, 0.17036981880664825, 0.9549999833106995
54, 8, 1, 0.7198183536529541, 2168104, 0.1751720905303955, 0.9495833516120911
54, 22, 1, 0.7089378833770752, 2168104, 0.15906351804733276, 0.9574999809265137
54, 21, 1, 0.6759586334228516, 2168104, 0.167155921459198, 0.9545833468437195
54, 1, 1, 0.7476215362548828, 2168104, 0.1648765504360199, 0.9558333158493042
54, 11, 1, 0.6929423809051514, 2168104, 0.15268893539905548, 0.9583333134651184
55, 11, 1, 0.8059511184692383, 2168104, 0.14934994280338287, 0.9624999761581421
55, 24, 1, 0.7964191436767578, 2168104, 0.20993462204933167, 0.9416666626930237
55, 8, 1, 0.809830904006958, 2168104, 0.1726854294538498, 0.9520833492279053
55, 23, 1, 0.7010500431060791, 2168104, 0.16421140730381012, 0.9504166841506958
55, 21, 1, 0.7827870845794678, 2168104, 0.16298693418502808, 0.956250011920929
55, 1, 1, 0.7641165256500244, 2168104, 0.1603592485189438, 0.9591666460037231
55, 22, 1, 0.7983014583587646, 2168104, 0.15703025460243225, 0.9574999809265137
56, 8, 1, 0.8130440711975098, 2168104, 0.17075634002685547, 0.949999988079071
56, 11, 1, 0.828073263168335, 2168104, 0.14524498581886292, 0.9633333086967468
56, 21, 1, 0.785879373550415, 2168104, 0.16249516606330872, 0.9604166746139526
56, 23, 1, 0.756058931350708, 2168104, 0.15977607667446136, 0.9545833468437195
56, 1, 1, 0.7460505962371826, 2168104, 0.1595144122838974, 0.9595833420753479
56, 24, 1, 0.7479095458984375, 2168104, 0.20432832837104797, 0.9424999952316284
56, 22, 1, 0.8402073383331299, 2168104, 0.1543702483177185, 0.9579166769981384
57, 11, 1, 0.8071086406707764, 2168104, 0.14580778777599335, 0.9595833420753479
57, 23, 1, 0.7798948287963867, 2168104, 0.15724217891693115, 0.9537500143051147
57, 1, 1, 0.6960465908050537, 2168104, 0.1548304706811905, 0.9595833420753479
57, 22, 1, 0.8021805286407471, 2168104, 0.1503373384475708, 0.9599999785423279
57, 8, 1, 0.7490966320037842, 2168104, 0.16644592583179474, 0.9549999833106995
58, 8, 1, 0.7238385677337646, 2168104, 0.16424740850925446, 0.956250011920929
58, 11, 1, 0.7988457679748535, 2168104, 0.14337342977523804, 0.9649999737739563
58, 22, 1, 0.816929817199707, 2168104, 0.14749152958393097, 0.9579166769981384
58, 21, 1, 0.7804434299468994, 2168104, 0.15963023900985718, 0.9595833420753479
58, 23, 1, 0.7808337211608887, 2168104, 0.15405748784542084, 0.9583333134651184
58, 1, 1, 0.6847257614135742, 2168104, 0.15160474181175232, 0.9608333110809326
59, 22, 1, 0.7644937038421631, 2168104, 0.14789913594722748, 0.9599999785423279
59, 24, 1, 0.7185735702514648, 2168104, 0.19741487503051758, 0.9433333277702332
59, 11, 1, 0.6504538059234619, 2168104, 0.1409016102552414, 0.9612500071525574
59, 8, 1, 0.9877979755401611, 2168104, 0.16348408162593842, 0.9524999856948853
59, 1, 1, 1.0337917804718018, 2168104, 0.15271474421024323, 0.9608333110809326
60, 11, 1, 0.7465457916259766, 2168104, 0.13707640767097473, 0.9649999737739563
60, 1, 1, 0.7148756980895996, 2168104, 0.1485489010810852, 0.9608333110809326
60, 23, 1, 0.7256190776824951, 2168104, 0.15197481215000153, 0.9583333134651184
60, 8, 1, 0.7182583808898926, 2168104, 0.1607511043548584, 0.9554166793823242
61, 21, 1, 0.8149898052215576, 2168104, 0.15719099342823029, 0.9558333158493042
61, 11, 1, 0.7857377529144287, 2168104, 0.13285817205905914, 0.9670833349227905
61, 24, 1, 0.7650043964385986, 2168104, 0.19291457533836365, 0.9454166889190674
61, 23, 1, 0.7825775146484375, 2168104, 0.14907826483249664, 0.9566666483879089
61, 1, 1, 0.7557814121246338, 2168104, 0.14526405930519104, 0.9633333086967468
61, 8, 1, 0.7415592670440674, 2168104, 0.15615497529506683, 0.9554166793823242
62, 22, 1, 0.7170779705047607, 2168104, 0.14440765976905823, 0.9612500071525574
62, 23, 1, 0.7391579151153564, 2168104, 0.14716628193855286, 0.9587500095367432
62, 24, 1, 0.6906163692474365, 2168104, 0.18781431019306183, 0.9483333230018616
62, 11, 1, 0.7597053050994873, 2168104, 0.1328103244304657, 0.9666666388511658
62, 1, 1, 0.7814679145812988, 2168104, 0.14401420950889587, 0.9637500047683716
62, 8, 1, 1.0501811504364014, 2168104, 0.15202456712722778, 0.9583333134651184
63, 11, 1, 0.6978714466094971, 2168104, 0.13124433159828186, 0.9662500023841858
63, 19, 1, 0.8068807125091553, 2168104, 0.18254370987415314, 0.949999988079071
63, 7, 1, 0.767101526260376, 2168104, 0.17733824253082275, 0.9479166865348816
63, 24, 1, 0.7980332374572754, 2168104, 0.18473154306411743, 0.9458333253860474
63, 23, 1, 0.7686758041381836, 2168104, 0.14232994616031647, 0.9599999785423279
63, 1, 1, 0.7485125064849854, 2168104, 0.1407354176044464, 0.9662500023841858
63, 8, 1, 1.1227598190307617, 2168104, 0.15336717665195465, 0.9558333158493042
64, 11, 1, 0.7558135986328125, 2168104, 0.1298414170742035, 0.9670833349227905
64, 23, 1, 0.7714300155639648, 2168104, 0.1423863023519516, 0.9608333110809326
64, 24, 1, 0.7855780124664307, 2168104, 0.17966069281101227, 0.9504166841506958
64, 8, 1, 0.6940412521362305, 2168104, 0.1509268879890442, 0.9566666483879089
64, 1, 1, 0.7250897884368896, 2168104, 0.13790255784988403, 0.9674999713897705
64, 22, 1, 0.7969942092895508, 2168104, 0.14055661857128143, 0.9616666436195374
65, 11, 1, 0.7827613353729248, 2168104, 0.12624430656433105, 0.9691666960716248
65, 23, 1, 0.6860346794128418, 2168104, 0.1407383531332016, 0.9604166746139526
65, 1, 1, 0.6844983100891113, 2168104, 0.1369687169790268, 0.9683333039283752
65, 24, 1, 0.6883995532989502, 2168104, 0.17621371150016785, 0.9508333206176758
65, 8, 1, 1.0620014667510986, 2168104, 0.14867433905601501, 0.9583333134651184
66, 1, 1, 0.7574961185455322, 2168104, 0.1340930312871933, 0.9670833349227905
66, 24, 1, 0.7383487224578857, 2168104, 0.17236551642417908, 0.9512500166893005
66, 23, 1, 0.7139871120452881, 2168104, 0.13610902428627014, 0.9620833396911621
66, 8, 1, 0.7078914642333984, 2168104, 0.14641092717647552, 0.9579166769981384
66, 11, 1, 0.9948067665100098, 2168104, 0.12596338987350464, 0.9679166674613953
67, 21, 1, 0.7687289714813232, 2168104, 0.1507168561220169, 0.9591666460037231
67, 11, 1, 0.7942492961883545, 2168104, 0.12256526947021484, 0.9704166650772095
67, 19, 1, 0.7828235626220703, 2168104, 0.1766996830701828, 0.9520833492279053
67, 1, 1, 0.7903914451599121, 2168104, 0.1307326704263687, 0.9683333039283752
67, 23, 1, 0.7308850288391113, 2168104, 0.13283491134643555, 0.965416669845581
67, 8, 1, 0.8087811470031738, 2168104, 0.14215607941150665, 0.9616666436195374
67, 24, 1, 1.0087366104125977, 2168104, 0.17251509428024292, 0.9508333206176758
68, 24, 1, 0.7351529598236084, 2168104, 0.16918887197971344, 0.9512500166893005
68, 23, 1, 0.7713291645050049, 2168104, 0.13290385901927948, 0.9649999737739563
68, 11, 1, 0.7448015213012695, 2168104, 0.12012571841478348, 0.9700000286102295
68, 8, 1, 0.6812930107116699, 2168104, 0.14244289696216583, 0.9587500095367432
68, 1, 1, 0.79595947265625, 2168104, 0.1297810673713684, 0.9670833349227905
69, 1, 1, 0.7663393020629883, 2168104, 0.1266142576932907, 0.96875
69, 8, 1, 0.7030448913574219, 2168104, 0.13949182629585266, 0.9616666436195374
69, 23, 1, 0.7432973384857178, 2168104, 0.12960167229175568, 0.9662500023841858
69, 21, 1, 0.7651185989379883, 2168104, 0.1484808474779129, 0.9612500071525574
69, 22, 1, 0.7786836624145508, 2168104, 0.13664613664150238, 0.9616666436195374
69, 11, 1, 0.7371680736541748, 2168104, 0.11923084408044815, 0.9691666960716248
70, 24, 1, 0.789325475692749, 2168104, 0.16579695045948029, 0.9541666507720947
70, 23, 1, 0.8127870559692383, 2168104, 0.12840205430984497, 0.9662500023841858
70, 1, 1, 0.7397081851959229, 2168104, 0.12807385623455048, 0.9679166674613953
70, 8, 1, 0.8164358139038086, 2168104, 0.13752785325050354, 0.9624999761581421
70, 11, 1, 0.7502973079681396, 2168104, 0.11581601202487946, 0.9700000286102295
70, 22, 1, 0.8145830631256104, 2168104, 0.1333736926317215, 0.9633333086967468
71, 23, 1, 0.71889328956604, 2168104, 0.12607042491436005, 0.9662500023841858
71, 8, 1, 0.76373291015625, 2168104, 0.1344194859266281, 0.9629166722297668
71, 24, 1, 0.7423815727233887, 2168104, 0.15983711183071136, 0.95333331823349
71, 11, 1, 0.726381778717041, 2168104, 0.11507728695869446, 0.9712499976158142
71, 1, 1, 0.7468125820159912, 2168104, 0.12358567863702774, 0.9700000286102295
72, 23, 1, 0.7412505149841309, 2168104, 0.12475288659334183, 0.9662500023841858
72, 11, 1, 0.7015392780303955, 2168104, 0.11250371485948563, 0.9708333611488342
72, 24, 1, 0.8238124847412109, 2168104, 0.15678630769252777, 0.95291668176651
72, 8, 1, 0.7679307460784912, 2168104, 0.1339310109615326, 0.9608333110809326
72, 1, 1, 0.7359349727630615, 2168104, 0.12336606532335281, 0.9708333611488342
73, 24, 1, 0.766686201095581, 2168104, 0.15480859577655792, 0.9541666507720947
73, 3, 1, 0.8049731254577637, 2168104, 0.17477431893348694, 0.9487500190734863
73, 23, 1, 0.7886319160461426, 2168104, 0.12170815467834473, 0.9662500023841858
73, 11, 1, 0.7822742462158203, 2168104, 0.11248791962862015, 0.9712499976158142
73, 8, 1, 0.774298906326294, 2168104, 0.131416454911232, 0.9637500047683716
73, 21, 1, 0.76603102684021, 2168104, 0.14438943564891815, 0.9624999761581421
73, 1, 1, 1.0583393573760986, 2168104, 0.11971893161535263, 0.9704166650772095
74, 11, 1, 0.7814478874206543, 2168104, 0.10952802002429962, 0.972083330154419
74, 24, 1, 0.7530927658081055, 2168104, 0.1534004509449005, 0.9541666507720947
74, 1, 1, 0.7553679943084717, 2168104, 0.1184377670288086, 0.9708333611488342
74, 8, 1, 0.7482914924621582, 2168104, 0.12537923455238342, 0.965416669845581
74, 23, 1, 0.7546014785766602, 2168104, 0.12069404870271683, 0.9674999713897705
74, 22, 1, 0.7644968032836914, 2168104, 0.1292266696691513, 0.9645833373069763
75, 8, 1, 0.7973940372467041, 2168104, 0.12869562208652496, 0.965416669845581
75, 1, 1, 0.764169454574585, 2168104, 0.11540064215660095, 0.9741666913032532
75, 23, 1, 0.813356876373291, 2168104, 0.11851377785205841, 0.9704166650772095
75, 11, 1, 0.7673041820526123, 2168104, 0.10873740166425705, 0.9733333587646484
75, 14, 1, 0.7396013736724854, 2168104, 0.1704554259777069, 0.9487500190734863
75, 22, 1, 0.7169132232666016, 2168104, 0.12478875368833542, 0.9649999737739563
75, 24, 1, 0.7889437675476074, 2168104, 0.1476401388645172, 0.9587500095367432
76, 8, 1, 0.7630534172058105, 2168104, 0.12575368583202362, 0.9633333086967468
76, 1, 1, 0.7496523857116699, 2168104, 0.11607249081134796, 0.9733333587646484
76, 23, 1, 0.7747743129730225, 2168104, 0.11532905697822571, 0.9704166650772095
76, 11, 1, 0.7808561325073242, 2168104, 0.10742077231407166, 0.9733333587646484
76, 24, 1, 0.7607846260070801, 2168104, 0.14684593677520752, 0.9541666507720947
77, 23, 1, 0.7615854740142822, 2168104, 0.11582844704389572, 0.9704166650772095
77, 1, 1, 0.8122482299804688, 2168104, 0.1126556545495987, 0.9708333611488342
77, 24, 1, 0.7785820960998535, 2168104, 0.1427566260099411, 0.9591666460037231
77, 8, 1, 0.7270445823669434, 2168104, 0.1227646991610527, 0.9662500023841858
77, 11, 1, 0.7664444446563721, 2168104, 0.10574966669082642, 0.9729166626930237
78, 23, 1, 0.7639381885528564, 2168104, 0.11366134881973267, 0.9691666960716248
78, 8, 1, 0.7841811180114746, 2168104, 0.11972663551568985, 0.9683333039283752
78, 13, 1, 0.75577712059021, 2168104, 0.16966663300991058, 0.9508333206176758
78, 11, 1, 0.7985670566558838, 2168104, 0.10155171155929565, 0.9750000238418579
78, 24, 1, 0.7074587345123291, 2168104, 0.14098338782787323, 0.9574999809265137
78, 1, 1, 0.7759482860565186, 2168104, 0.10989519953727722, 0.9729166626930237
79, 1, 1, 0.7176053524017334, 2168104, 0.1093190535902977, 0.9737499952316284
79, 8, 1, 0.7147302627563477, 2168104, 0.11801575869321823, 0.9679166674613953
79, 11, 1, 0.7202663421630859, 2168104, 0.10138051211833954, 0.9750000238418579
79, 23, 1, 0.7563426494598389, 2168104, 0.11109766364097595, 0.9691666960716248
80, 11, 1, 0.7973089218139648, 2168104, 0.09863454103469849, 0.9737499952316284
80, 8, 1, 0.698143720626831, 2168104, 0.11806977540254593, 0.9670833349227905
80, 23, 1, 0.7464773654937744, 2168104, 0.10888637602329254, 0.9704166650772095
80, 1, 1, 0.7416489124298096, 2168104, 0.10607721656560898, 0.9745833277702332
80, 24, 1, 0.7315373420715332, 2168104, 0.13839557766914368, 0.9612500071525574
80, 13, 1, 0.7424716949462891, 2168104, 0.16225503385066986, 0.9545833468437195
81, 13, 1, 0.7356441020965576, 2168104, 0.15938858687877655, 0.9520833492279053
81, 11, 1, 0.7263033390045166, 2168104, 0.09796583652496338, 0.9758333563804626
81, 1, 1, 0.7463948726654053, 2168104, 0.10313758254051208, 0.9745833277702332
81, 24, 1, 0.7049999237060547, 2168104, 0.13652750849723816, 0.9612500071525574
81, 8, 1, 0.7011680603027344, 2168104, 0.11726609617471695, 0.9649999737739563
81, 23, 1, 1.0325443744659424, 2168104, 0.10853657871484756, 0.9704166650772095
82, 8, 1, 0.745675802230835, 2168104, 0.1170290857553482, 0.96875
82, 23, 1, 0.6969685554504395, 2168104, 0.10528352111577988, 0.9708333611488342
82, 1, 1, 0.7576999664306641, 2168104, 0.1030270978808403, 0.9725000262260437
82, 24, 1, 0.7532980442047119, 2168104, 0.13470761477947235, 0.9616666436195374
82, 13, 1, 0.7793478965759277, 2168104, 0.15541388094425201, 0.95291668176651
82, 11, 1, 0.790158748626709, 2168104, 0.09567586332559586, 0.9750000238418579
83, 1, 1, 0.7723720073699951, 2168104, 0.10277881473302841, 0.9729166626930237
83, 11, 1, 0.7456839084625244, 2168104, 0.09399450570344925, 0.9741666913032532
83, 23, 1, 0.8130593299865723, 2168104, 0.10492146760225296, 0.971666693687439
83, 8, 1, 0.7753233909606934, 2168104, 0.1135544553399086, 0.96875
83, 24, 1, 0.735713005065918, 2168104, 0.12993651628494263, 0.9608333110809326
83, 7, 1, 1.0630786418914795, 2168104, 0.15144498646259308, 0.9504166841506958
84, 1, 1, 0.7627415657043457, 2168104, 0.10073552280664444, 0.9758333563804626
84, 11, 1, 0.7581896781921387, 2168104, 0.09214678406715393, 0.9766666889190674
84, 24, 1, 0.7245540618896484, 2168104, 0.12922027707099915, 0.9629166722297668
84, 8, 1, 0.7588863372802734, 2168104, 0.11101771146059036, 0.9708333611488342
84, 23, 1, 0.7402122020721436, 2168104, 0.10253731161355972, 0.9737499952316284
85, 11, 1, 0.7605748176574707, 2168104, 0.09293030947446823, 0.9750000238418579
85, 23, 1, 0.709540843963623, 2168104, 0.1015625, 0.9725000262260437
85, 24, 1, 0.7787275314331055, 2168104, 0.12567371129989624, 0.9633333086967468
85, 8, 1, 0.9796037673950195, 2168104, 0.11009582877159119, 0.9670833349227905
85, 1, 1, 1.0114214420318604, 2168104, 0.09907213598489761, 0.9762499928474426
86, 1, 1, 0.7616376876831055, 2168104, 0.09710079431533813, 0.9750000238418579
86, 11, 1, 0.7847566604614258, 2168104, 0.0907454639673233, 0.9783333539962769
86, 22, 1, 0.8496227264404297, 2168104, 0.11835760623216629, 0.9662500023841858
86, 13, 1, 0.7613601684570312, 2168104, 0.15083003044128418, 0.9545833468437195
86, 23, 1, 0.7531261444091797, 2168104, 0.100198894739151, 0.9737499952316284
86, 8, 1, 0.7347352504730225, 2168104, 0.10833153873682022, 0.9670833349227905
87, 23, 1, 0.7347402572631836, 2168104, 0.09946714341640472, 0.9737499952316284
87, 8, 1, 0.7124338150024414, 2168104, 0.10599173605442047, 0.9729166626930237
87, 1, 1, 0.6711716651916504, 2168104, 0.09601526707410812, 0.9762499928474426
87, 11, 1, 0.8178884983062744, 2168104, 0.09043381363153458, 0.9762499928474426
88, 8, 1, 0.778388261795044, 2168104, 0.1060686856508255, 0.9704166650772095
88, 1, 1, 0.7752807140350342, 2168104, 0.09266193956136703, 0.9783333539962769
88, 23, 1, 0.7186844348907471, 2168104, 0.09797227382659912, 0.9733333587646484
88, 24, 1, 0.7174029350280762, 2168104, 0.12386622279882431, 0.9641666412353516
88, 11, 1, 0.7721292972564697, 2168104, 0.08757226914167404, 0.9779166579246521
89, 8, 1, 0.7688806056976318, 2168104, 0.10220430791378021, 0.9712499976158142
89, 23, 1, 0.7853772640228271, 2168104, 0.09550991654396057, 0.9758333563804626
89, 24, 1, 0.7212064266204834, 2168104, 0.12455684691667557, 0.9637500047683716
89, 1, 1, 0.7331104278564453, 2168104, 0.09171701967716217, 0.9775000214576721
89, 11, 1, 0.7737703323364258, 2168104, 0.08408959209918976, 0.9779166579246521
90, 11, 1, 0.7394499778747559, 2168104, 0.08537376672029495, 0.9804166555404663
90, 24, 1, 0.717987060546875, 2168104, 0.12081348150968552, 0.9666666388511658
90, 1, 1, 0.8450210094451904, 2168104, 0.08921678364276886, 0.9783333539962769
90, 8, 1, 0.7684330940246582, 2168104, 0.09991689771413803, 0.9704166650772095
90, 13, 1, 0.7585592269897461, 2168104, 0.14696627855300903, 0.9554166793823242
90, 23, 1, 0.6985793113708496, 2168104, 0.09445785731077194, 0.9758333563804626
91, 24, 1, 0.750805139541626, 2168104, 0.11819685250520706, 0.9666666388511658
91, 1, 1, 0.7370786666870117, 2168104, 0.08806577324867249, 0.9775000214576721
91, 23, 1, 0.7407631874084473, 2168104, 0.09247317910194397, 0.9754166603088379
91, 8, 1, 0.8322527408599854, 2168104, 0.10039334744215012, 0.9712499976158142
91, 11, 1, 0.6944272518157959, 2168104, 0.08208397030830383, 0.9800000190734863
91, 13, 1, 0.7480795383453369, 2168104, 0.14627349376678467, 0.9554166793823242
92, 23, 1, 0.7973580360412598, 2168104, 0.09094036370515823, 0.9775000214576721
92, 11, 1, 0.8025009632110596, 2168104, 0.08389712870121002, 0.9775000214576721
92, 24, 1, 0.7482280731201172, 2168104, 0.11622689664363861, 0.9674999713897705
92, 1, 1, 0.710181713104248, 2168104, 0.08758824318647385, 0.9800000190734863
92, 8, 1, 0.7016549110412598, 2168104, 0.09884960204362869, 0.9708333611488342
93, 24, 1, 0.7286171913146973, 2168104, 0.11463344842195511, 0.9662500023841858
93, 1, 1, 0.7307896614074707, 2168104, 0.08566786348819733, 0.9800000190734863
93, 23, 1, 0.6898667812347412, 2168104, 0.08942333608865738, 0.9758333563804626
93, 8, 1, 0.7424776554107666, 2168104, 0.09527669847011566, 0.972083330154419
93, 11, 1, 0.7175631523132324, 2168104, 0.08019519597291946, 0.9816666841506958
94, 11, 1, 0.7177729606628418, 2168104, 0.08083309978246689, 0.9795833230018616
94, 24, 1, 0.7492434978485107, 2168104, 0.11123061180114746, 0.9712499976158142
94, 23, 1, 0.6617696285247803, 2168104, 0.08819711208343506, 0.9783333539962769
94, 1, 1, 0.7179694175720215, 2168104, 0.08431823551654816, 0.9800000190734863
94, 8, 1, 1.1391925811767578, 2168104, 0.09606382995843887, 0.9733333587646484
95, 22, 1, 0.7470667362213135, 2168104, 0.11477509886026382, 0.9683333039283752
95, 11, 1, 0.741823673248291, 2168104, 0.07813017815351486, 0.9808333516120911
95, 1, 1, 0.6817076206207275, 2168104, 0.08451420813798904, 0.9783333539962769
95, 8, 1, 0.7794137001037598, 2168104, 0.09348151832818985, 0.9745833277702332
95, 24, 1, 0.771449089050293, 2168104, 0.109451524913311, 0.96875
95, 23, 1, 0.7264456748962402, 2168104, 0.08685362339019775, 0.9787499904632568
96, 23, 1, 0.7441906929016113, 2168104, 0.08441755175590515, 0.9800000190734863
96, 1, 1, 0.7110252380371094, 2168104, 0.08184108138084412, 0.9791666865348816
96, 8, 1, 0.7020053863525391, 2168104, 0.0924454778432846, 0.9733333587646484
96, 11, 1, 0.7632973194122314, 2168104, 0.0767819881439209, 0.9800000190734863
97, 11, 1, 0.6731870174407959, 2168104, 0.07772689312696457, 0.981249988079071
97, 1, 1, 0.7109329700469971, 2168104, 0.08080299943685532, 0.9787499904632568
97, 8, 1, 0.6562747955322266, 2168104, 0.08999648690223694, 0.972083330154419
97, 23, 1, 1.070082187652588, 2168104, 0.08381405472755432, 0.9787499904632568
98, 1, 1, 0.7196898460388184, 2168104, 0.07672128826379776, 0.9816666841506958
98, 8, 1, 0.7298388481140137, 2168104, 0.08865103125572205, 0.9745833277702332
98, 24, 1, 0.7055554389953613, 2168104, 0.11045295745134354, 0.9700000286102295
98, 23, 1, 0.7305939197540283, 2168104, 0.08270445466041565, 0.9800000190734863
98, 11, 1, 1.0354125499725342, 2168104, 0.07370264083147049, 0.9833333492279053
99, 8, 1, 0.7054636478424072, 2168104, 0.08845219016075134, 0.9754166603088379
99, 1, 1, 0.7584052085876465, 2168104, 0.07786977291107178, 0.9820833206176758
99, 23, 1, 0.6976032257080078, 2168104, 0.0825318843126297, 0.9775000214576721
99, 7, 1, 0.687781810760498, 2168104, 0.1389029622077942, 0.9549999833106995
99, 11, 1, 0.72641921043396, 2168104, 0.07318013161420822, 0.98458331823349
100, 1, 1, 0.7475085258483887, 2168104, 0.075208380818367, 0.9829166531562805
100, 23, 1, 0.7576277256011963, 2168104, 0.07882596552371979, 0.9804166555404663
100, 8, 1, 0.7652802467346191, 2168104, 0.08419512212276459, 0.9766666889190674
100, 11, 1, 0.6993184089660645, 2168104, 0.07031864672899246, 0.9833333492279053
100, 24, 1, 0.6921584606170654, 2168104, 0.10420936346054077, 0.9712499976158142
101, 8, 1, 0.7789325714111328, 2168104, 0.08349286764860153, 0.9783333539962769
101, 1, 1, 0.7510144710540771, 2168104, 0.0736667662858963, 0.9820833206176758
101, 11, 1, 0.7011504173278809, 2168104, 0.07090210914611816, 0.9829166531562805
101, 13, 1, 0.753026008605957, 2168104, 0.13785816729068756, 0.9608333110809326
101, 23, 1, 0.7860822677612305, 2168104, 0.07884516566991806, 0.9829166531562805
102, 11, 1, 0.7422311305999756, 2168104, 0.06858840584754944, 0.98416668176651
102, 23, 1, 0.7662301063537598, 2168104, 0.07782001793384552, 0.9795833230018616
102, 1, 1, 0.691394567489624, 2168104, 0.07330317050218582, 0.9825000166893005
102, 8, 1, 0.7261712551116943, 2168104, 0.08213955163955688, 0.9783333539962769
102, 7, 1, 0.7531852722167969, 2168104, 0.1329759657382965, 0.9583333134651184
103, 11, 1, 0.8288099765777588, 2168104, 0.06900161504745483, 0.9833333492279053
103, 1, 1, 0.864382266998291, 2168104, 0.07286952435970306, 0.9833333492279053
103, 24, 1, 0.7222573757171631, 2168104, 0.10394477099180222, 0.9704166650772095
103, 23, 1, 0.71266770362854, 2168104, 0.07627149671316147, 0.9816666841506958
103, 8, 1, 0.7623598575592041, 2168104, 0.08193959295749664, 0.9770833253860474
103, 5, 1, 0.7283120155334473, 2168104, 0.13980647921562195, 0.9574999809265137
104, 1, 1, 0.700563907623291, 2168104, 0.07012682408094406, 0.9833333492279053
104, 24, 1, 0.7147088050842285, 2168104, 0.10059282183647156, 0.9712499976158142
104, 23, 1, 0.7032806873321533, 2168104, 0.07548446953296661, 0.9825000166893005
104, 8, 1, 0.6842648983001709, 2168104, 0.07892604917287827, 0.981249988079071
104, 13, 1, 0.7537841796875, 2168104, 0.13174086809158325, 0.9604166746139526
104, 11, 1, 0.9999613761901855, 2168104, 0.06749160587787628, 0.98458331823349
105, 11, 1, 0.7489745616912842, 2168104, 0.06636639684438705, 0.98416668176651
105, 1, 1, 0.7198381423950195, 2168104, 0.06998935341835022, 0.9825000166893005
105, 24, 1, 0.7018942832946777, 2168104, 0.0980694591999054, 0.9737499952316284
105, 8, 1, 0.6856026649475098, 2168104, 0.07884196937084198, 0.981249988079071
106, 11, 1, 0.6740236282348633, 2168104, 0.06499946117401123, 0.9854166507720947
106, 1, 1, 0.7267277240753174, 2168104, 0.06813140213489532, 0.98458331823349
106, 23, 1, 0.7464709281921387, 2168104, 0.075750932097435, 0.9808333516120911
106, 8, 1, 0.7549233436584473, 2168104, 0.07608982175588608, 0.9787499904632568
107, 11, 1, 0.7658092975616455, 2168104, 0.06370648741722107, 0.9858333468437195
107, 23, 1, 0.7645726203918457, 2168104, 0.07324051111936569, 0.9816666841506958
107, 1, 1, 0.732738733291626, 2168104, 0.06633323431015015, 0.9862499833106995
107, 8, 1, 0.6877694129943848, 2168104, 0.07622803002595901, 0.9804166555404663
107, 7, 1, 1.041940689086914, 2168104, 0.13170747458934784, 0.9574999809265137
108, 8, 1, 0.7333719730377197, 2168104, 0.07370482385158539, 0.9795833230018616
108, 23, 1, 0.7240185737609863, 2168104, 0.07236237823963165, 0.98416668176651
108, 1, 1, 0.6751973628997803, 2168104, 0.06439309567213058, 0.9862499833106995
108, 11, 1, 0.700676441192627, 2168104, 0.06261514872312546, 0.9858333468437195
109, 1, 1, 0.7308905124664307, 2168104, 0.06390047073364258, 0.9858333468437195
109, 23, 1, 0.720574140548706, 2168104, 0.06986314803361893, 0.9825000166893005
109, 8, 1, 0.7459545135498047, 2168104, 0.07271142303943634, 0.9816666841506958
109, 11, 1, 0.6702389717102051, 2168104, 0.061424534767866135, 0.9866666793823242
110, 24, 1, 0.7299134731292725, 2168104, 0.09978942573070526, 0.9733333587646484
110, 8, 1, 0.6936657428741455, 2168104, 0.07200895994901657, 0.9804166555404663
110, 1, 1, 0.725637674331665, 2168104, 0.06266207993030548, 0.9862499833106995
110, 11, 1, 0.7354352474212646, 2168104, 0.05911513790488243, 0.987500011920929
111, 23, 1, 0.7360665798187256, 2168104, 0.06970761716365814, 0.9833333492279053
111, 1, 1, 0.7156407833099365, 2168104, 0.061642829328775406, 0.9858333468437195
111, 11, 1, 0.709740161895752, 2168104, 0.058816999197006226, 0.9858333468437195
111, 8, 1, 0.645435094833374, 2168104, 0.06965071707963943, 0.981249988079071
112, 1, 1, 0.7358484268188477, 2168104, 0.0602978840470314, 0.9883333444595337
112, 7, 1, 0.7161614894866943, 2168104, 0.12469671666622162, 0.9599999785423279
112, 8, 1, 0.7496190071105957, 2168104, 0.06924811750650406, 0.9825000166893005
112, 11, 1, 0.7442936897277832, 2168104, 0.05878932774066925, 0.9862499833106995
112, 23, 1, 0.6729271411895752, 2168104, 0.06725338101387024, 0.9837499856948853
113, 11, 1, 0.7276289463043213, 2168104, 0.056966908276081085, 0.9879166483879089
113, 8, 1, 0.6671133041381836, 2168104, 0.06826375424861908, 0.9804166555404663
113, 23, 1, 0.6631989479064941, 2168104, 0.06564514338970184, 0.9870833158493042
113, 24, 1, 0.9456372261047363, 2168104, 0.0962219163775444, 0.9733333587646484
114, 7, 1, 0.7888684272766113, 2168104, 0.12026441097259521, 0.9574999809265137
114, 1, 1, 0.7559137344360352, 2168104, 0.059464335441589355, 0.9879166483879089
114, 23, 1, 0.7349934577941895, 2168104, 0.06482639163732529, 0.9850000143051147
114, 11, 1, 0.6737561225891113, 2168104, 0.05529797822237015, 0.9866666793823242
114, 8, 1, 0.8018181324005127, 2168104, 0.0667584165930748, 0.98416668176651
115, 8, 1, 0.7201051712036133, 2168104, 0.06455608457326889, 0.9854166507720947
115, 1, 1, 0.6972930431365967, 2168104, 0.05957788974046707, 0.9883333444595337
115, 11, 1, 0.6935555934906006, 2168104, 0.054441701620817184, 0.9887499809265137
115, 23, 1, 0.6976902484893799, 2168104, 0.06344485282897949, 0.98458331823349
116, 11, 1, 0.6832456588745117, 2168104, 0.052790142595767975, 0.9908333420753479
116, 8, 1, 0.6895744800567627, 2168104, 0.06357422471046448, 0.98458331823349
116, 1, 1, 0.6922636032104492, 2168104, 0.05727062374353409, 0.987500011920929
117, 11, 1, 0.7127358913421631, 2168104, 0.05218462273478508, 0.9887499809265137
117, 8, 1, 0.7100753784179688, 2168104, 0.06236887723207474, 0.9854166507720947
117, 1, 1, 0.6958589553833008, 2168104, 0.05509820207953453, 0.9891666769981384
117, 23, 1, 0.6986398696899414, 2168104, 0.06379625201225281, 0.98416668176651
118, 23, 1, 0.775803804397583, 2168104, 0.06248270720243454, 0.9858333468437195
118, 24, 1, 0.7892131805419922, 2168104, 0.09331688284873962, 0.9750000238418579
118, 8, 1, 0.7298555374145508, 2168104, 0.06213036924600601, 0.9850000143051147
118, 11, 1, 0.7419466972351074, 2168104, 0.050526317209005356, 0.9895833134651184
118, 1, 1, 0.7201294898986816, 2168104, 0.05452195554971695, 0.9883333444595337
119, 23, 1, 0.7355985641479492, 2168104, 0.06037135422229767, 0.9879166483879089
119, 11, 1, 0.7135202884674072, 2168104, 0.0505111962556839, 0.9891666769981384
119, 1, 1, 0.6836824417114258, 2168104, 0.05361667647957802, 0.9895833134651184
119, 8, 1, 0.7430679798126221, 2168104, 0.06028778851032257, 0.98458331823349
120, 1, 1, 0.7660927772521973, 2168104, 0.05238654091954231, 0.9891666769981384
120, 23, 1, 0.7336626052856445, 2168104, 0.05938490480184555, 0.9862499833106995
120, 11, 1, 0.9870452880859375, 2168104, 0.04871814325451851, 0.9904166460037231
120, 8, 1, 0.972238302230835, 2168104, 0.05869383364915848, 0.9862499833106995
121, 1, 1, 0.7830278873443604, 2168104, 0.050930753350257874, 0.9891666769981384
121, 23, 1, 0.7401940822601318, 2168104, 0.05809159576892853, 0.987500011920929
121, 8, 1, 0.741544246673584, 2168104, 0.05800654739141464, 0.98416668176651
121, 11, 1, 0.8068728446960449, 2168104, 0.04911335930228233, 0.9895833134651184
122, 11, 1, 0.7276897430419922, 2168104, 0.04840589687228203, 0.9904166460037231
122, 8, 1, 0.6914966106414795, 2168104, 0.05726368725299835, 0.9870833158493042
122, 23, 1, 0.7029719352722168, 2168104, 0.05664631351828575, 0.9879166483879089
122, 1, 1, 0.7006785869598389, 2168104, 0.050510477274656296, 0.9908333420753479
123, 8, 1, 0.7263510227203369, 2168104, 0.05600455030798912, 0.9866666793823242
123, 1, 1, 0.7129220962524414, 2168104, 0.04864473268389702, 0.9908333420753479
123, 24, 1, 0.6741816997528076, 2168104, 0.09121152758598328, 0.9733333587646484
123, 23, 1, 0.752835750579834, 2168104, 0.05699890851974487, 0.9879166483879089
124, 8, 1, 0.6952261924743652, 2168104, 0.05524719879031181, 0.987500011920929
124, 11, 1, 0.7318916320800781, 2168104, 0.04744486138224602, 0.9904166460037231
124, 7, 1, 0.6866190433502197, 2168104, 0.1197282001376152, 0.9616666436195374
124, 1, 1, 0.6863880157470703, 2168104, 0.04861636087298393, 0.9908333420753479
125, 11, 1, 0.8110761642456055, 2168104, 0.04653989151120186, 0.9895833134651184
125, 1, 1, 0.7238845825195312, 2168104, 0.04726378247141838, 0.9916666746139526
125, 8, 1, 0.7092561721801758, 2168104, 0.0531938374042511, 0.9883333444595337
125, 23, 1, 0.6731092929840088, 2168104, 0.05448839068412781, 0.9870833158493042
126, 23, 1, 0.7397394180297852, 2168104, 0.05477285385131836, 0.9883333444595337
126, 8, 1, 0.7529902458190918, 2168104, 0.05229582637548447, 0.9862499833106995
126, 11, 1, 0.6807413101196289, 2168104, 0.04576343670487404, 0.9916666746139526
126, 1, 1, 0.7166531085968018, 2168104, 0.04520733281970024, 0.9941666722297668
127, 8, 1, 0.7323594093322754, 2168104, 0.050904784351587296, 0.9900000095367432
127, 1, 1, 0.6783363819122314, 2168104, 0.045241210609674454, 0.9916666746139526
127, 23, 1, 0.693943977355957, 2168104, 0.05256403982639313, 0.9904166460037231
127, 11, 1, 1.0837750434875488, 2168104, 0.04415617138147354, 0.9916666746139526
128, 1, 1, 0.7223770618438721, 2168104, 0.044521722942590714, 0.9916666746139526
128, 8, 1, 0.664621114730835, 2168104, 0.0502844862639904, 0.9895833134651184
128, 11, 1, 0.7287650108337402, 2168104, 0.044074833393096924, 0.9908333420753479
128, 23, 1, 1.1207523345947266, 2168104, 0.051392871886491776, 0.9908333420753479
129, 11, 1, 0.7851223945617676, 2168104, 0.042393364012241364, 0.9933333396911621
129, 1, 1, 0.7446897029876709, 2168104, 0.04345868527889252, 0.9912499785423279
129, 23, 1, 0.7466764450073242, 2168104, 0.05043081194162369, 0.9883333444595337
129, 8, 1, 0.7308332920074463, 2168104, 0.05129864439368248, 0.987500011920929
130, 7, 1, 0.7642042636871338, 2168104, 0.11485051363706589, 0.965833306312561
130, 11, 1, 0.6784830093383789, 2168104, 0.042587511241436005, 0.9912499785423279
130, 1, 1, 0.7785124778747559, 2168104, 0.04290257766842842, 0.9925000071525574
130, 8, 1, 0.7755780220031738, 2168104, 0.0486481636762619, 0.9895833134651184
131, 1, 1, 0.7496967315673828, 2168104, 0.041682999581098557, 0.9941666722297668
131, 23, 1, 0.7194690704345703, 2168104, 0.05090194568037987, 0.9908333420753479
131, 8, 1, 0.7182283401489258, 2168104, 0.048251669853925705, 0.9908333420753479
131, 11, 1, 0.7147939205169678, 2168104, 0.040870487689971924, 0.9937499761581421
132, 1, 1, 0.7212045192718506, 2168104, 0.04127703979611397, 0.9941666722297668
132, 11, 1, 0.6888070106506348, 2168104, 0.040795907378196716, 0.9941666722297668
132, 8, 1, 0.7161846160888672, 2168104, 0.047418780624866486, 0.9904166460037231
132, 24, 1, 0.7467310428619385, 2168104, 0.089931420981884, 0.9733333587646484
133, 8, 1, 0.6817212104797363, 2168104, 0.046478260308504105, 0.9908333420753479
133, 23, 1, 0.6674199104309082, 2168104, 0.04968107491731644, 0.9895833134651184
133, 1, 1, 0.7464349269866943, 2168104, 0.040450263768434525, 0.9933333396911621
134, 1, 1, 0.6787517070770264, 2168104, 0.03869707137346268, 0.9933333396911621
134, 11, 1, 0.7976109981536865, 2168104, 0.04026777669787407, 0.9929166436195374
134, 8, 1, 0.7320425510406494, 2168104, 0.044389113783836365, 0.9941666722297668
135, 23, 1, 0.6919379234313965, 2168104, 0.04851207882165909, 0.9891666769981384
135, 1, 1, 0.7369208335876465, 2168104, 0.03796033561229706, 0.9945833086967468
135, 8, 1, 0.6997370719909668, 2168104, 0.043489959090948105, 0.9933333396911621
136, 8, 1, 0.7646093368530273, 2168104, 0.04221206158399582, 0.9941666722297668
136, 1, 1, 0.7005209922790527, 2168104, 0.03633261099457741, 0.9954166412353516
136, 11, 1, 0.6787774562835693, 2168104, 0.040289558470249176, 0.9920833110809326
137, 1, 1, 0.7297015190124512, 2168104, 0.035909585654735565, 0.9950000047683716
137, 8, 1, 0.6925985813140869, 2168104, 0.04116005077958107, 0.9950000047683716
137, 24, 1, 0.6853764057159424, 2168104, 0.08504888415336609, 0.9750000238418579
138, 11, 1, 0.7039000988006592, 2168104, 0.03901195526123047, 0.9920833110809326
138, 8, 1, 0.7385268211364746, 2168104, 0.040332309901714325, 0.9945833086967468
138, 23, 1, 0.7102015018463135, 2168104, 0.04842656850814819, 0.9879166483879089
139, 1, 1, 0.7466723918914795, 2168104, 0.035738762468099594, 0.9945833086967468
139, 11, 1, 0.70462965965271, 2168104, 0.037217799574136734, 0.9945833086967468
139, 8, 1, 0.7012979984283447, 2168104, 0.03929093852639198, 0.9941666722297668
140, 8, 1, 0.7093915939331055, 2168104, 0.038395967334508896, 0.9941666722297668
140, 11, 1, 0.83841872215271, 2168104, 0.036068279296159744, 0.9950000047683716
140, 1, 1, 0.729339599609375, 2168104, 0.034568022936582565, 0.9954166412353516
141, 11, 1, 0.7215125560760498, 2168104, 0.03481015935540199, 0.9950000047683716
141, 23, 1, 0.7945878505706787, 2168104, 0.047972746193408966, 0.9891666769981384
141, 8, 1, 0.733806848526001, 2168104, 0.037196915596723557, 0.9945833086967468
141, 1, 1, 0.6861186027526855, 2168104, 0.033968232572078705, 0.9958333373069763
142, 11, 1, 0.7629036903381348, 2168104, 0.03445716202259064, 0.9954166412353516
142, 23, 1, 0.6984851360321045, 2168104, 0.044913507997989655, 0.9900000095367432
142, 1, 1, 0.6941483020782471, 2168104, 0.03322727233171463, 0.9958333373069763
142, 8, 1, 0.7359812259674072, 2168104, 0.036812879145145416, 0.9950000047683716
143, 8, 1, 0.6991209983825684, 2168104, 0.03674463555216789, 0.9945833086967468
143, 1, 1, 0.6886453628540039, 2168104, 0.03246466815471649, 0.9958333373069763
143, 11, 1, 0.7433888912200928, 2168104, 0.03332248330116272, 0.996666669845581
144, 11, 1, 0.7624926567077637, 2168104, 0.03279381990432739, 0.9945833086967468
144, 8, 1, 0.678605318069458, 2168104, 0.03516102582216263, 0.9950000047683716
144, 1, 1, 0.6775863170623779, 2168104, 0.03172126039862633, 0.9962499737739563
145, 23, 1, 0.6765658855438232, 2168104, 0.04590476676821709, 0.9891666769981384
145, 11, 1, 0.6785223484039307, 2168104, 0.03139472380280495, 0.997083306312561
145, 8, 1, 0.6915507316589355, 2168104, 0.0349271222949028, 0.9962499737739563
146, 11, 1, 0.7149655818939209, 2168104, 0.030989844352006912, 0.997083306312561
146, 1, 1, 0.6802752017974854, 2168104, 0.031824056059122086, 0.9962499737739563
146, 8, 1, 0.7567391395568848, 2168104, 0.033427316695451736, 0.9962499737739563
147, 8, 1, 0.7119159698486328, 2168104, 0.032817427068948746, 0.996666669845581
147, 11, 1, 0.6495175361633301, 2168104, 0.029985319823026657, 0.997083306312561
147, 23, 1, 0.713054895401001, 2168104, 0.0436398908495903, 0.9904166460037231
148, 1, 1, 0.7549734115600586, 2168104, 0.0315307155251503, 0.9954166412353516
148, 11, 1, 0.707848310470581, 2168104, 0.028785305097699165, 0.9979166388511658
148, 8, 1, 0.7614455223083496, 2168104, 0.03273118659853935, 0.9962499737739563
149, 11, 1, 0.6888911724090576, 2168104, 0.02815449796617031, 0.9979166388511658
149, 8, 1, 0.7866995334625244, 2168104, 0.03162276744842529, 0.9962499737739563
149, 23, 1, 0.6653821468353271, 2168104, 0.042191341519355774, 0.9920833110809326
150, 11, 1, 0.7351865768432617, 2168104, 0.02776261977851391, 0.9975000023841858
150, 23, 1, 0.7185983657836914, 2168104, 0.039265286177396774, 0.9929166436195374
150, 8, 1, 0.6424517631530762, 2168104, 0.0304994136095047, 0.996666669845581
151, 11, 1, 0.7024760246276855, 2168104, 0.026704153046011925, 0.9983333349227905
151, 1, 1, 0.6972489356994629, 2168104, 0.03165663778781891, 0.9954166412353516
151, 8, 1, 0.6742444038391113, 2168104, 0.03032463788986206, 0.9962499737739563
151, 23, 1, 1.1069269180297852, 2168104, 0.03785081207752228, 0.9937499761581421
152, 1, 1, 0.7210097312927246, 2168104, 0.030944013968110085, 0.9958333373069763
152, 23, 1, 0.7505643367767334, 2168104, 0.03810456767678261, 0.9920833110809326
152, 8, 1, 1.0424442291259766, 2168104, 0.0300181545317173, 0.997083306312561
153, 11, 1, 0.7722761631011963, 2168104, 0.027521448209881783, 0.9975000023841858
153, 23, 1, 0.7321419715881348, 2168104, 0.036074329167604446, 0.9937499761581421
153, 8, 1, 0.7317745685577393, 2168104, 0.02930345945060253, 0.9962499737739563
154, 8, 1, 0.714202880859375, 2168104, 0.02845015563070774, 0.9975000023841858
154, 11, 1, 0.7731328010559082, 2168104, 0.026554420590400696, 0.9975000023841858
154, 23, 1, 0.7792155742645264, 2168104, 0.03443186730146408, 0.9933333396911621
155, 11, 1, 0.745826005935669, 2168104, 0.026023458689451218, 0.9975000023841858
155, 8, 1, 0.7215738296508789, 2168104, 0.027930848300457, 0.9983333349227905
155, 1, 1, 0.7578096389770508, 2168104, 0.030844373628497124, 0.9945833086967468
155, 23, 1, 0.6991651058197021, 2168104, 0.033515188843011856, 0.9950000047683716
156, 8, 1, 0.7001657485961914, 2168104, 0.02797042578458786, 0.9983333349227905
156, 11, 1, 0.685124397277832, 2168104, 0.026005305349826813, 0.9979166388511658
156, 1, 1, 0.6492528915405273, 2168104, 0.029867378994822502, 0.9962499737739563
157, 8, 1, 0.748950719833374, 2168104, 0.02719211019575596, 0.9975000023841858
157, 23, 1, 0.7094967365264893, 2168104, 0.034174900501966476, 0.9958333373069763
157, 11, 1, 0.6802859306335449, 2168104, 0.024944297969341278, 0.9983333349227905
158, 8, 1, 0.6982064247131348, 2168104, 0.02674838714301586, 0.9975000023841858
158, 11, 1, 0.6908116340637207, 2168104, 0.023959508165717125, 0.9987499713897705
158, 23, 1, 0.6855566501617432, 2168104, 0.032668184489011765, 0.9950000047683716
159, 1, 1, 0.7105965614318848, 2168104, 0.02961885742843151, 0.9954166412353516
159, 8, 1, 0.7074458599090576, 2168104, 0.02624610997736454, 0.9975000023841858
160, 11, 1, 0.7059879302978516, 2168104, 0.024372540414333344, 0.9975000023841858
160, 8, 1, 0.6845576763153076, 2168104, 0.025215741246938705, 0.9983333349227905
161, 8, 1, 0.6943032741546631, 2168104, 0.024036318063735962, 0.9987499713897705
161, 1, 1, 0.7098627090454102, 2168104, 0.02832159399986267, 0.996666669845581
161, 11, 1, 0.7026879787445068, 2168104, 0.02267174795269966, 0.9987499713897705
162, 23, 1, 0.780174970626831, 2168104, 0.03386124223470688, 0.9933333396911621
162, 11, 1, 0.7328081130981445, 2168104, 0.02261260896921158, 0.9983333349227905
162, 8, 1, 0.7275371551513672, 2168104, 0.02370845340192318, 0.9983333349227905
163, 11, 1, 0.7178564071655273, 2168104, 0.02191966213285923, 0.9983333349227905
163, 1, 1, 0.7399203777313232, 2168104, 0.02796081453561783, 0.996666669845581
163, 8, 1, 0.6622023582458496, 2168104, 0.023498786613345146, 0.9987499713897705
164, 8, 1, 0.80253005027771, 2168104, 0.023255951702594757, 0.9987499713897705
164, 23, 1, 0.7414534091949463, 2168104, 0.03239212930202484, 0.9945833086967468
164, 11, 1, 0.7502319812774658, 2168104, 0.021167082712054253, 0.9979166388511658
165, 8, 1, 0.6580777168273926, 2168104, 0.022746684029698372, 0.9987499713897705
165, 11, 1, 0.6955134868621826, 2168104, 0.021010372787714005, 0.9983333349227905
165, 23, 1, 0.8342926502227783, 2168104, 0.030369428917765617, 0.9945833086967468
166, 1, 1, 0.7720017433166504, 2168104, 0.02688438445329666, 0.996666669845581
166, 8, 1, 0.6828532218933105, 2168104, 0.02222607098519802, 0.9987499713897705
166, 11, 1, 0.6847696304321289, 2168104, 0.02130959741771221, 0.9979166388511658
167, 11, 1, 0.7010600566864014, 2168104, 0.020215289667248726, 0.9983333349227905
167, 8, 1, 0.7165486812591553, 2168104, 0.02211412973701954, 0.9987499713897705
168, 1, 1, 0.7438840866088867, 2168104, 0.02654004842042923, 0.9958333373069763
168, 23, 1, 0.6943554878234863, 2168104, 0.031238865107297897, 0.9954166412353516
168, 8, 1, 0.6686327457427979, 2168104, 0.021324140951037407, 0.9987499713897705
169, 11, 1, 0.6883246898651123, 2168104, 0.02008654549717903, 0.9987499713897705
169, 23, 1, 0.6802206039428711, 2168104, 0.029326865449547768, 0.9954166412353516
169, 8, 1, 0.6924524307250977, 2168104, 0.020310699939727783, 0.9987499713897705
170, 8, 1, 0.6924629211425781, 2168104, 0.02047310397028923, 0.9987499713897705
170, 1, 1, 0.6986391544342041, 2168104, 0.026235967874526978, 0.997083306312561
170, 11, 1, 0.7197821140289307, 2168104, 0.019608769565820694, 0.9983333349227905
171, 11, 1, 0.7383394241333008, 2168104, 0.019262053072452545, 0.9987499713897705
171, 8, 1, 0.7285540103912354, 2168104, 0.02008839137852192, 0.9987499713897705
172, 23, 1, 0.7146360874176025, 2168104, 0.02858947031199932, 0.9962499737739563
172, 11, 1, 0.6791322231292725, 2168104, 0.01804964244365692, 0.9987499713897705
172, 8, 1, 0.7665591239929199, 2168104, 0.01949320361018181, 0.9987499713897705
173, 8, 1, 0.7499940395355225, 2168104, 0.01912716217339039, 0.9991666674613953
173, 11, 1, 0.812978982925415, 2168104, 0.018012845888733864, 0.9979166388511658
174, 8, 1, 0.7283952236175537, 2168104, 0.018318181857466698, 0.9987499713897705
174, 1, 1, 0.6745121479034424, 2168104, 0.02593351900577545, 0.997083306312561
175, 11, 1, 0.7342469692230225, 2168104, 0.01786046288907528, 0.9987499713897705
175, 23, 1, 0.7504258155822754, 2168104, 0.028936687856912613, 0.9950000047683716
175, 8, 1, 0.8246634006500244, 2168104, 0.01816399395465851, 0.9991666674613953
176, 11, 1, 0.6830816268920898, 2168104, 0.016984719783067703, 0.9991666674613953
176, 8, 1, 0.6711440086364746, 2168104, 0.01771506480872631, 0.9991666674613953
176, 1, 1, 0.6824550628662109, 2168104, 0.025110889226198196, 0.996666669845581
177, 11, 1, 0.6603777408599854, 2168104, 0.0168219655752182, 0.9987499713897705
177, 8, 1, 0.7415409088134766, 2168104, 0.01759456843137741, 0.9991666674613953
178, 23, 1, 0.7448501586914062, 2168104, 0.02847403846681118, 0.9937499761581421
178, 8, 1, 0.7081377506256104, 2168104, 0.017146309837698936, 0.9991666674613953
178, 1, 1, 0.6601626873016357, 2168104, 0.02384806051850319, 0.9983333349227905
179, 11, 1, 0.700516939163208, 2168104, 0.01700405217707157, 0.9987499713897705
179, 8, 1, 0.697561502456665, 2168104, 0.01690441370010376, 0.9991666674613953
180, 8, 1, 0.6936459541320801, 2168104, 0.016350939869880676, 0.9991666674613953
180, 23, 1, 0.6738500595092773, 2168104, 0.027316084131598473, 0.9958333373069763
180, 11, 1, 0.7314748764038086, 2168104, 0.01595628820359707, 0.9991666674613953
181, 8, 1, 0.6911303997039795, 2168104, 0.01605253294110298, 0.9991666674613953
181, 11, 1, 0.7349348068237305, 2168104, 0.015682771801948547, 0.9995833039283752
182, 8, 1, 0.7048351764678955, 2168104, 0.015768500044941902, 0.9991666674613953
182, 11, 1, 0.7416622638702393, 2168104, 0.014954818412661552, 0.9995833039283752
183, 23, 1, 0.7240376472473145, 2168104, 0.026938974857330322, 0.9950000047683716
183, 8, 1, 0.7826497554779053, 2168104, 0.015330658294260502, 0.9991666674613953
183, 11, 1, 0.6995995044708252, 2168104, 0.014377948828041553, 0.9991666674613953
184, 8, 1, 0.6958863735198975, 2168104, 0.015156450681388378, 0.9991666674613953
184, 11, 1, 0.7547791004180908, 2168104, 0.014324364252388477, 0.9995833039283752
184, 23, 1, 0.7191672325134277, 2168104, 0.02477632835507393, 0.997083306312561
185, 23, 1, 0.7058987617492676, 2168104, 0.024188848212361336, 0.9962499737739563
185, 11, 1, 0.7607450485229492, 2168104, 0.014149915426969528, 0.9995833039283752
185, 8, 1, 0.6533563137054443, 2168104, 0.014916525222361088, 0.9991666674613953
186, 23, 1, 0.7228109836578369, 2168104, 0.022907467558979988, 0.9975000023841858
186, 11, 1, 0.6852681636810303, 2168104, 0.014078470878303051, 0.9995833039283752
186, 8, 1, 0.685788631439209, 2168104, 0.014910119585692883, 0.9991666674613953
187, 11, 1, 0.8108034133911133, 2168104, 0.013663354329764843, 0.9991666674613953
187, 8, 1, 0.6690242290496826, 2168104, 0.014796603471040726, 0.9991666674613953
188, 8, 1, 0.6670351028442383, 2168104, 0.014234524220228195, 0.9991666674613953
188, 11, 1, 0.7676916122436523, 2168104, 0.013120109215378761, 0.9995833039283752
189, 11, 1, 0.6905839443206787, 2168104, 0.012406222522258759, 0.9995833039283752
189, 8, 1, 0.7470412254333496, 2168104, 0.013887256383895874, 0.9991666674613953
190, 8, 1, 0.6690554618835449, 2168104, 0.013450064696371555, 0.9991666674613953
190, 11, 1, 0.6974902153015137, 2168104, 0.012311358004808426, 0.9995833039283752
191, 11, 1, 0.6915106773376465, 2168104, 0.012116136960685253, 0.9995833039283752
191, 8, 1, 0.6983044147491455, 2168104, 0.0130990669131279, 0.9991666674613953
191, 23, 1, 0.7135708332061768, 2168104, 0.023050842806696892, 0.9958333373069763
192, 11, 1, 0.6604149341583252, 2168104, 0.01189818512648344, 0.9995833039283752
192, 8, 1, 0.6466166973114014, 2168104, 0.01320645771920681, 0.9991666674613953
193, 11, 1, 0.7573935985565186, 2168104, 0.011569294147193432, 0.9995833039283752
193, 8, 1, 0.7944414615631104, 2168104, 0.012810098938643932, 0.9995833039283752
194, 8, 1, 0.7249860763549805, 2168104, 0.012498445808887482, 1.0
194, 11, 1, 1.0162556171417236, 2168104, 0.011081160046160221, 0.9995833039283752
195, 8, 1, 0.6963636875152588, 2168104, 0.01229037344455719, 1.0
195, 11, 1, 0.736459493637085, 2168104, 0.011031069792807102, 0.9995833039283752
196, 8, 1, 0.7081987857818604, 2168104, 0.011940207332372665, 1.0
196, 23, 1, 0.7605061531066895, 2168104, 0.023483000695705414, 0.996666669845581
197, 11, 1, 0.7216670513153076, 2168104, 0.011231053620576859, 0.9995833039283752
197, 8, 1, 0.7599136829376221, 2168104, 0.011769812554121017, 1.0
198, 11, 1, 0.6891863346099854, 2168104, 0.010612181387841702, 0.9995833039283752
198, 8, 1, 0.6974313259124756, 2168104, 0.011405833065509796, 1.0
199, 8, 1, 1.1114342212677002, 2168104, 0.011230511590838432, 1.0
199, 11, 1, 1.1667156219482422, 2168104, 0.01027965359389782, 0.9995833039283752
200, 11, 1, 0.695014476776123, 2168104, 0.01007634773850441, 0.9995833039283752
200, 8, 1, 0.7718749046325684, 2168104, 0.010925477370619774, 1.0
201, 23, 1, 0.7044467926025391, 2168104, 0.024166861549019814, 0.9954166412353516
201, 8, 1, 0.7789671421051025, 2168104, 0.010806367732584476, 1.0
202, 11, 1, 0.7189531326293945, 2168104, 0.01031332928687334, 0.9995833039283752
202, 8, 1, 0.8613626956939697, 2168104, 0.010619350709021091, 1.0
203, 11, 1, 0.7281546592712402, 2168104, 0.009759694337844849, 0.9995833039283752
203, 8, 1, 0.7640805244445801, 2168104, 0.010419387370347977, 1.0
204, 8, 1, 0.7137348651885986, 2168104, 0.01019999012351036, 1.0
204, 11, 1, 0.690032958984375, 2168104, 0.009478679858148098, 0.9995833039283752
205, 8, 1, 0.7799792289733887, 2168104, 0.009950529783964157, 1.0
205, 11, 1, 0.7116489410400391, 2168104, 0.009307722561061382, 0.9995833039283752
206, 8, 1, 0.7378988265991211, 2168104, 0.009838285855948925, 1.0
206, 11, 1, 0.7471458911895752, 2168104, 0.009019025601446629, 0.9995833039283752
207, 11, 1, 0.7248914241790771, 2168104, 0.008810298517346382, 0.9995833039283752
207, 8, 1, 0.6845171451568604, 2168104, 0.009628092870116234, 1.0
208, 11, 1, 0.6984760761260986, 2168104, 0.008689584210515022, 0.9995833039283752
208, 8, 1, 0.7428710460662842, 2168104, 0.009468290023505688, 1.0
209, 11, 1, 0.7615013122558594, 2168104, 0.00846815388649702, 1.0
209, 8, 1, 0.6600363254547119, 2168104, 0.00925185065716505, 1.0
210, 11, 1, 0.7598240375518799, 2168104, 0.008306467905640602, 0.9995833039283752
210, 8, 1, 0.743013858795166, 2168104, 0.009148121811449528, 1.0
211, 11, 1, 0.6993930339813232, 2168104, 0.00812503695487976, 0.9995833039283752
211, 8, 1, 0.7283430099487305, 2168104, 0.008922782726585865, 1.0
212, 1, 1, 0.706106424331665, 2168104, 0.02865186333656311, 0.9937499761581421
212, 8, 1, 0.6940975189208984, 2168104, 0.008764908649027348, 1.0
213, 8, 1, 0.6933932304382324, 2168104, 0.008725231513381004, 1.0
213, 11, 1, 0.675560474395752, 2168104, 0.008298685774207115, 1.0
214, 11, 1, 0.7219123840332031, 2168104, 0.007937365211546421, 1.0
214, 8, 1, 0.671839714050293, 2168104, 0.008503852412104607, 1.0
215, 11, 1, 0.7109897136688232, 2168104, 0.00787200778722763, 0.9995833039283752
215, 8, 1, 0.7822091579437256, 2168104, 0.008414736948907375, 1.0
216, 11, 1, 0.7338018417358398, 2168104, 0.007661036681383848, 1.0
216, 8, 1, 0.7774057388305664, 2168104, 0.008209824562072754, 1.0
217, 8, 1, 0.7202134132385254, 2168104, 0.00797731801867485, 1.0
217, 11, 1, 0.7582838535308838, 2168104, 0.007503628730773926, 1.0
218, 11, 1, 0.6864464282989502, 2168104, 0.007379191927611828, 1.0
219, 11, 1, 0.7849709987640381, 2168104, 0.006957510486245155, 1.0
219, 8, 1, 0.6986832618713379, 2168104, 0.008128178305923939, 1.0
220, 11, 1, 0.6955852508544922, 2168104, 0.00686305109411478, 1.0
220, 8, 1, 0.7098846435546875, 2168104, 0.007934167049825191, 1.0
221, 11, 1, 0.6879763603210449, 2168104, 0.006715135648846626, 1.0
221, 8, 1, 1.1007823944091797, 2168104, 0.007847622036933899, 1.0
222, 11, 1, 0.7092747688293457, 2168104, 0.006687753833830357, 1.0
222, 8, 1, 0.654430627822876, 2168104, 0.007703214418143034, 1.0
223, 8, 1, 0.6857573986053467, 2168104, 0.00757592124864459, 1.0
223, 11, 1, 0.804466724395752, 2168104, 0.006548762787133455, 1.0
224, 11, 1, 0.6702895164489746, 2168104, 0.006453758105635643, 1.0
224, 8, 1, 0.6534764766693115, 2168104, 0.007408150937408209, 1.0
225, 8, 1, 0.725360631942749, 2168104, 0.007344372104853392, 1.0
225, 11, 1, 0.7437324523925781, 2168104, 0.006415633484721184, 1.0
226, 11, 1, 0.7105152606964111, 2168104, 0.006315191742032766, 1.0
226, 8, 1, 1.0896105766296387, 2168104, 0.007178513798862696, 1.0
227, 11, 1, 0.7404234409332275, 2168104, 0.00619101244956255, 1.0
227, 8, 1, 0.7324512004852295, 2168104, 0.007100353017449379, 1.0
228, 8, 1, 0.6850030422210693, 2168104, 0.007028396241366863, 1.0
228, 11, 1, 0.7151808738708496, 2168104, 0.006117607932537794, 1.0
229, 11, 1, 0.7254428863525391, 2168104, 0.006024151109158993, 1.0
229, 8, 1, 0.6939897537231445, 2168104, 0.006850476376712322, 1.0
230, 8, 1, 0.7737932205200195, 2168104, 0.006780729163438082, 1.0
230, 11, 1, 0.688957929611206, 2168104, 0.005942998919636011, 1.0
231, 8, 1, 0.7920076847076416, 2168104, 0.006697194650769234, 1.0
232, 8, 1, 0.6922149658203125, 2168104, 0.006429377011954784, 1.0
233, 8, 1, 0.7119858264923096, 2168104, 0.0061743720434606075, 1.0
233, 11, 1, 0.6451895236968994, 2168104, 0.0061261835508048534, 1.0
234, 8, 1, 0.7110087871551514, 2168104, 0.0061518303118646145, 1.0
235, 8, 1, 0.7446715831756592, 2168104, 0.005967181175947189, 1.0
236, 11, 1, 0.6635169982910156, 2168104, 0.00610195891931653, 1.0
236, 8, 1, 0.7312467098236084, 2168104, 0.005768235307186842, 1.0
237, 8, 1, 0.7419173717498779, 2168104, 0.005728633143007755, 1.0
238, 8, 1, 0.7169301509857178, 2168104, 0.0055578770115971565, 1.0
238, 11, 1, 0.784599781036377, 2168104, 0.0061136637814342976, 1.0
239, 8, 1, 0.7026712894439697, 2168104, 0.005514766089618206, 1.0
239, 11, 1, 0.700171709060669, 2168104, 0.0058474475517869, 1.0
240, 8, 1, 0.697096586227417, 2168104, 0.00550676928833127, 1.0
240, 11, 1, 0.6701910495758057, 2168104, 0.005752420052886009, 1.0
241, 8, 1, 0.7289094924926758, 2168104, 0.00545959547162056, 1.0
242, 1, 1, 0.6707189083099365, 2168104, 0.028282560408115387, 0.9933333396911621
242, 8, 1, 0.7162578105926514, 2168104, 0.005276726093143225, 1.0
243, 8, 1, 0.7110178470611572, 2168104, 0.005342611577361822, 1.0
244, 8, 1, 1.0851871967315674, 2168104, 0.005150089971721172, 1.0
245, 8, 1, 0.7063040733337402, 2168104, 0.004969279281795025, 1.0
246, 8, 1, 0.7345283031463623, 2168104, 0.0048876614309847355, 1.0
247, 8, 1, 0.7346627712249756, 2168104, 0.004749814979732037, 1.0
248, 8, 1, 0.9906630516052246, 2168104, 0.004663105588406324, 1.0
249, 8, 1, 0.7320206165313721, 2168104, 0.004549615550786257, 1.0
250, 8, 1, 0.7038040161132812, 2168104, 0.004461944568902254, 1.0
251, 8, 1, 0.7038791179656982, 2168104, 0.00437179347500205, 1.0
252, 8, 1, 0.7203738689422607, 2168104, 0.0042831776663661, 1.0
253, 8, 1, 0.8243281841278076, 2168104, 0.004227557219564915, 1.0
254, 8, 1, 0.7299470901489258, 2168104, 0.0041299802251160145, 1.0
255, 8, 1, 1.0934813022613525, 2168104, 0.0040570772252976894, 1.0
256, 8, 1, 0.7494971752166748, 2168104, 0.003986552357673645, 1.0
257, 8, 1, 0.7947468757629395, 2168104, 0.0039207227528095245, 1.0
258, 8, 1, 0.8046329021453857, 2168104, 0.0038579220417886972, 1.0
259, 8, 1, 0.6814243793487549, 2168104, 0.0037896083667874336, 1.0
260, 8, 1, 0.7405774593353271, 2168104, 0.0037294395733624697, 1.0
261, 8, 1, 0.7343235015869141, 2168104, 0.0036736512556672096, 1.0
262, 8, 1, 0.6527273654937744, 2168104, 0.0036208569072186947, 1.0
263, 8, 1, 0.7087953090667725, 2168104, 0.003567954758182168, 1.0
264, 8, 1, 0.7389404773712158, 2168104, 0.0035103103145956993, 1.0
265, 8, 1, 0.658806562423706, 2168104, 0.0034598151687532663, 1.0
266, 8, 1, 0.7743327617645264, 2168104, 0.003415032522752881, 1.0
267, 8, 1, 0.7399241924285889, 2168104, 0.0033558611758053303, 1.0
268, 8, 1, 0.751312255859375, 2168104, 0.0033200515899807215, 1.0
269, 8, 1, 0.7513210773468018, 2168104, 0.0032682449091225863, 1.0
270, 8, 1, 0.6927855014801025, 2168104, 0.003226175671443343, 1.0
271, 8, 1, 0.7182989120483398, 2168104, 0.0031853460241109133, 1.0
272, 8, 1, 0.744523286819458, 2168104, 0.0031405624467879534, 1.0
273, 8, 1, 0.7403614521026611, 2168104, 0.0031025318894535303, 1.0
274, 8, 1, 0.8214285373687744, 2168104, 0.0030602519400417805, 1.0
275, 8, 1, 0.7394824028015137, 2168104, 0.003025554120540619, 1.0
276, 8, 1, 0.7283036708831787, 2168104, 0.0029919110238552094, 1.0
277, 8, 1, 0.726273775100708, 2168104, 0.0029512569308280945, 1.0
278, 8, 1, 0.7287368774414062, 2168104, 0.0029149753972887993, 1.0
279, 8, 1, 0.6546778678894043, 2168104, 0.002882550470530987, 1.0
280, 8, 1, 0.6980392932891846, 2168104, 0.002839917317032814, 1.0
281, 8, 1, 0.8163015842437744, 2168104, 0.002817886881530285, 1.0
282, 8, 1, 0.709963321685791, 2168104, 0.0027817096561193466, 1.0
283, 8, 1, 0.7170114517211914, 2168104, 0.0027502463199198246, 1.0
284, 8, 1, 0.711493968963623, 2168104, 0.002711651613935828, 1.0
285, 8, 1, 0.7137467861175537, 2168104, 0.002689193468540907, 1.0
286, 8, 1, 0.7037291526794434, 2168104, 0.0026574963703751564, 1.0
287, 8, 1, 0.7207369804382324, 2168104, 0.002629871480166912, 1.0
288, 8, 1, 0.8522875308990479, 2168104, 0.002602087100967765, 1.0
289, 8, 1, 0.6905181407928467, 2168104, 0.002574537880718708, 1.0
290, 8, 1, 0.8046395778656006, 2168104, 0.0025484124198555946, 1.0
291, 8, 1, 0.6783430576324463, 2168104, 0.002520153997465968, 1.0
292, 8, 1, 0.765172004699707, 2168104, 0.002489532344043255, 1.0
293, 8, 1, 0.7898573875427246, 2168104, 0.0024641125928610563, 1.0
294, 8, 1, 0.8175098896026611, 2168104, 0.002443541307002306, 1.0
295, 8, 1, 0.7189481258392334, 2168104, 0.0024147997610270977, 1.0
296, 8, 1, 0.7179288864135742, 2168104, 0.0023940298706293106, 1.0
297, 8, 1, 0.8179643154144287, 2168104, 0.002369048772379756, 1.0
298, 8, 1, 0.7872977256774902, 2168104, 0.002342215972021222, 1.0
299, 8, 1, 0.7493240833282471, 2168104, 0.0023247990757226944, 1.0
300, 8, 1, 0.734072208404541, 2168104, 0.002303581451997161, 1.0
