1, 5, 1, 40.788066427, 21680, 1.1289583444595337, 0.5769809424877167
1, 11, 1, 37.998033344999996, 21680, 1.1803921461105347, 0.5459820717573166
1, 22, 1, 38.91815157, 21680, 1.3121485590934754, 0.473348006606102
1, 23, 1, 37.719722093, 21680, 1.0285824477672576, 0.6282276242971421
1, 19, 1, 39.429093452, 21680, 1.3102355480194092, 0.48268891870975494
1, 21, 1, 39.992608707, 21680, 1.1845795035362243, 0.538918399810791
1, 12, 1, 38.140649857, 21680, 1.068560576438904, 0.6198963791131973
1, 4, 1, 38.552436885999995, 21680, 1.2310824334621429, 0.5174986869096756
1, 16, 1, 40.921947288000005, 21680, 1.1197958052158357, 0.561967995762825
1, 13, 1, 41.031237785, 21680, 1.0970155239105224, 0.5914824366569519
1, 3, 1, 41.142322041, 21680, 1.2420195102691651, 0.5275706768035888
1, 0, 1, 43.667549136, 21680, 1.055147832632065, 0.603717228770256
1, 8, 1, 41.388686492000005, 21680, 1.13438823223114, 0.551653978228569
1, 9, 1, 42.752150765, 21680, 1.1819074511528016, 0.553321760892868
1, 10, 1, 42.816578381999996, 21680, 1.095585721731186, 0.5790019571781159
1, 7, 1, 43.597177961, 21680, 1.2458092272281647, 0.5166711270809173
1, 15, 1, 45.878698367, 21680, 1.2775898456573487, 0.5002178341150284
1, 14, 1, 43.757072332, 21680, 1.0251557171344756, 0.6157357960939407
1, 17, 1, 44.816066834000004, 21680, 1.354973816871643, 0.4644668161869049
1, 6, 1, 44.677550953, 21680, 1.3138457417488099, 0.4884720504283905
1, 1, 1, 44.574265896, 21680, 1.148377239704132, 0.5609051287174225
1, 20, 1, 48.436098419, 21680, 1.136341506242752, 0.5518668949604034
1, 2, 1, 45.846169638, 21680, 1.2183054327964782, 0.5330602258443833
1, 18, 1, 52.727039434000005, 21680, 1.1271844863891602, 0.5711860954761505
2, 4, 1, 33.243776256, 21680, 0.8994411289691925, 0.6498039543628693
2, 16, 1, 35.293351791999996, 21680, 0.7754119992256164, 0.6897728979587555
2, 13, 1, 36.488406428999994, 21680, 0.7744153916835785, 0.7335745394229889
2, 3, 1, 35.77717782300001, 21680, 0.8654438614845276, 0.679048877954483
2, 8, 1, 37.121409164999996, 21680, 0.7698027968406678, 0.7044018566608429
2, 9, 1, 38.04173037, 21680, 0.8238011598587036, 0.6894180059432984
2, 10, 1, 37.72997368899999, 21680, 0.7797330737113952, 0.7048215389251709
2, 2, 1, 39.862488366, 21680, 0.8314012825489044, 0.6831501603126526
2, 17, 1, 40.384666691, 21680, 0.9433257699012756, 0.6450503468513489
2, 7, 1, 40.142682601000004, 21680, 0.8654492735862732, 0.6651530385017395
2, 6, 1, 40.459585026999996, 21680, 0.8924255609512329, 0.656774777173996
2, 0, 1, 41.886565145, 21680, 0.7280058622360229, 0.7215270102024078
2, 18, 1, 48.932302529000005, 21680, 0.7933241367340088, 0.7146249890327454
2, 15, 1, 45.286029205, 21680, 0.9470864474773407, 0.6516729474067688
3, 12, 1, 34.80676104300001, 21680, 0.6751976072788238, 0.754639881849289
3, 23, 1, 34.879769838, 21680, 0.6606212615966797, 0.7591143071651458
3, 4, 1, 35.531824898, 21680, 0.9012943983078003, 0.6418017506599426
3, 22, 1, 37.037054978, 21680, 0.8500185310840607, 0.6582004487514496
3, 11, 1, 35.892837536, 21680, 0.7530042409896851, 0.7007318079471588
3, 3, 1, 37.95479478600001, 21680, 0.7964035332202911, 0.6981316387653351
3, 19, 1, 36.808560998999994, 21680, 0.7976139426231384, 0.685517430305481
3, 6, 1, 40.28449162200002, 21680, 0.7938100636005402, 0.6836597323417664
3, 13, 1, 37.95242798899999, 21680, 0.7127283751964569, 0.7527517735958099
3, 9, 1, 40.496450927, 21680, 0.7387217164039612, 0.7167029023170471
3, 10, 1, 39.917847081000005, 21680, 0.7250704228878021, 0.7152952551841736
3, 7, 1, 40.894156878, 21680, 0.7885429322719574, 0.6880241274833679
3, 0, 1, 41.857903742, 21680, 0.6655173778533936, 0.7435575485229492
3, 2, 1, 42.020504247, 21680, 0.7591610670089721, 0.7054434359073639
3, 17, 1, 42.53521789999999, 21680, 0.8707007050514222, 0.6658161818981171
3, 15, 1, 45.628397911, 21680, 0.8931575655937195, 0.6668908715248107
3, 18, 1, 54.712893543999996, 21680, 0.7596307873725892, 0.7272589802742004
4, 23, 1, 33.710760261000004, 21680, 0.6226139008998871, 0.7727453291416169
4, 12, 1, 33.541853474999996, 21680, 0.614110803604126, 0.7734095752239227
4, 4, 1, 34.361675141000006, 21680, 0.8769091606140137, 0.6463085234165191
4, 11, 1, 35.26177951899999, 21680, 0.7343872010707855, 0.7076066017150879
4, 13, 1, 36.16359009700001, 21680, 0.6928757667541504, 0.7593794882297515
4, 3, 1, 36.149079078, 21680, 0.773070102930069, 0.703411215543747
4, 8, 1, 36.864634798, 21680, 0.6707219779491425, 0.730994564294815
4, 10, 1, 37.97938990899999, 21680, 0.6719842910766601, 0.7294478595256806
4, 14, 1, 38.08158670099999, 21680, 0.646186751127243, 0.7590633749961853
4, 6, 1, 40.021010019, 21680, 0.7572985589504242, 0.6935189664363861
4, 7, 1, 40.812778166, 21680, 0.7508425772190094, 0.7001934885978699
4, 0, 1, 41.432271531, 21680, 0.6336734414100647, 0.7536359965801239
4, 15, 1, 42.881363556, 21680, 0.8617394924163818, 0.6798100650310517
4, 17, 1, 42.12031375299999, 21680, 0.8308095097541809, 0.6800541400909423
4, 18, 1, 51.469839167, 21680, 0.7119767427444458, 0.7450737476348877
5, 4, 1, 32.42636378399999, 21680, 0.8007432878017425, 0.6800674200057983
5, 22, 1, 33.87420471, 21680, 0.7965552031993866, 0.6730455458164215
5, 16, 1, 34.51786684300001, 21680, 0.6734782516956329, 0.7139204680919647
5, 8, 1, 35.453992922, 21680, 0.6566638231277466, 0.7358558714389801
5, 9, 1, 37.28161026199999, 21680, 0.6991533696651459, 0.7292332053184509
5, 6, 1, 37.87793358600001, 21680, 0.7175344228744507, 0.7056997179985046
5, 7, 1, 37.99820115599999, 21680, 0.7214457154273987, 0.7103126764297485
5, 0, 1, 38.636814887999996, 21680, 0.6157768368721008, 0.7608016192913055
5, 17, 1, 39.676610728000014, 21680, 0.7823359072208405, 0.6964952409267425
5, 15, 1, 42.82148866099999, 21680, 0.8257111072540283, 0.6918426215648651
5, 20, 1, 46.675562894999985, 21680, 0.7387576937675476, 0.7013074636459351
6, 23, 1, 31.107249799, 21680, 0.582864272594452, 0.7873076140880585
6, 12, 1, 31.298531022999995, 21680, 0.5820483565330505, 0.7835985004901886
6, 4, 1, 31.91098392699999, 21680, 0.7999352931976318, 0.6755056619644165
6, 3, 1, 34.517586204, 21680, 0.734979635477066, 0.7155689775943757
6, 13, 1, 35.149506564999996, 21680, 0.6594983339309692, 0.7738454103469848
6, 10, 1, 37.06079819600001, 21680, 0.6280010521411896, 0.7444732546806335
6, 6, 1, 39.068300539000006, 21680, 0.6974666595458985, 0.7132762134075165
6, 17, 1, 40.37198227300001, 21680, 0.7595320761203765, 0.7015762388706207
6, 15, 1, 43.978206449, 21680, 0.7994273841381073, 0.700443321466446
6, 18, 1, 51.545596466999996, 21680, 0.6376503586769104, 0.7692280888557435
7, 11, 1, 34.588706962, 21680, 0.6983232975006104, 0.7208870828151703
7, 19, 1, 35.328415131, 21680, 0.7135904788970947, 0.710722541809082
7, 22, 1, 35.545249730999984, 21680, 0.7546155393123627, 0.6861401259899139
7, 3, 1, 36.719805076, 21680, 0.7283647418022156, 0.7158543646335602
7, 16, 1, 36.582047016999994, 21680, 0.6404958605766297, 0.7224550426006318
7, 8, 1, 37.300664216, 21680, 0.6310577094554901, 0.7431084215641022
7, 14, 1, 39.220744454, 21680, 0.6153202891349793, 0.7672708868980408
7, 9, 1, 39.328755572999995, 21680, 0.6638290286064148, 0.7403545439243316
7, 1, 1, 39.87391125900004, 21680, 0.6945434868335724, 0.7228188633918762
7, 7, 1, 39.86084391700001, 21680, 0.6763295948505401, 0.7238200008869171
7, 6, 1, 39.79129198, 21680, 0.6670165240764618, 0.7232354164123536
7, 17, 1, 40.539649728, 21680, 0.737869668006897, 0.7085658550262451
7, 2, 1, 41.047073141, 21680, 0.6365564227104187, 0.7438791394233704
7, 0, 1, 41.102760905999986, 21680, 0.5897591888904572, 0.7684306561946869
7, 20, 1, 49.426439054000014, 21680, 0.7093954801559448, 0.7112666606903076
7, 21, 1, 36.17583725, 21680, 0.6994377493858337, 0.7214247405529022
8, 23, 1, 31.313379214999998, 21680, 0.5573505342006684, 0.7960959672927856
8, 12, 1, 31.370176727, 21680, 0.5515008091926574, 0.7923503696918488
8, 4, 1, 32.30282610499995, 21680, 0.7411607205867767, 0.7001530170440674
8, 3, 1, 34.59932400700001, 21680, 0.7080046713352204, 0.7228284120559693
8, 13, 1, 34.750933565, 21680, 0.6177347600460052, 0.7873973727226258
8, 10, 1, 37.24321873400001, 21680, 0.5849735915660859, 0.75722177028656
8, 6, 1, 39.76295205500003, 21680, 0.6548035621643067, 0.7289126873016357
8, 17, 1, 41.24713213299998, 21680, 0.7121378779411316, 0.7162381052970886
8, 15, 1, 44.138222617999986, 21680, 0.7553929209709167, 0.7133663356304168
8, 18, 1, 50.359744121999995, 21680, 0.5846398293972015, 0.7870532810688019
9, 11, 1, 34.86833077700001, 21680, 0.6651868045330047, 0.7362550914287567
9, 21, 1, 36.216597132000004, 21680, 0.6693686366081237, 0.7318816661834717
9, 22, 1, 35.47373673499999, 21680, 0.7253215849399567, 0.6968976259231567
9, 16, 1, 36.36598099999998, 21680, 0.6084546208381653, 0.7370867133140564
9, 8, 1, 37.51573502300002, 21680, 0.6070686399936676, 0.7516189694404602
9, 19, 1, 36.870968844000004, 21680, 0.6850015223026276, 0.723033857345581
9, 3, 1, 37.29574384700001, 21680, 0.7021998047828675, 0.7248127222061157
9, 7, 1, 39.054672745000005, 21680, 0.6413820505142211, 0.7378810763359069
9, 14, 1, 38.976175650000016, 21680, 0.5884200692176819, 0.7754763007164002
9, 9, 1, 38.80403922900001, 21680, 0.6361141085624695, 0.7479722261428833
9, 0, 1, 40.60145164300002, 21680, 0.5666983246803283, 0.7753876686096192
9, 6, 1, 40.52447840399998, 21680, 0.633649206161499, 0.7363423049449921
9, 2, 1, 40.583265397000005, 21680, 0.6035935699939727, 0.7568422555923462
9, 1, 1, 41.52419661000002, 21680, 0.6614531219005585, 0.7366164684295654
9, 17, 1, 42.21244976199998, 21680, 0.6999165952205658, 0.7193269193172455
9, 20, 1, 49.32563061799999, 21680, 0.6820300459861756, 0.72268927693367
10, 23, 1, 31.17985366900001, 21680, 0.5320033669471741, 0.8044382810592652
10, 12, 1, 31.404433350999994, 21680, 0.5334088921546936, 0.7975315868854522
10, 4, 1, 32.07351467900003, 21680, 0.715708178281784, 0.7136398434638977
10, 3, 1, 34.509130708000015, 21680, 0.6902796983718872, 0.7286542415618896
10, 13, 1, 34.512337180999964, 21680, 0.5999943614006042, 0.7926464378833771
10, 10, 1, 37.0762809, 21680, 0.5599975049495697, 0.7676048338413238
10, 6, 1, 39.24769946699999, 21680, 0.6253996312618255, 0.7403712749481202
10, 17, 1, 40.671397653000014, 21680, 0.6816791534423828, 0.7265593230724334
10, 15, 1, 43.694760054, 21680, 0.7285658836364746, 0.7219899535179138
10, 18, 1, 51.674007149000005, 21680, 0.5426356136798859, 0.8032175719738006
11, 11, 1, 34.54223070400002, 21680, 0.6495375514030457, 0.7454402625560761
11, 19, 1, 35.891974130999984, 21680, 0.6610216975212098, 0.7326481103897095
11, 22, 1, 35.62438534, 21680, 0.7037407219409942, 0.7056342184543609
11, 3, 1, 36.27407850999998, 21680, 0.6912324070930481, 0.728491485118866
11, 16, 1, 36.611999156999985, 21680, 0.5961780905723572, 0.741840147972107
11, 8, 1, 36.834461554, 21680, 0.594982385635376, 0.7568740785121918
11, 21, 1, 37.014951860999986, 21680, 0.6551043808460235, 0.7382066786289215
11, 7, 1, 38.93234229000001, 21680, 0.6229127824306488, 0.7460632741451263
11, 14, 1, 38.223430361, 21680, 0.5775660514831543, 0.77951380610466
11, 6, 1, 39.34724443799999, 21680, 0.6097119331359864, 0.745028555393219
11, 0, 1, 40.11695112300001, 21680, 0.5555770635604859, 0.7790928542613983
11, 9, 1, 39.56904596099997, 21680, 0.6224216401576996, 0.7519775867462158
11, 2, 1, 41.28138316100001, 21680, 0.5834985792636871, 0.7648475289344787
11, 1, 1, 40.937829136999994, 21680, 0.6450982809066772, 0.743724811077118
11, 17, 1, 41.642345992, 21680, 0.6809300422668457, 0.7260856568813324
11, 20, 1, 49.18802374399999, 21680, 0.6674330413341523, 0.7294568836688995
12, 23, 1, 31.071330888000006, 21680, 0.5223655045032501, 0.807759040594101
12, 12, 1, 31.240522621999986, 21680, 0.5272379994392395, 0.8001368582248688
12, 4, 1, 32.55174114700003, 21680, 0.6795347332954407, 0.7257686674594879
12, 3, 1, 34.50362328, 21680, 0.6822160601615905, 0.731327474117279
12, 13, 1, 36.17940545199997, 21680, 0.5867957055568696, 0.7965190589427948
12, 10, 1, 38.24457424999997, 21680, 0.5461580276489257, 0.7734151363372803
12, 17, 1, 41.65351509300001, 21680, 0.6695643424987793, 0.7301994264125824
12, 15, 1, 44.04328875800002, 21680, 0.7127593576908111, 0.7278715193271637
12, 18, 1, 52.021713197999986, 21680, 0.5291957974433898, 0.8069737076759338
13, 11, 1, 33.82716734000002, 21680, 0.6376474022865295, 0.7511094510555267
13, 22, 1, 34.39085561499999, 21680, 0.6870273351669312, 0.7127806842327118
13, 19, 1, 34.975915920000006, 21680, 0.6487729907035827, 0.7385408699512481
13, 5, 1, 35.61247312699999, 21680, 0.5903413593769073, 0.7654986619949341
13, 8, 1, 35.787488258999986, 21680, 0.5862219989299774, 0.7612015426158905
13, 3, 1, 35.59175291500003, 21680, 0.6847772359848022, 0.7298894166946411
13, 14, 1, 37.04451322900002, 21680, 0.5712064504623413, 0.7815262675285339
13, 0, 1, 38.741650074000006, 21680, 0.5463143110275268, 0.7839053869247437
13, 7, 1, 38.78791671900004, 21680, 0.6139522075653077, 0.7495770037174225
13, 6, 1, 39.268644594999984, 21680, 0.603034645318985, 0.7473765790462494
13, 9, 1, 39.351800233000006, 21680, 0.6141059994697571, 0.7545927822589874
13, 2, 1, 41.008271578999995, 21680, 0.5717988014221191, 0.7699032843112945
13, 17, 1, 42.06214918399999, 21680, 0.6678708314895629, 0.7301596283912659
14, 23, 1, 31.16555880599998, 21680, 0.5135386556386947, 0.8110503852367401
14, 12, 1, 31.147106447, 21680, 0.5219814062118531, 0.8024024188518524
14, 4, 1, 32.082556606000026, 21680, 0.6580293953418732, 0.7338545441627502
14, 3, 1, 34.91967147700001, 21680, 0.676017415523529, 0.7333719849586486
14, 13, 1, 35.56446494300002, 21680, 0.5821932315826416, 0.7967447757720947
14, 10, 1, 37.804748114999995, 21680, 0.5406577825546265, 0.7761368691921234
14, 17, 1, 42.08966249300005, 21680, 0.6526091575622559, 0.738345342874527
14, 15, 1, 44.44905241400002, 21680, 0.7020823895931244, 0.7305810868740081
14, 18, 1, 52.738780622000036, 21680, 0.5088523119688034, 0.8144773244857788
15, 22, 1, 34.62808189499998, 21680, 0.6761646270751953, 0.7183140873908996
15, 16, 1, 35.16463107800001, 21680, 0.5855468809604645, 0.7467488825321198
15, 19, 1, 34.846186445, 21680, 0.6384563267230987, 0.7433910608291626
15, 21, 1, 35.922954833999995, 21680, 0.6345019578933716, 0.7467092096805572
15, 3, 1, 36.40362491399998, 21680, 0.6777085721492767, 0.7330799043178559
15, 8, 1, 37.02994785300001, 21680, 0.5802849948406219, 0.7632493257522583
15, 9, 1, 38.27254376700003, 21680, 0.6069372355937958, 0.7572894990444183
15, 6, 1, 38.70145327099999, 21680, 0.5945416569709778, 0.7515075445175171
15, 14, 1, 38.412328884999965, 21680, 0.5634375035762786, 0.7844976246356964
15, 0, 1, 38.93661942299997, 21680, 0.5366930365562439, 0.7874240100383758
15, 7, 1, 39.48851054400001, 21680, 0.606878274679184, 0.7534879922866822
15, 2, 1, 40.817082983999995, 21680, 0.5611065030097961, 0.7744394719600678
15, 17, 1, 41.63081886499998, 21680, 0.654145073890686, 0.7367233216762543
15, 20, 1, 48.23450435800004, 21680, 0.6480950951576233, 0.7390443325042725
16, 23, 1, 31.452117863000012, 21680, 0.5060422390699386, 0.8137633502483368
16, 12, 1, 31.525747525000043, 21680, 0.5159578084945678, 0.8049685895442963
16, 4, 1, 31.810527362000016, 21680, 0.6585980236530304, 0.7368072450160981
16, 13, 1, 35.28999790000006, 21680, 0.5722223103046418, 0.799676913022995
16, 3, 1, 34.997915182000014, 21680, 0.6692597210407257, 0.7364643692970276
16, 10, 1, 38.40462467599997, 21680, 0.5297789573669434, 0.7803870737552643
16, 17, 1, 42.120726571000034, 21680, 0.6432349622249603, 0.7419695079326629
16, 15, 1, 45.06072306499999, 21680, 0.6921641767024994, 0.7343014776706696
16, 18, 1, 53.915799764999974, 21680, 0.49791462123394015, 0.8183568120002747
17, 19, 1, 34.26488470800001, 21680, 0.6285978317260742, 0.7474389255046845
17, 3, 1, 35.453697740999985, 21680, 0.670519882440567, 0.7356929540634155
17, 14, 1, 38.20939718400001, 21680, 0.5597295939922333, 0.7858855187892914
17, 7, 1, 39.18143001399994, 21680, 0.6005854666233063, 0.7554167330265045
17, 6, 1, 39.54256960499998, 21680, 0.5893301486968994, 0.75438392162323
17, 1, 1, 39.753812574999984, 21680, 0.6207869529724122, 0.751761543750763
17, 17, 1, 41.650546749, 21680, 0.6449049234390258, 0.7406440258026123
17, 20, 1, 49.073591970999985, 21680, 0.6379516839981079, 0.7438625395298004
18, 23, 1, 31.83594587700003, 21680, 0.5000615090131759, 0.8151210665702819
18, 12, 1, 31.80210077099997, 21680, 0.5127968966960907, 0.8041645348072052
18, 4, 1, 32.26580256499997, 21680, 0.6194601595401764, 0.7515373229980469
18, 3, 1, 35.23410638299998, 21680, 0.6627420246601105, 0.7390618085861206
18, 13, 1, 35.65521990600001, 21680, 0.5668882906436921, 0.8018101692199707
18, 10, 1, 38.875946468999985, 21680, 0.5268598616123199, 0.782278162240982
18, 17, 1, 42.576745518999985, 21680, 0.6351150512695313, 0.745864349603653
18, 15, 1, 45.72604786200003, 21680, 0.6820680201053619, 0.7386219084262848
18, 18, 1, 53.51519795599995, 21680, 0.49047949314117434, 0.8205354452133179
19, 3, 1, 35.519725558999994, 21680, 0.6644136071205139, 0.7380785763263702
19, 14, 1, 37.566553473000056, 21680, 0.553441995382309, 0.7885014951229096
19, 7, 1, 38.83219053800002, 21680, 0.5962986886501312, 0.758450835943222
19, 6, 1, 39.14473088600005, 21680, 0.5820731520652771, 0.7577131867408753
19, 17, 1, 40.35390747399998, 21680, 0.6371342480182648, 0.7445746898651123
19, 1, 1, 40.58522585399999, 21680, 0.6102636277675628, 0.7572116017341614
19, 20, 1, 48.126162631, 21680, 0.629814338684082, 0.7462997615337372
19, 18, 1, 51.559912166000004, 21680, 0.4757123291492462, 0.8251602590084076
20, 23, 1, 31.19150665699999, 21680, 0.49456162452697755, 0.8168169736862183
20, 12, 1, 31.364856744000008, 21680, 0.5082834452390671, 0.8064814150333405
20, 4, 1, 31.919435919999955, 21680, 0.624753612279892, 0.750748336315155
20, 13, 1, 34.92357009300002, 21680, 0.5598314702510834, 0.8032175958156585
20, 3, 1, 34.877892025999984, 21680, 0.6600878059864044, 0.7394809603691102
20, 10, 1, 38.03227156700001, 21680, 0.5166942477226257, 0.7864798784255982
20, 17, 1, 42.410528957999986, 21680, 0.6313638985157013, 0.7467181444168091
20, 15, 1, 45.40893924799997, 21680, 0.6725760519504547, 0.742143577337265
20, 18, 1, 52.67620511199999, 21680, 0.47255944907665254, 0.8271808087825775
21, 16, 1, 33.997476479, 21680, 0.5697486758232116, 0.7557156085968018
21, 3, 1, 34.21756473700003, 21680, 0.6621063411235809, 0.7391353785991669
21, 14, 1, 36.48758089399996, 21680, 0.5500204861164093, 0.7899713933467865
21, 7, 1, 37.127485741999976, 21680, 0.5938730061054229, 0.7594821035861969
21, 6, 1, 38.01459910799997, 21680, 0.571609103679657, 0.7620624303817749
21, 1, 1, 38.82110233899999, 21680, 0.6044097244739532, 0.7604198753833771
21, 0, 1, 38.61707280600001, 21680, 0.5260848879814148, 0.7920479774475098
21, 17, 1, 39.14475692100001, 21680, 0.6294736504554749, 0.7469609677791595
21, 20, 1, 45.62452224399999, 21680, 0.6228479444980621, 0.7497887432575225
22, 23, 1, 32.42127198899999, 21680, 0.4898872137069702, 0.8188535273075104
22, 12, 1, 32.665021196000055, 21680, 0.5054726094007492, 0.8064740836620331
22, 4, 1, 32.617802264999966, 21680, 0.6203695774078369, 0.752395635843277
22, 13, 1, 37.41120995499989, 21680, 0.5595500230789184, 0.8037509202957154
22, 10, 1, 40.18694739199998, 21680, 0.5136501401662826, 0.7876878976821899
22, 17, 1, 43.190292057999955, 21680, 0.6227433383464813, 0.7507602632045746
22, 15, 1, 47.661807248999935, 21680, 0.6666401267051697, 0.7434697091579437
22, 18, 1, 54.344317983999986, 21680, 0.4755036950111389, 0.8248110592365265
23, 19, 1, 33.82805595899998, 21680, 0.6151400089263916, 0.7537192344665528
23, 16, 1, 33.779402828, 21680, 0.5652830958366394, 0.7573113381862641
23, 9, 1, 36.66966923399997, 21680, 0.5958562433719635, 0.7591939210891724
23, 14, 1, 36.91065332200003, 21680, 0.546447616815567, 0.7915927112102509
23, 6, 1, 37.60117852000002, 21680, 0.565505039691925, 0.7648959636688233
23, 7, 1, 37.68054337000001, 21680, 0.5884283781051636, 0.7620057225227356
23, 1, 1, 38.805794898000045, 21680, 0.5982965886592865, 0.7629804968833923
23, 17, 1, 39.63821102099996, 21680, 0.6251281917095184, 0.7493710935115814
23, 20, 1, 45.057393812999976, 21680, 0.616175526380539, 0.7534554421901702
24, 12, 1, 31.21115561099998, 21680, 0.5030914276838303, 0.8077498376369476
24, 23, 1, 31.104569039000012, 21680, 0.4881668299436569, 0.8195103466510772
24, 4, 1, 31.840959682000005, 21680, 0.6076662480831146, 0.7579854667186737
24, 3, 1, 34.60090323200001, 21680, 0.6588443338871002, 0.7385021805763244
24, 13, 1, 35.28917644599994, 21680, 0.5523775100708008, 0.8059395015239715
24, 10, 1, 38.351373686000045, 21680, 0.5076889425516129, 0.7887609899044037
24, 17, 1, 42.44189329899996, 21680, 0.6158358991146088, 0.7531584560871124
24, 15, 1, 44.439294836000045, 21680, 0.6553115308284759, 0.7489442646503448
24, 18, 1, 53.65082167999998, 21680, 0.46522392630577086, 0.8288642942905426
25, 22, 1, 34.31960592500002, 21680, 0.6479770123958588, 0.7322312355041504
25, 3, 1, 35.35092542799998, 21680, 0.6572379887104034, 0.7394118428230285
25, 14, 1, 38.033432377999986, 21680, 0.5408125400543213, 0.7933927774429321
25, 1, 1, 40.48951777999997, 21680, 0.5901661455631256, 0.7662328779697418
25, 6, 1, 40.24755207300001, 21680, 0.5599629878997803, 0.7666217863559723
25, 17, 1, 41.02022003700006, 21680, 0.6186416268348693, 0.7515702784061432
25, 20, 1, 48.455747299999985, 21680, 0.6107737958431244, 0.755586177110672
25, 18, 1, 51.38336626700004, 21680, 0.4569441467523575, 0.8317482888698577
26, 12, 1, 32.505387684000084, 21680, 0.5013093918561935, 0.8083974838256835
26, 4, 1, 33.065432883, 21680, 0.6089016616344451, 0.7572945058345795
26, 3, 1, 35.66124778400001, 21680, 0.6528625845909118, 0.7412467718124389
26, 13, 1, 36.299573865999946, 21680, 0.5498990058898926, 0.8059815466403961
26, 10, 1, 39.45969365899998, 21680, 0.5047443926334381, 0.7903969824314118
26, 6, 1, 41.55692380600004, 21680, 0.5536470532417297, 0.7692574441432953
26, 17, 1, 41.931057063000026, 21680, 0.6095396220684052, 0.7552820146083832
26, 2, 1, 42.91542859000003, 21680, 0.5268631160259247, 0.7886435389518738
27, 12, 1, 32.30866601499997, 21680, 0.49460611641407015, 0.8108830094337464
27, 4, 1, 32.83761061500002, 21680, 0.5920549631118774, 0.7632142722606658
27, 3, 1, 36.22148572200001, 21680, 0.6527459859848023, 0.7406715393066406
27, 14, 1, 39.780218723000075, 21680, 0.5361915409564972, 0.7954157292842865
27, 6, 1, 41.53791971499993, 21680, 0.5483242034912109, 0.772429621219635
27, 17, 1, 43.16332558399995, 21680, 0.6069618880748748, 0.7561139106750489
27, 20, 1, 49.870879770000045, 21680, 0.6016128838062287, 0.7593943297863006
27, 18, 1, 53.117554799000004, 21680, 0.46037557721138, 0.8310307681560516
28, 12, 1, 38.682630743999994, 21680, 0.49392484724521635, 0.8111420631408691
28, 4, 1, 39.658684469000036, 21680, 0.5827774703502655, 0.7657820522785187
28, 3, 1, 43.086501811000005, 21680, 0.6507087588310242, 0.740997052192688
28, 14, 1, 47.358161945000006, 21680, 0.5311387300491333, 0.7971989750862122
28, 6, 1, 48.658769337000024, 21680, 0.5439113855361939, 0.7743370115756989
28, 17, 1, 50.77666470500003, 21680, 0.6031756043434143, 0.757690167427063
28, 18, 1, 60.59285675999996, 21680, 0.4506467700004578, 0.8341145575046539
29, 12, 1, 31.83160341400003, 21680, 0.49174216389656067, 0.8117237329483032
29, 4, 1, 32.71160734199998, 21680, 0.581369012594223, 0.7673098027706147
29, 13, 1, 35.86719774599999, 21680, 0.547189450263977, 0.8069463789463043
29, 3, 1, 36.37514983099993, 21680, 0.6501212120056152, 0.7411508977413177
29, 14, 1, 38.53462032099998, 21680, 0.5277915179729462, 0.7987403810024262
29, 6, 1, 40.41334034900001, 21680, 0.5400953531265259, 0.7762668311595917
29, 17, 1, 41.68168961700002, 21680, 0.600497967004776, 0.7587788105010986
29, 18, 1, 51.908982476999995, 21680, 0.44645132422447203, 0.8356243073940277
30, 12, 1, 39.361247401000014, 21680, 0.4887998640537262, 0.8126573324203491
30, 4, 1, 39.60313222899998, 21680, 0.5784344971179962, 0.7687849700450897
30, 3, 1, 43.42339499800005, 21680, 0.6476110816001892, 0.7419134080410004
30, 14, 1, 46.525626603, 21680, 0.524457436800003, 0.7994090974330902
30, 6, 1, 48.726057449999985, 21680, 0.5385362565517425, 0.7764585912227631
30, 17, 1, 50.052194647999954, 21680, 0.5996977388858795, 0.7596127033233643
30, 18, 1, 61.316337062, 21680, 0.4452457696199417, 0.8358953416347503
31, 12, 1, 37.099634385999934, 21680, 0.48759062588214874, 0.8137986660003662
31, 4, 1, 36.92042627600006, 21680, 0.5713835299015045, 0.7708961009979248
31, 3, 1, 42.38599534299999, 21680, 0.6472426593303681, 0.7420271098613739
31, 14, 1, 45.42837963300008, 21680, 0.5228883624076843, 0.800693941116333
31, 6, 1, 46.65848865999999, 21680, 0.5361315965652466, 0.777690726518631
31, 17, 1, 49.26656762499999, 21680, 0.5995505154132843, 0.7597739040851593
31, 18, 1, 60.217819899999995, 21680, 0.4393459469079971, 0.8387272179126739
32, 12, 1, 38.85243706599999, 21680, 0.485018652677536, 0.8148177981376648
32, 3, 1, 44.31713705100003, 21680, 0.645863163471222, 0.7427851498126984
32, 13, 1, 44.776041752000026, 21680, 0.5472131431102752, 0.8058111429214477
32, 14, 1, 47.324973198000066, 21680, 0.5203812122344971, 0.8015603244304657
32, 6, 1, 49.385715092, 21680, 0.532094669342041, 0.7798062086105346
32, 17, 1, 51.233293341000035, 21680, 0.5938376486301422, 0.7609162867069245
32, 18, 1, 60.356830790000004, 21680, 0.4367603212594986, 0.8390243053436279
33, 12, 1, 31.306565273999922, 21680, 0.48297419846057893, 0.8157587349414825
33, 4, 1, 32.66813810699989, 21680, 0.5777246654033661, 0.7696504592895508
33, 22, 1, 33.98975310600008, 21680, 0.6264586508274078, 0.742053896188736
33, 16, 1, 34.38056643899995, 21680, 0.5509232103824615, 0.765722131729126
33, 3, 1, 34.91703457800003, 21680, 0.643523758649826, 0.7431909501552582
33, 14, 1, 37.49094255499995, 21680, 0.5177773594856262, 0.8019998252391816
33, 6, 1, 39.40245522099997, 21680, 0.5288953125476837, 0.780956757068634
33, 17, 1, 41.54416848699998, 21680, 0.5911972105503083, 0.7618616402149201
33, 20, 1, 48.86014396100006, 21680, 0.5949353516101837, 0.7631136119365692
34, 12, 1, 45.21083734900003, 21680, 0.4854602485895157, 0.8148642301559448
34, 14, 1, 53.891361337000035, 21680, 0.5164181649684906, 0.8023173630237579
34, 10, 1, 53.899172677000024, 21680, 0.49566524624824526, 0.796405452489853
34, 6, 1, 55.92332019000003, 21680, 0.5265369832515716, 0.7823704659938813
34, 17, 1, 58.04197464099991, 21680, 0.5873387813568115, 0.7632607579231262
34, 18, 1, 69.086599707, 21680, 0.4429269224405289, 0.8372834861278534
35, 4, 1, 32.43171109299999, 21680, 0.5734054327011109, 0.7712905883789063
35, 21, 1, 34.116597436000006, 21680, 0.5991575241088867, 0.760686719417572
35, 3, 1, 34.45185305100006, 21680, 0.6450360655784607, 0.7426179468631744
35, 13, 1, 35.12594055499994, 21680, 0.5436737835407257, 0.8069131910800934
35, 14, 1, 37.371057619, 21680, 0.5149085104465485, 0.8036337614059448
35, 6, 1, 38.54140621099998, 21680, 0.5230901777744293, 0.7832048118114472
35, 17, 1, 41.062406833999944, 21680, 0.5845547378063202, 0.7635174989700317
35, 15, 1, 44.00999682000008, 21680, 0.6420467495918274, 0.7531309068202973
35, 18, 1, 52.70357362899995, 21680, 0.4337800323963165, 0.8412342071533203
36, 12, 1, 45.17751126999997, 21680, 0.48438985347747804, 0.8150157690048218
36, 4, 1, 46.25884215099995, 21680, 0.5683046579360962, 0.7732917308807373
36, 3, 1, 49.977759581999976, 21680, 0.643548983335495, 0.7441184401512146
36, 14, 1, 53.69004131600002, 21680, 0.5128158181905746, 0.8039197504520417
36, 17, 1, 58.126534026999934, 21680, 0.5839621305465699, 0.7644966781139374
36, 18, 1, 68.65512001299999, 21680, 0.4307089507579803, 0.8421793282032013
37, 12, 1, 45.279425909999986, 21680, 0.48056132197380064, 0.8169416129589081
37, 3, 1, 50.544662999000025, 21680, 0.6390214323997497, 0.7455721080303193
37, 14, 1, 54.342187197000044, 21680, 0.5108294993638992, 0.8047335684299469
37, 6, 1, 56.66982629500001, 21680, 0.5266412377357483, 0.7818686187267303
37, 17, 1, 58.28684441099995, 21680, 0.5818740546703338, 0.7644309997558594
37, 18, 1, 68.89714787900004, 21680, 0.4278945058584213, 0.8435726940631867
38, 12, 1, 36.10815917100001, 21680, 0.47734239101409914, 0.8173888564109802
38, 4, 1, 37.10927528000002, 21680, 0.5728085577487946, 0.7727346599102021
38, 13, 1, 40.96808995699996, 21680, 0.5435925364494324, 0.8058465480804443
38, 3, 1, 40.727092302000074, 21680, 0.6386962473392487, 0.745181930065155
38, 14, 1, 44.44825377099994, 21680, 0.5085450321435928, 0.8051331222057343
38, 6, 1, 46.30951555299998, 21680, 0.5218989670276641, 0.7837923347949982
38, 17, 1, 48.16203786599999, 21680, 0.5799821972846985, 0.7657803595066071
39, 12, 1, 38.39948252199997, 21680, 0.4774731457233429, 0.8175965905189514
39, 4, 1, 39.353664020999986, 21680, 0.5609802305698395, 0.776112949848175
39, 3, 1, 42.65466814700005, 21680, 0.6370336949825287, 0.7461763143539428
39, 14, 1, 45.97360479500003, 21680, 0.5063578516244889, 0.8054485380649566
39, 6, 1, 48.82763137099994, 21680, 0.5181692242622375, 0.7852529585361481
39, 17, 1, 49.31763810000007, 21680, 0.5769763112068176, 0.7672968924045562
39, 18, 1, 61.123067634999984, 21680, 0.4307104706764221, 0.841875284910202
40, 4, 1, 46.536502361999965, 21680, 0.5565594851970672, 0.7778582751750946
40, 12, 1, 45.762425756000084, 21680, 0.47447967529296875, 0.8176723599433899
40, 3, 1, 50.397253327000044, 21680, 0.636043381690979, 0.7465887784957885
40, 14, 1, 54.1561716839999, 21680, 0.506121689081192, 0.8058291614055634
40, 17, 1, 57.611716189999925, 21680, 0.5756537914276123, 0.7670779764652252
40, 18, 1, 68.45090007400006, 21680, 0.42591150403022765, 0.8439948618412018
41, 12, 1, 37.44117979600003, 21680, 0.47313027679920194, 0.8193464696407318
41, 4, 1, 38.649174769999945, 21680, 0.5502264380455018, 0.7802706480026245
41, 3, 1, 41.74239310400003, 21680, 0.634482342004776, 0.7470101714134216
41, 14, 1, 45.86020226900001, 21680, 0.5051412880420685, 0.8062602460384369
41, 6, 1, 47.949194250999994, 21680, 0.5203952312469482, 0.7844532787799835
41, 17, 1, 49.39194283400002, 21680, 0.57513986825943, 0.7673028767108917
41, 18, 1, 59.65157986200006, 21680, 0.4231611490249634, 0.8455011427402497
42, 12, 1, 36.394771554000044, 21680, 0.47169598937034607, 0.8193880200386048
42, 4, 1, 37.04239532099996, 21680, 0.550844919681549, 0.7795796811580658
42, 13, 1, 40.65305510300004, 21680, 0.5379153728485108, 0.807278311252594
42, 3, 1, 40.61862093599996, 21680, 0.6341185867786407, 0.7475341200828552
42, 14, 1, 44.010333167, 21680, 0.5045511037111282, 0.8063569903373718
42, 17, 1, 47.57233394499997, 21680, 0.5733184456825257, 0.7681825459003448
42, 18, 1, 59.02393092900002, 21680, 0.421002995967865, 0.8455306768417359
43, 12, 1, 37.19626245400002, 21680, 0.46985853016376494, 0.8207150995731354
43, 22, 1, 40.393648977, 21680, 0.6131617605686188, 0.7499610483646393
43, 21, 1, 41.77320685900003, 21680, 0.590615200996399, 0.7648029923439026
43, 3, 1, 42.10013940099998, 21680, 0.6330639541149139, 0.7476500451564789
43, 14, 1, 45.50225633599996, 21680, 0.5041127264499664, 0.8060310423374176
43, 17, 1, 49.46533239300004, 21680, 0.5715889215469361, 0.768875128030777
43, 18, 1, 59.96725883099998, 21680, 0.4195366770029068, 0.8464410424232482
44, 12, 1, 39.091216748999955, 21680, 0.47063235342502596, 0.820194536447525
44, 4, 1, 40.10047411599999, 21680, 0.5551556050777435, 0.7781690895557404
44, 13, 1, 44.187449894, 21680, 0.533252477645874, 0.8091925084590912
44, 14, 1, 47.028595657000096, 21680, 0.5005279213190079, 0.8074588894844055
44, 6, 1, 49.755515151000054, 21680, 0.5204694926738739, 0.7844512462615967
44, 17, 1, 50.69702839800004, 21680, 0.5700861930847168, 0.7701409161090851
44, 18, 1, 61.175252322999995, 21680, 0.41946445107460023, 0.8462481915950775
45, 12, 1, 45.2103072189999, 21680, 0.4684741497039795, 0.8212405562400817
45, 4, 1, 46.49307675499995, 21680, 0.5483316004276275, 0.780791848897934
45, 3, 1, 50.84068430000002, 21680, 0.6342475354671478, 0.7470770597457885
45, 14, 1, 54.5970448380001, 21680, 0.5022705584764481, 0.8074231386184693
45, 17, 1, 58.03005808900002, 21680, 0.5670449137687683, 0.7703080832958221
45, 18, 1, 69.80327039600002, 21680, 0.41627329885959624, 0.8470230519771575
46, 12, 1, 37.283262308000076, 21680, 0.4675152450799942, 0.8209252953529358
46, 3, 1, 41.478151387000025, 21680, 0.6317796826362609, 0.7485084354877471
46, 21, 1, 41.51644493599997, 21680, 0.5868016242980957, 0.7670117378234863
46, 14, 1, 44.70862642899999, 21680, 0.5006343960762024, 0.8082033097743988
46, 6, 1, 47.008785199000044, 21680, 0.5186365664005279, 0.7853488385677337
46, 17, 1, 48.80025987399995, 21680, 0.5670290946960449, 0.7705469071865082
46, 18, 1, 59.53890830799992, 21680, 0.41457703709602356, 0.8481106340885163
47, 12, 1, 45.34020465499998, 21680, 0.4685514658689499, 0.8211525857448578
47, 4, 1, 46.34141027099997, 21680, 0.5494954824447632, 0.7797446608543396
47, 13, 1, 51.56438137500004, 21680, 0.5321506649255753, 0.8092765808105469
47, 14, 1, 54.00590655899998, 21680, 0.4991214215755463, 0.8079740822315216
47, 6, 1, 57.554406605000054, 21680, 0.5124607682228088, 0.7883292496204376
47, 17, 1, 58.76553241400006, 21680, 0.5625865519046783, 0.7721729040145874
48, 12, 1, 45.06812680199994, 21680, 0.4653810650110245, 0.8226067423820496
48, 4, 1, 46.414564204000044, 21680, 0.538919848203659, 0.7841127514839172
48, 3, 1, 50.12789567900006, 21680, 0.632817006111145, 0.7471104979515075
48, 14, 1, 54.13457853299997, 21680, 0.49800990521907806, 0.8089708626270294
48, 17, 1, 57.98118992800005, 21680, 0.5613422751426697, 0.7730167627334594
48, 18, 1, 68.97241077999979, 21680, 0.42000748217105865, 0.8452752828598022
49, 12, 1, 32.4930935000001, 21680, 0.4643490105867386, 0.8226238429546356
49, 4, 1, 33.138439491999975, 21680, 0.5351511359214782, 0.7861210763454437
49, 3, 1, 35.99648224099997, 21680, 0.6306109488010406, 0.7479777991771698
49, 21, 1, 37.00882290499999, 21680, 0.5834523200988769, 0.7686136186122894
49, 14, 1, 39.23186959099996, 21680, 0.49699788093566893, 0.8090108096599579
49, 6, 1, 41.073071389000006, 21680, 0.5141801178455353, 0.7870440602302551
49, 17, 1, 43.11684951999996, 21680, 0.561493182182312, 0.772891366481781
49, 18, 1, 53.904815739000014, 21680, 0.4147320568561554, 0.8481818735599518
50, 12, 1, 45.307150447000026, 21680, 0.4651584506034851, 0.8226996064186096
50, 3, 1, 51.196198073000005, 21680, 0.6289737164974213, 0.7483746528625488
50, 14, 1, 54.42542388900006, 21680, 0.4968099445104599, 0.8090045034885407
50, 6, 1, 55.34600620799995, 21680, 0.5098407685756683, 0.789800089597702
50, 17, 1, 58.19566825300012, 21680, 0.5609182834625244, 0.7736436605453492
50, 18, 1, 68.33883976499999, 21680, 0.4132475137710571, 0.8488629102706909
51, 12, 1, 37.33531256200001, 21680, 0.4644578456878662, 0.8226385176181793
51, 4, 1, 38.33545946800007, 21680, 0.540212607383728, 0.7837589085102081
51, 13, 1, 41.96837517900008, 21680, 0.5303881376981735, 0.8095576465129852
51, 3, 1, 42.37020419099997, 21680, 0.6279531419277191, 0.7496678054332733
51, 14, 1, 46.24391683900001, 21680, 0.4962756305932999, 0.8092505395412445
51, 6, 1, 47.573184399999946, 21680, 0.5050873935222626, 0.7912994682788849
51, 17, 1, 49.69106728199995, 21680, 0.5583796679973603, 0.7740516602993012
52, 12, 1, 50.68727551200004, 21680, 0.46316014528274535, 0.8230491042137146
52, 3, 1, 55.64467725700001, 21680, 0.6275308072566986, 0.7496544241905212
52, 14, 1, 60.743576561000054, 21680, 0.4952521950006485, 0.8092400312423706
52, 17, 1, 64.31745668399992, 21680, 0.5571469724178314, 0.7757393598556519
52, 18, 1, 74.43352727699994, 21680, 0.41582188606262205, 0.8477371037006378
53, 12, 1, 38.63102810999999, 21680, 0.46065481901168825, 0.824029141664505
53, 16, 1, 42.47856204000004, 21680, 0.5348953664302826, 0.7760392487049103
53, 13, 1, 43.02171475299997, 21680, 0.5213446497917176, 0.8117152333259583
53, 3, 1, 43.07285300700005, 21680, 0.6245124399662018, 0.7505306303501129
53, 14, 1, 46.38677884399999, 21680, 0.49318802952766416, 0.8097320914268493
53, 17, 1, 49.19626897599994, 21680, 0.5564524292945862, 0.7754726707935333
53, 6, 1, 49.031732006000084, 21680, 0.5072066277265549, 0.7898408770561218
54, 12, 1, 45.362224321999975, 21680, 0.4601136952638626, 0.8238800525665283
54, 13, 1, 50.551407375, 21680, 0.51330626308918, 0.8148885786533355
54, 14, 1, 53.959045697999954, 21680, 0.4923651725053787, 0.8102872490882873
54, 17, 1, 57.39963556800001, 21680, 0.5556765913963317, 0.7755861103534698
54, 15, 1, 60.28209752999999, 21680, 0.619521564245224, 0.7606557965278625
54, 18, 1, 67.51830362400005, 21680, 0.41735161542892457, 0.8466130375862122
55, 16, 1, 49.02514195699996, 21680, 0.5313311100006104, 0.7776237308979035
55, 3, 1, 49.532661769000015, 21680, 0.6273673892021179, 0.7486377418041229
55, 14, 1, 53.143034729999954, 21680, 0.49116738736629484, 0.8108718574047089
55, 1, 1, 56.14059393699995, 21680, 0.5608093082904816, 0.778352153301239
55, 17, 1, 58.119179038000084, 21680, 0.5547377169132233, 0.7759125113487244
55, 20, 1, 63.493230629000095, 21680, 0.565833306312561, 0.7752198696136474
56, 23, 1, 45.67509648099997, 21680, 0.47556644678115845, 0.8218655049800873
56, 4, 1, 46.705777538999996, 21680, 0.547918313741684, 0.7786807239055633
56, 13, 1, 50.795133391000036, 21680, 0.5151013433933258, 0.8142623245716095
56, 10, 1, 53.68890940699998, 21680, 0.4841354250907898, 0.8025362133979798
56, 15, 1, 61.13613572400004, 21680, 0.6117796540260315, 0.764670479297638
56, 18, 1, 67.41877672999999, 21680, 0.42134539783000946, 0.845431649684906
57, 19, 1, 34.94197394399998, 21680, 0.5811085224151611, 0.76827432513237
57, 16, 1, 35.162196397000116, 21680, 0.5309354066848755, 0.7785172462463379
57, 21, 1, 35.395864878, 21680, 0.5827885925769806, 0.7685890853404999
57, 14, 1, 38.89308711199999, 21680, 0.4941044121980667, 0.8088278591632843
57, 9, 1, 39.221268323000004, 21680, 0.5747527182102203, 0.7650409698486328
57, 6, 1, 40.64924192900003, 21680, 0.5074690639972687, 0.7897592842578888
57, 2, 1, 41.086889877999965, 21680, 0.48870455026626586, 0.8044902205467224
57, 17, 1, 41.51115860799996, 21680, 0.5604838490486145, 0.773788970708847
58, 23, 1, 45.30834689900007, 21680, 0.4676735162734985, 0.8251666367053986
58, 4, 1, 46.88450255500004, 21680, 0.5380827397108078, 0.7845502853393554
58, 13, 1, 50.29983000500005, 21680, 0.5126106262207031, 0.8155369579792022
58, 10, 1, 54.56248310199999, 21680, 0.47670071125030516, 0.8053422749042511
58, 17, 1, 58.205115891000105, 21680, 0.5515564560890198, 0.7774768233299255
58, 18, 1, 68.76929562099997, 21680, 0.4191236555576324, 0.8462065041065217
59, 16, 1, 49.21306115600004, 21680, 0.5295805871486664, 0.7791564404964447
59, 3, 1, 49.295136310999965, 21680, 0.6300609171390533, 0.7481048762798309
59, 21, 1, 50.386011951, 21680, 0.5758053183555603, 0.7722546994686127
59, 14, 1, 53.44423902199992, 21680, 0.4959422737360001, 0.8090612828731537
59, 17, 1, 58.550827560000016, 21680, 0.5520104050636292, 0.7770568668842316
59, 20, 1, 64.22759523599996, 21680, 0.5573626041412354, 0.7776117503643036
60, 23, 1, 45.446978083999966, 21680, 0.46599342823028567, 0.8257719874382019
60, 4, 1, 46.94959459500001, 21680, 0.5359747678041458, 0.7842131674289703
60, 13, 1, 51.120953339999915, 21680, 0.5090915739536286, 0.8163955926895141
60, 10, 1, 54.1560027349999, 21680, 0.4719954490661621, 0.8072059631347657
60, 15, 1, 61.11013531799995, 21680, 0.6118071019649506, 0.7633328855037689
60, 18, 1, 68.39294965099998, 21680, 0.4200432986021042, 0.8454055905342102
61, 3, 1, 34.10105774300018, 21680, 0.6277613759040832, 0.74914830327034
61, 16, 1, 34.18517419099999, 21680, 0.5265734016895294, 0.7807814359664917
61, 21, 1, 34.326079488999994, 21680, 0.571929395198822, 0.7736847937107086
61, 8, 1, 34.951097581999875, 21680, 0.5438765287399292, 0.7782751381397247
61, 14, 1, 36.91406568000002, 21680, 0.49399513006210327, 0.8090465545654297
61, 7, 1, 37.90343945299992, 21680, 0.5541749656200409, 0.776400238275528
61, 6, 1, 38.33006130500007, 21680, 0.5091614603996277, 0.7881028175354003
61, 2, 1, 39.781344099999956, 21680, 0.48270168006420133, 0.8081291675567627
61, 17, 1, 39.98913359800008, 21680, 0.5587048351764679, 0.7741949558258057
61, 0, 1, 40.50188594399992, 21680, 0.49853441715240476, 0.8028546154499054
62, 23, 1, 44.64397395300011, 21680, 0.4632659316062927, 0.827568382024765
62, 4, 1, 45.9675902649999, 21680, 0.5283448547124863, 0.7872806370258332
62, 13, 1, 50.309436013000095, 21680, 0.5052394241094589, 0.8175131022930145
62, 10, 1, 53.050047591000066, 21680, 0.46824410557746887, 0.8089916348457337
62, 17, 1, 58.86256452199996, 21680, 0.5501606822013855, 0.777550458908081
62, 18, 1, 69.81066718600005, 21680, 0.41544325947761535, 0.8474070012569428
63, 12, 1, 44.405300940000075, 21680, 0.46248655319213866, 0.8238653838634491
63, 3, 1, 49.16720884000006, 21680, 0.625888979434967, 0.7501672148704529
63, 21, 1, 49.874862334, 21680, 0.5709791660308838, 0.7753089964389801
63, 14, 1, 53.379340716000115, 21680, 0.4945747673511505, 0.8084514439105988
63, 17, 1, 55.762768624, 21680, 0.5499979376792907, 0.7772797822952271
63, 18, 1, 66.88978553499999, 21680, 0.40989014506340027, 0.8488941729068756
64, 12, 1, 45.08719087700001, 21680, 0.45975408852100375, 0.8243370771408081
64, 3, 1, 50.10511903199995, 21680, 0.6205099821090698, 0.7513689517974853
64, 13, 1, 50.112540025999806, 21680, 0.5047360390424729, 0.8168890655040741
64, 14, 1, 53.683485442000006, 21680, 0.4886139690876007, 0.8108466148376465
64, 6, 1, 56.10057752900002, 21680, 0.5038501054048539, 0.7913198590278625
64, 17, 1, 57.27737720899995, 21680, 0.5477994501590728, 0.7785953104496002
65, 12, 1, 50.53192351500002, 21680, 0.4582141607999802, 0.8247843325138092
65, 14, 1, 60.259172210999964, 21680, 0.4852097600698471, 0.8119821727275849
65, 6, 1, 61.145700528999896, 21680, 0.4967218965291977, 0.7947796881198883
65, 17, 1, 63.18602787100008, 21680, 0.5452122271060944, 0.7795466423034668
65, 18, 1, 73.83465718600007, 21680, 0.41401342749595643, 0.847751009464264
66, 4, 1, 52.44423642400011, 21680, 0.5299705356359482, 0.787720549106598
66, 3, 1, 56.45433417300001, 21680, 0.622975206375122, 0.7506265103816986
66, 13, 1, 57.66628612600016, 21680, 0.504784244298935, 0.8176414608955384
66, 17, 1, 63.84434393300012, 21680, 0.542444235086441, 0.780888032913208
66, 18, 1, 75.22086596899999, 21680, 0.4049534171819687, 0.8514168083667755
67, 16, 1, 40.631786469000076, 21680, 0.5244721472263336, 0.7801444947719574
67, 21, 1, 40.96132154899999, 21680, 0.573703920841217, 0.7729396402835846
67, 3, 1, 41.039338019999946, 21680, 0.6210455179214478, 0.7519686937332153
67, 8, 1, 41.78644019399985, 21680, 0.5433047592639924, 0.7784107863903046
67, 14, 1, 44.784102625999935, 21680, 0.4905238181352615, 0.8102451980113983
67, 0, 1, 48.113431094000134, 21680, 0.49045748114585874, 0.8071997404098511
67, 1, 1, 48.76298757299992, 21680, 0.5526902735233307, 0.7817007839679718
68, 23, 1, 45.735043157000064, 21680, 0.46340041756629946, 0.8267106115818024
68, 4, 1, 46.945595194000134, 21680, 0.5256109595298767, 0.7890905141830444
68, 13, 1, 51.765527002, 21680, 0.5070301532745362, 0.8163336277008056
68, 10, 1, 54.445033260999935, 21680, 0.47177267372608184, 0.8075643599033355
68, 17, 1, 58.58125459400003, 21680, 0.5479349553585052, 0.7782709121704101
68, 18, 1, 70.78385766899999, 21680, 0.4122984081506729, 0.8495265781879425
69, 12, 1, 45.37847442300017, 21680, 0.4610268950462341, 0.8242833018302917
69, 16, 1, 49.635992396000006, 21680, 0.5225558280944824, 0.7818347573280334
69, 3, 1, 50.49555574400006, 21680, 0.6208675324916839, 0.7520935595035553
69, 21, 1, 50.275561011000036, 21680, 0.5695396780967712, 0.7746263027191163
69, 14, 1, 54.38306988800002, 21680, 0.4908513158559799, 0.8100433230400086
69, 17, 1, 58.272558489000176, 21680, 0.5466862857341767, 0.7785117268562317
70, 23, 1, 45.74562144799984, 21680, 0.45641175508499143, 0.8287594318389893
70, 4, 1, 46.77785936999999, 21680, 0.5221176445484161, 0.7895208656787872
70, 13, 1, 51.967748411, 21680, 0.5014614880084991, 0.8189647853374481
70, 10, 1, 54.93882513099993, 21680, 0.46566287279129026, 0.8100098967552185
70, 15, 1, 61.48485453599983, 21680, 0.6021407186985016, 0.7668507397174835
70, 18, 1, 70.222144824, 21680, 0.41090970635414126, 0.8496846735477448
71, 16, 1, 49.71119611200004, 21680, 0.5220171213150024, 0.7824311792850495
71, 21, 1, 49.597807543000044, 21680, 0.5686407446861267, 0.7751416742801667
71, 3, 1, 50.20051327499982, 21680, 0.6211644828319549, 0.7520600974559783
71, 14, 1, 53.487613708000026, 21680, 0.4922682732343674, 0.8092694580554962
71, 17, 1, 58.253433203999975, 21680, 0.5490631043910981, 0.7778370380401611
71, 20, 1, 64.66727898399995, 21680, 0.5537075877189637, 0.7785728514194489
72, 23, 1, 51.12710521300005, 21680, 0.45758722722530365, 0.8282080233097077
72, 4, 1, 52.96821129999989, 21680, 0.5198610723018646, 0.7914096534252166
72, 13, 1, 57.26420125699997, 21680, 0.5035888522863388, 0.817422378063202
72, 10, 1, 60.834123170999874, 21680, 0.4616635859012604, 0.8117892682552338
72, 18, 1, 73.34997184299999, 21680, 0.4124523252248764, 0.8495039880275727
73, 19, 1, 33.82762460899994, 21680, 0.5739237546920777, 0.7711368560791015
73, 16, 1, 34.42261003800013, 21680, 0.5191915988922119, 0.7828813135623932
73, 8, 1, 35.339650393000056, 21680, 0.5399467885494232, 0.7787433326244354
73, 14, 1, 36.80263740200007, 21680, 0.490926057100296, 0.8094145655632019
73, 9, 1, 37.110432635999814, 21680, 0.5681485235691071, 0.7675683617591857
73, 7, 1, 37.823001546000114, 21680, 0.551826399564743, 0.7778143644332886
73, 6, 1, 38.29305238999996, 21680, 0.5048908591270447, 0.7905405998229981
73, 0, 1, 38.94795895199999, 21680, 0.489826637506485, 0.8075909197330475
73, 17, 1, 39.94894989999989, 21680, 0.5498550355434417, 0.777429050207138
74, 23, 1, 45.16214986199998, 21680, 0.4543155789375305, 0.8290927350521088
74, 4, 1, 46.099018631000035, 21680, 0.5136105477809906, 0.7933008134365082
74, 13, 1, 50.89145835600016, 21680, 0.4970727890729904, 0.8197016894817353
74, 10, 1, 53.07938154399994, 21680, 0.45771177113056183, 0.8129740834236145
74, 15, 1, 61.00453960899995, 21680, 0.6046318888664246, 0.7640933990478516
74, 18, 1, 67.49924776300008, 21680, 0.40717274844646456, 0.8510589182376862
75, 22, 1, 48.438533807, 21680, 0.5878417789936066, 0.7610851407051087
75, 21, 1, 49.19073940099997, 21680, 0.5669913470745087, 0.7763977468013763
75, 16, 1, 50.009175872000014, 21680, 0.5165880918502808, 0.7852220296859741
75, 8, 1, 51.24308502600002, 21680, 0.5361914038658142, 0.780690461397171
75, 14, 1, 53.745030391, 21680, 0.4907517939805984, 0.809650081396103
75, 17, 1, 57.845014107, 21680, 0.5538013219833374, 0.7761831820011139
76, 23, 1, 45.212901805, 21680, 0.45539766550064087, 0.8293083965778351
76, 4, 1, 45.861647721000054, 21680, 0.5094464004039765, 0.7948787868022918
76, 13, 1, 51.16189299000007, 21680, 0.49674431681632997, 0.8202195167541504
76, 10, 1, 53.11725542199997, 21680, 0.4581866979598999, 0.8131005823612213
76, 15, 1, 59.07189381699999, 21680, 0.5928165018558502, 0.7701966285705566
76, 18, 1, 69.120436014, 21680, 0.4060448408126831, 0.8515905320644379
77, 16, 1, 41.113736131999985, 21680, 0.51735520362854, 0.7844703078269959
77, 19, 1, 41.1115029030002, 21680, 0.5655940473079681, 0.7738860487937927
77, 21, 1, 41.85803383200005, 21680, 0.5635988533496856, 0.778037565946579
77, 14, 1, 44.52016225199998, 21680, 0.48887398838996887, 0.8108697474002838
77, 6, 1, 47.059862178, 21680, 0.5012757301330566, 0.7908180296421051
77, 17, 1, 48.25816881500009, 21680, 0.5545104324817658, 0.7758149921894073
77, 20, 1, 55.93373421000001, 21680, 0.5445005178451539, 0.7835053086280823
78, 23, 1, 50.408919176999916, 21680, 0.4561380922794342, 0.8291025400161743
78, 4, 1, 51.2781826370001, 21680, 0.508646336197853, 0.7957370996475219
78, 13, 1, 56.86188614800017, 21680, 0.49424758553504944, 0.820682018995285
78, 10, 1, 59.213847375000114, 21680, 0.457560670375824, 0.8135939121246338
78, 18, 1, 72.14016134200006, 21680, 0.4087774991989136, 0.8504160940647125
79, 19, 1, 33.60944101300015, 21680, 0.5652093112468719, 0.7744209170341492
79, 16, 1, 34.090466270000036, 21680, 0.5172042369842529, 0.7840876877307892
79, 8, 1, 34.79287334200001, 21680, 0.5353562414646149, 0.7807386040687561
79, 9, 1, 36.74706924399993, 21680, 0.5651101052761078, 0.7683230221271515
79, 7, 1, 37.950034921, 21680, 0.5470379948616028, 0.7786583185195923
79, 6, 1, 38.16633115600007, 21680, 0.49807798862457275, 0.7931354522705079
79, 2, 1, 39.810057572999995, 21680, 0.475140443444252, 0.8124695301055909
79, 17, 1, 40.04562898800009, 21680, 0.553211909532547, 0.7766369402408599
79, 0, 1, 40.655417798999906, 21680, 0.48311540186405183, 0.8103332042694091
80, 4, 1, 51.78058962099999, 21680, 0.5040231794118881, 0.7981686055660248
80, 23, 1, 51.60916735000001, 21680, 0.45322586596012115, 0.8306612074375153
80, 13, 1, 57.37040888899992, 21680, 0.4899281680583954, 0.8227134883403778
80, 10, 1, 59.219708706999995, 21680, 0.4552773267030716, 0.8145805776119233
80, 18, 1, 75.33109739199995, 21680, 0.40521973967552183, 0.8518111705780029
81, 19, 1, 33.67197748900003, 21680, 0.5645212292671203, 0.7745342493057251
81, 16, 1, 33.93834248600001, 21680, 0.5166231721639634, 0.784600841999054
81, 8, 1, 34.6649494830001, 21680, 0.5345817446708679, 0.7819944024085999
81, 14, 1, 36.23154990499995, 21680, 0.49364920854568484, 0.8091495990753174
81, 9, 1, 36.982499683000015, 21680, 0.5615541279315949, 0.7689961493015289
81, 6, 1, 38.16237284300007, 21680, 0.4958950340747833, 0.7943329334259033
81, 7, 1, 38.938578765999864, 21680, 0.5456074297428131, 0.7799098432064057
81, 17, 1, 39.41786830799998, 21680, 0.5550633549690247, 0.7752298653125763
81, 0, 1, 39.741571240999974, 21680, 0.4812881737947464, 0.8117534875869751
82, 12, 1, 45.90531150700008, 21680, 0.4614778608083725, 0.8247672140598297
82, 23, 1, 45.964311850999934, 21680, 0.4474482864141464, 0.8321978211402893
82, 4, 1, 47.43235946799996, 21680, 0.4996569395065308, 0.7993640303611755
82, 13, 1, 52.50347058199986, 21680, 0.48948911428451536, 0.8228241324424743
82, 10, 1, 54.44115401300019, 21680, 0.45315628945827485, 0.8153542876243591
82, 18, 1, 69.93366746700002, 21680, 0.402521675825119, 0.8531524181365967
83, 19, 1, 34.883552219999956, 21680, 0.5649138391017914, 0.7736458122730255
83, 8, 1, 36.419407141999955, 21680, 0.5343331396579742, 0.782016271352768
83, 14, 1, 37.88732462799999, 21680, 0.493206599354744, 0.8088026225566864
83, 9, 1, 38.51640142300016, 21680, 0.5594280540943146, 0.7699724078178406
83, 7, 1, 39.5115271369998, 21680, 0.541474050283432, 0.7815833389759064
83, 6, 1, 39.81826393799997, 21680, 0.4966905862092972, 0.7935618162155151
83, 0, 1, 40.87795593999999, 21680, 0.47536544501781464, 0.8133021652698517
83, 17, 1, 41.335698760000014, 21680, 0.5542762815952301, 0.7753333628177643
84, 23, 1, 51.294019742000046, 21680, 0.4461154669523239, 0.8317787528038025
84, 4, 1, 51.91155533400001, 21680, 0.4995220094919205, 0.7995409429073334
84, 13, 1, 56.74353433399983, 21680, 0.4866133600473404, 0.8245745718479156
84, 10, 1, 59.283872483000096, 21680, 0.4528365731239319, 0.8152024924755097
84, 18, 1, 73.02899206100005, 21680, 0.40058956742286683, 0.8534425556659698
85, 16, 1, 35.041776852999874, 21680, 0.5182480126619339, 0.7838288605213165
85, 19, 1, 35.10736174999988, 21680, 0.5645222544670105, 0.7734780728816986
85, 8, 1, 35.98747346099981, 21680, 0.5336983382701874, 0.7822022497653961
85, 9, 1, 39.049676567999995, 21680, 0.5581870079040527, 0.7705222070217133
85, 7, 1, 39.774811595999836, 21680, 0.5418778419494629, 0.7820011973381042
85, 6, 1, 40.50940759900004, 21680, 0.495963516831398, 0.7936658561229706
85, 0, 1, 41.22132968899996, 21680, 0.4758108198642731, 0.81415274143219
85, 17, 1, 41.552150970999946, 21680, 0.5537154018878937, 0.7756657242774964
86, 23, 1, 51.05339061399991, 21680, 0.4468509882688522, 0.8317591369152069
86, 4, 1, 52.050808895000046, 21680, 0.49979630410671233, 0.799741792678833
86, 13, 1, 57.486506482000095, 21680, 0.4854369074106216, 0.8247361123561859
86, 10, 1, 61.50942848900013, 21680, 0.45086073577404023, 0.8163767874240875
86, 18, 1, 75.81192077799983, 21680, 0.40066656172275544, 0.8538195490837097
87, 19, 1, 34.92578726900001, 21680, 0.5635788202285766, 0.774205607175827
87, 8, 1, 36.12979681999991, 21680, 0.5323197782039643, 0.7822241127490998
87, 9, 1, 37.72874114299998, 21680, 0.5574845016002655, 0.7706079065799714
87, 7, 1, 39.37946411400003, 21680, 0.5416134476661683, 0.7818241715431213
87, 6, 1, 39.935056852000116, 21680, 0.49522756338119506, 0.793661767244339
87, 2, 1, 40.89915063500007, 21680, 0.47221527695655824, 0.813246876001358
87, 17, 1, 40.875283611999976, 21680, 0.5547770261764526, 0.7750686585903168
87, 0, 1, 41.17763577699998, 21680, 0.474736875295639, 0.8140484273433686
88, 23, 1, 50.68429260399989, 21680, 0.4458108335733414, 0.83194540143013
88, 4, 1, 51.08057646800012, 21680, 0.49913558065891267, 0.7992636203765869
88, 13, 1, 57.13110668299987, 21680, 0.48389916121959686, 0.8242581129074097
88, 10, 1, 60.42174812500002, 21680, 0.4512468189001083, 0.8169017314910889
88, 18, 1, 74.55754116499998, 21680, 0.39836789965629577, 0.8543772518634796
89, 16, 1, 35.05151669199995, 21680, 0.5181168764829636, 0.7837365746498108
89, 19, 1, 34.915719257999854, 21680, 0.5633524954319, 0.774683827161789
89, 8, 1, 36.57452541199996, 21680, 0.5326685547828675, 0.7816968500614166
89, 9, 1, 38.52213716399979, 21680, 0.5562743842601776, 0.7701856315135955
89, 7, 1, 39.9059188409999, 21680, 0.5388872921466827, 0.782972764968872
89, 6, 1, 40.74413492399981, 21680, 0.4940196663141251, 0.7945144712924957
89, 17, 1, 41.85058909899999, 21680, 0.5537586212158203, 0.7750109434127808
89, 0, 1, 41.85525555899994, 21680, 0.47321416437625885, 0.8145318865776062
90, 23, 1, 50.857241574, 21680, 0.4442452549934387, 0.8325531721115113
90, 4, 1, 52.117192968000154, 21680, 0.49896511137485505, 0.8002008259296417
90, 13, 1, 56.9099920430001, 21680, 0.4821448564529419, 0.8261346697807312
90, 10, 1, 60.89977551700008, 21680, 0.4497878342866898, 0.8166571736335755
90, 18, 1, 73.12688405299991, 21680, 0.3968226760625839, 0.854789000749588
91, 19, 1, 34.84518871399996, 21680, 0.5629572451114655, 0.7740492224693298
91, 16, 1, 35.235940245000165, 21680, 0.5172838926315307, 0.7841664552688599
91, 8, 1, 35.94888122899988, 21680, 0.5324820458889008, 0.7824144661426544
91, 9, 1, 37.98313018299996, 21680, 0.5582536518573761, 0.770083200931549
91, 7, 1, 39.31770476600013, 21680, 0.5419993758201599, 0.781783002614975
91, 6, 1, 40.12198116700006, 21680, 0.4940052181482315, 0.7946389198303223
91, 0, 1, 42.062426865999896, 21680, 0.47296068966388705, 0.8152440369129181
91, 17, 1, 42.4510148249999, 21680, 0.554297822713852, 0.7757134914398194
92, 23, 1, 49.88376023000001, 21680, 0.44281854331493375, 0.8325629830360413
92, 4, 1, 52.817008131999955, 21680, 0.49892258942127227, 0.800867885351181
92, 13, 1, 57.19682320499987, 21680, 0.48161043524742125, 0.8254907250404357
92, 10, 1, 59.82466858399994, 21680, 0.44836498200893404, 0.8175890207290649
92, 18, 1, 74.5295942329999, 21680, 0.39635216593742373, 0.8554665625095368
93, 19, 1, 34.677944927, 21680, 0.5617143034934997, 0.7739154994487762
93, 16, 1, 35.077149900999984, 21680, 0.5158487379550933, 0.7845018088817597
93, 8, 1, 36.90025542400008, 21680, 0.5304840505123138, 0.7827623188495636
93, 9, 1, 38.36660171599999, 21680, 0.5547418177127839, 0.7713792979717254
93, 6, 1, 40.16708029999995, 21680, 0.49333239793777467, 0.7941860437393189
93, 7, 1, 39.96350342100004, 21680, 0.539415591955185, 0.7823820054531098
93, 0, 1, 41.16422004900005, 21680, 0.47119717597961425, 0.8153483510017395
93, 17, 1, 42.340091279000035, 21680, 0.5547851085662842, 0.7754686951637269
94, 4, 1, 55.25173403300005, 21680, 0.49536603391170503, 0.8019772469997406
94, 13, 1, 61.144840050999846, 21680, 0.4803981244564056, 0.8259753525257111
94, 10, 1, 62.948927309000055, 21680, 0.4475360721349716, 0.8181582510471344
94, 18, 1, 77.70170379599995, 21680, 0.39641526341438293, 0.8552841365337371
95, 19, 1, 35.168758673999946, 21680, 0.5617566585540772, 0.7745161056518555
95, 8, 1, 36.38391768999986, 21680, 0.5319420337677002, 0.7827929437160492
95, 14, 1, 37.578499472999965, 21680, 0.5056508123874665, 0.8046010792255401
95, 9, 1, 37.82878311600007, 21680, 0.5551199674606323, 0.771738862991333
95, 7, 1, 38.90520644100002, 21680, 0.5369190990924835, 0.783614993095398
95, 6, 1, 39.45956930500006, 21680, 0.49142897725105283, 0.795589554309845
95, 0, 1, 40.88474042200005, 21680, 0.4696094304323196, 0.8168930113315582
95, 17, 1, 40.96465155999999, 21680, 0.5538061499595642, 0.7752398192882538
96, 23, 1, 50.76938084700009, 21680, 0.444716203212738, 0.8320091128349304
96, 4, 1, 52.25249498500011, 21680, 0.4920795351266861, 0.8032969892024994
96, 13, 1, 57.15257438100002, 21680, 0.4787986636161804, 0.8260594487190247
96, 10, 1, 61.00570263399959, 21680, 0.4458745628595352, 0.8182425737380982
96, 18, 1, 75.73193850999996, 21680, 0.3957171022891998, 0.855384910106659
97, 16, 1, 39.34262877800006, 21680, 0.5171458184719085, 0.7847448825836182
97, 19, 1, 39.21194414800016, 21680, 0.5616086304187775, 0.7742713391780853
97, 8, 1, 40.84524325800021, 21680, 0.5317370235919953, 0.7818653225898743
97, 7, 1, 44.71151427699988, 21680, 0.5344640731811523, 0.7849509119987488
97, 6, 1, 44.99013902499996, 21680, 0.49027405083179476, 0.7959995985031127
97, 0, 1, 46.398521872000174, 21680, 0.46895484924316405, 0.8169772684574127
97, 17, 1, 46.84559786799991, 21680, 0.5522313416004181, 0.7771524131298065
98, 23, 1, 50.90203980699994, 21680, 0.44281323850154874, 0.8327541410923004
98, 4, 1, 52.04078929500008, 21680, 0.4925485491752625, 0.8028331637382508
98, 13, 1, 56.77710462499999, 21680, 0.4788298517465591, 0.8270862400531769
98, 10, 1, 60.30917248300011, 21680, 0.44572174847126006, 0.818615734577179
98, 18, 1, 74.9743636610001, 21680, 0.3944512099027634, 0.8566080033779144
99, 19, 1, 39.47980477499982, 21680, 0.5602609515190125, 0.7747427582740783
99, 8, 1, 41.419075409000015, 21680, 0.5306552290916443, 0.7827185451984405
99, 7, 1, 44.61734919100013, 21680, 0.5338796079158783, 0.7848129868507385
99, 9, 1, 44.50963729399996, 21680, 0.5586097955703735, 0.7698135256767273
99, 6, 1, 44.686184036999975, 21680, 0.48758420944213865, 0.7968992173671723
99, 0, 1, 45.68836717800002, 21680, 0.4669799774885178, 0.8177175104618073
99, 17, 1, 46.964938974000006, 21680, 0.5513278067111969, 0.7759304225444794
100, 4, 1, 57.41902882699992, 21680, 0.48955814242362977, 0.8045880615711212
100, 13, 1, 59.68457669899999, 21680, 0.4770085960626602, 0.8276947915554047
100, 10, 1, 65.3175113069999, 21680, 0.44559186398983003, 0.8186452388763428
100, 18, 1, 80.20197402899998, 21680, 0.3934396356344223, 0.8565819501876831
101, 19, 1, 39.83788798599994, 21680, 0.560425341129303, 0.7753569722175598
101, 8, 1, 41.47654282600001, 21680, 0.5308225333690644, 0.7826944887638092
101, 9, 1, 44.27634194699999, 21680, 0.5574866712093354, 0.7702169954776764
101, 7, 1, 45.00124077999999, 21680, 0.5346033155918122, 0.7852473139762879
101, 6, 1, 45.19937482199998, 21680, 0.48773189783096316, 0.7969257473945618
101, 0, 1, 47.41895654300015, 21680, 0.46779192686080934, 0.8174827992916107
101, 17, 1, 47.783835700000054, 21680, 0.5515784442424774, 0.7769931793212891
102, 4, 1, 55.351242612999954, 21680, 0.4886612117290497, 0.8050662100315094
102, 13, 1, 62.14984259000016, 21680, 0.4754111737012863, 0.8281727850437164
102, 10, 1, 64.94113387300013, 21680, 0.44386309683322905, 0.8192966938018799
102, 18, 1, 79.816249685, 21680, 0.39148719906806945, 0.8572872996330261
103, 19, 1, 39.80264318599984, 21680, 0.5614232659339905, 0.7754090905189515
103, 8, 1, 41.51503271199999, 21680, 0.5311585783958435, 0.7829592227935791
103, 9, 1, 43.93639354099969, 21680, 0.5564400374889373, 0.7710322797298431
103, 6, 1, 45.30548461799981, 21680, 0.48686752915382386, 0.7972399055957794
103, 7, 1, 45.74916460800023, 21680, 0.5322722017765045, 0.7861653745174408
103, 0, 1, 46.341043442, 21680, 0.4681249588727951, 0.8171337485313416
103, 17, 1, 47.57863463799981, 21680, 0.5503220617771148, 0.7768220424652099
104, 4, 1, 57.714521166000395, 21680, 0.4853223621845245, 0.8062855660915375
104, 13, 1, 61.931169357000044, 21680, 0.4749372214078903, 0.8282126128673554
104, 10, 1, 64.56168567000009, 21680, 0.4431597590446472, 0.8197352051734924
104, 18, 1, 79.79875531700009, 21680, 0.3903003424406052, 0.8579144835472107
105, 19, 1, 40.97368597800005, 21680, 0.5612232148647308, 0.774681568145752
105, 8, 1, 42.246869698999944, 21680, 0.5302661120891571, 0.7829942286014557
105, 9, 1, 44.98716765099971, 21680, 0.55539790391922, 0.7712538719177247
105, 7, 1, 45.73787737099997, 21680, 0.5332309782505036, 0.7856178402900695
105, 6, 1, 46.47552968600007, 21680, 0.48585802018642427, 0.797521424293518
105, 0, 1, 47.628871061000154, 21680, 0.4677343100309372, 0.817254114151001
105, 17, 1, 48.45119278500033, 21680, 0.5524536013603211, 0.7756199538707733
106, 4, 1, 55.95046695199994, 21680, 0.48521911799907685, 0.8071056246757508
106, 13, 1, 61.12841989899994, 21680, 0.4731878399848938, 0.8290911555290222
106, 10, 1, 64.36613226999998, 21680, 0.4421919763088226, 0.8198047757148743
106, 18, 1, 79.06547999299983, 21680, 0.39149780869483947, 0.8563578128814697
107, 8, 1, 42.84335522699985, 21680, 0.5305637836456298, 0.7829876601696014
107, 9, 1, 46.07909444899997, 21680, 0.5559190511703491, 0.7708065032958984
107, 14, 1, 45.87747642299996, 21680, 0.5119276404380798, 0.801345843076706
107, 7, 1, 47.24275434099991, 21680, 0.5322667598724365, 0.7861735999584198
107, 6, 1, 47.28036463100011, 21680, 0.4860089272260666, 0.7977213382720947
107, 0, 1, 48.1224307089999, 21680, 0.46712322235107423, 0.8176392793655396
107, 17, 1, 49.55253963799987, 21680, 0.5534160196781158, 0.7760438621044159
108, 4, 1, 56.33825226900012, 21680, 0.4823775887489319, 0.8079806745052338
108, 13, 1, 60.21883474800006, 21680, 0.4715169817209244, 0.8296886444091797
108, 10, 1, 63.940259578999985, 21680, 0.44205182790756226, 0.8201652884483337
108, 18, 1, 79.611349926, 21680, 0.3895534068346024, 0.8580048322677613
109, 8, 1, 50.25159988099995, 21680, 0.5299937784671783, 0.783381462097168
109, 9, 1, 53.30676195400008, 21680, 0.5558587789535523, 0.7712266862392425
109, 7, 1, 54.303854108999985, 21680, 0.531274002790451, 0.7862106561660767
109, 6, 1, 54.81090551800003, 21680, 0.486801290512085, 0.7969869554042817
109, 0, 1, 56.03573561999997, 21680, 0.4675051301717758, 0.8178057730197906
109, 17, 1, 56.42996398100013, 21680, 0.5513855636119842, 0.776756364107132
110, 4, 1, 55.633649732000094, 21680, 0.4799841076135635, 0.808681207895279
110, 13, 1, 60.615404663999925, 21680, 0.4726145416498184, 0.8295049726963043
110, 10, 1, 64.21710166399998, 21680, 0.44117269217967986, 0.8200493335723877
110, 18, 1, 78.04927221699995, 21680, 0.38943326473236084, 0.8574141323566437
111, 19, 1, 40.432425229000046, 21680, 0.564371383190155, 0.7729477345943451
111, 8, 1, 42.45658355499995, 21680, 0.5291950881481171, 0.7836855709552765
111, 9, 1, 44.86690597899997, 21680, 0.554643052816391, 0.7710657298564911
111, 6, 1, 46.25979564499994, 21680, 0.48404425084590913, 0.7989310503005982
111, 7, 1, 46.10266257099988, 21680, 0.5307240128517151, 0.786404138803482
111, 0, 1, 47.64391666200004, 21680, 0.4667811244726181, 0.8177616417407989
111, 17, 1, 48.445724317999975, 21680, 0.5524347603321076, 0.7756498038768769
112, 4, 1, 56.55384624599992, 21680, 0.47815591990947726, 0.8093530416488648
112, 13, 1, 61.18548300700013, 21680, 0.47105400264263153, 0.8304056346416473
112, 10, 1, 63.21099279400005, 21680, 0.4410460501909256, 0.8200893938541413
112, 18, 1, 80.91447517999995, 21680, 0.39103188216686247, 0.8563335001468658
113, 19, 1, 40.730033722999906, 21680, 0.561707752943039, 0.775291246175766
113, 8, 1, 42.51933033899991, 21680, 0.5279026567935944, 0.7838496565818787
113, 9, 1, 44.092354490999924, 21680, 0.5533716797828674, 0.7717409491539001
113, 6, 1, 45.547801331, 21680, 0.4846636921167374, 0.798072212934494
113, 7, 1, 45.49626514400006, 21680, 0.5294207155704498, 0.7871472418308259
113, 0, 1, 46.8943225930002, 21680, 0.4662321001291275, 0.8178840160369873
113, 17, 1, 47.642950216000145, 21680, 0.5509803175926209, 0.7768319845199585
114, 4, 1, 57.199448088000054, 21680, 0.47855389714241026, 0.8084660232067108
114, 13, 1, 62.029092223000134, 21680, 0.4725397527217865, 0.830016165971756
114, 10, 1, 65.36232097900029, 21680, 0.43962844610214236, 0.8204098343849182
114, 18, 1, 80.687666145, 21680, 0.39071357250213623, 0.8568199515342713
115, 19, 1, 41.447525599999835, 21680, 0.5599133312702179, 0.775184714794159
115, 8, 1, 43.14954681200015, 21680, 0.5275264322757721, 0.7835455536842346
115, 9, 1, 45.840115590000096, 21680, 0.5525746524333954, 0.7722196698188781
115, 7, 1, 46.77529118999996, 21680, 0.5289641737937927, 0.7879335522651673
115, 6, 1, 47.048854971999845, 21680, 0.4867491364479065, 0.7971766591072083
115, 17, 1, 48.89827676899995, 21680, 0.5514321863651276, 0.7771046400070191
115, 0, 1, 49.13124925299985, 21680, 0.4660766512155533, 0.8181648552417755
116, 4, 1, 56.297452484999894, 21680, 0.4760213404893875, 0.8100846290588379
116, 13, 1, 60.96164575199987, 21680, 0.46961416900157926, 0.8312199831008911
116, 10, 1, 62.35141729399993, 21680, 0.43901143670082093, 0.8211730241775512
116, 18, 1, 80.10777965200009, 21680, 0.38919428884983065, 0.8577581226825715
117, 19, 1, 48.633101893, 21680, 0.5605095624923706, 0.7753909647464752
117, 8, 1, 50.440012843999966, 21680, 0.5283546686172486, 0.7833223938941956
117, 6, 1, 54.284876566000094, 21680, 0.4858591049909592, 0.7981660544872284
117, 7, 1, 54.4700991709999, 21680, 0.5278516173362732, 0.7879026830196381
117, 17, 1, 56.527892028, 21680, 0.5495046973228455, 0.777230030298233
117, 0, 1, 56.388558770000145, 21680, 0.4651892393827438, 0.8186503291130066
118, 4, 1, 56.688027742, 21680, 0.47550816237926485, 0.8110218584537506
118, 13, 1, 60.95561396699986, 21680, 0.46900386214256284, 0.8304653763771057
118, 10, 1, 64.58375395799999, 21680, 0.43910959661006926, 0.8212109744548798
118, 18, 1, 79.427275281, 21680, 0.38934620320796964, 0.8579179644584656
119, 8, 1, 50.68217628599996, 21680, 0.525890564918518, 0.7849916875362396
119, 9, 1, 54.11775769499991, 21680, 0.5569087028503418, 0.770576560497284
119, 6, 1, 55.137159801999985, 21680, 0.4839335858821869, 0.7981517791748047
119, 7, 1, 54.46874641700015, 21680, 0.5264240980148316, 0.7886128425598145
119, 0, 1, 56.03170520200001, 21680, 0.46279037296772, 0.81915785074234
119, 17, 1, 57.52251683000031, 21680, 0.5508302688598633, 0.776941442489624
120, 4, 1, 56.429720265000014, 21680, 0.47296859323978424, 0.8114474236965179
120, 13, 1, 61.341168256999936, 21680, 0.4695612549781799, 0.8307132363319397
120, 10, 1, 63.71016960399993, 21680, 0.43886982798576357, 0.8218539834022522
120, 18, 1, 78.72503751299996, 21680, 0.3873921126127243, 0.8583957374095916
121, 8, 1, 50.40690557200014, 21680, 0.5250242710113525, 0.7850288808345794
121, 9, 1, 53.1406056899998, 21680, 0.5542146444320679, 0.7708524942398072
121, 7, 1, 53.729705145000025, 21680, 0.5257837414741516, 0.7884090483188629
121, 6, 1, 53.565571675, 21680, 0.4834257572889328, 0.7990024507045745
121, 0, 1, 56.025218349999705, 21680, 0.46431025862693787, 0.818672388792038
121, 17, 1, 56.81281251999985, 21680, 0.5502833843231201, 0.7773175954818725
122, 4, 1, 58.00334887500003, 21680, 0.4716708332300186, 0.8116028189659119
122, 13, 1, 61.91690450300007, 21680, 0.467522794008255, 0.8312553942203522
122, 10, 1, 64.16664082, 21680, 0.4378486633300781, 0.8218202471733094
122, 18, 1, 79.08999117400003, 21680, 0.3873405486345291, 0.8582758605480194
123, 8, 1, 51.241093185999944, 21680, 0.5254237651824951, 0.7847575902938843
123, 9, 1, 52.88220625600002, 21680, 0.5534488141536713, 0.7714127421379089
123, 7, 1, 54.50816255199993, 21680, 0.5257481753826141, 0.7889689326286315
123, 0, 1, 55.56164977100002, 21680, 0.463004407286644, 0.8193464159965516
123, 6, 1, 54.94330591100015, 21680, 0.4820334494113922, 0.7994430899620056
123, 17, 1, 56.41570703599996, 21680, 0.5469157993793488, 0.7783405661582947
124, 4, 1, 57.391725963, 21680, 0.4708338499069214, 0.8121957659721375
124, 13, 1, 62.679963859999816, 21680, 0.4674245774745941, 0.8314833283424378
124, 10, 1, 64.80559770800005, 21680, 0.437411168217659, 0.8220774531364441
124, 18, 1, 79.3397966460002, 21680, 0.3869423419237137, 0.8583453476428986
125, 8, 1, 50.64850157600017, 21680, 0.5252344846725464, 0.7843047082424164
125, 9, 1, 52.29808426599993, 21680, 0.5540938079357147, 0.7712810456752777
125, 7, 1, 53.4816351720001, 21680, 0.524886429309845, 0.7895617604255676
125, 6, 1, 54.90771662199995, 21680, 0.4819838583469391, 0.7998714685440064
125, 0, 1, 55.257391649000056, 21680, 0.46260198950767517, 0.8193002879619599
125, 17, 1, 56.45400717999996, 21680, 0.5465957880020141, 0.7782888114452362
126, 4, 1, 56.954056605000005, 21680, 0.4694471538066864, 0.8128484547138214
126, 13, 1, 61.13194278999981, 21680, 0.46638065576553345, 0.831419152021408
126, 10, 1, 64.76889860300025, 21680, 0.43738101720809935, 0.8218708515167237
126, 18, 1, 78.01949716299998, 21680, 0.3865460216999054, 0.8588752388954163
127, 19, 1, 48.821282612999994, 21680, 0.5631824314594269, 0.7744911909103394
127, 8, 1, 50.13441313199996, 21680, 0.5252863824367523, 0.7845366179943085
127, 7, 1, 54.60640947000002, 21680, 0.52395458817482, 0.7897099673748016
127, 6, 1, 56.21480853100002, 21680, 0.4825113981962204, 0.7994247317314148
127, 0, 1, 56.75752856200006, 21680, 0.4608868032693863, 0.821119773387909
127, 17, 1, 58.09789297900011, 21680, 0.546909612417221, 0.7783306121826172
128, 4, 1, 57.77037585300013, 21680, 0.47065364718437197, 0.8119829773902894
128, 13, 1, 62.74337492000018, 21680, 0.46719838976860045, 0.8315563559532165
128, 10, 1, 65.02476822900007, 21680, 0.43692010939121245, 0.8228427469730377
128, 18, 1, 79.85989652900025, 21680, 0.3860739082098007, 0.8591462731361389
129, 8, 1, 56.808568095000055, 21680, 0.5244669616222382, 0.7846350848674775
129, 7, 1, 60.793268528, 21680, 0.5238326728343964, 0.7898725748062134
129, 6, 1, 61.20657275899998, 21680, 0.4798890233039856, 0.8004018783569335
129, 0, 1, 62.35889337799995, 21680, 0.4613662093877792, 0.8203975915908813
129, 17, 1, 63.56173126600015, 21680, 0.544696718454361, 0.7794670403003693
130, 4, 1, 55.887793744999954, 21680, 0.47166166007518767, 0.8125017881393433
130, 13, 1, 61.600291622999976, 21680, 0.4664737731218338, 0.8319568872451782
130, 10, 1, 64.73369293799988, 21680, 0.43528207540512087, 0.8231568753719329
130, 15, 1, 72.61588682399997, 21680, 0.589387708902359, 0.7704660475254059
131, 8, 1, 51.15414084300028, 21680, 0.5248710155487061, 0.7853548586368561
131, 9, 1, 54.73726437999994, 21680, 0.553850132226944, 0.7718684554100037
131, 6, 1, 55.0947479030001, 21680, 0.4753476530313492, 0.8030640542507171
131, 0, 1, 56.57833755599995, 21680, 0.4601212114095688, 0.8207105398178101
131, 17, 1, 57.733797630000026, 21680, 0.5457513570785523, 0.780012333393097
131, 18, 1, 67.66439443599984, 21680, 0.38852693438529967, 0.8580326318740845
132, 4, 1, 56.361109640999985, 21680, 0.4637414127588272, 0.8150647938251495
132, 19, 1, 58.797160609, 21680, 0.5538441121578217, 0.7785458505153656
132, 13, 1, 60.8804969360001, 21680, 0.4654969096183777, 0.8320785999298096
132, 18, 1, 79.32165748800003, 21680, 0.3817006677389145, 0.8599628210067749
133, 9, 1, 60.06612502500002, 21680, 0.5527515530586242, 0.7723116457462311
133, 7, 1, 60.31167436700025, 21680, 0.5203477680683136, 0.7920730352401734
133, 0, 1, 62.01509826200004, 21680, 0.45744921267032623, 0.8220907151699066
133, 6, 1, 61.223436069999934, 21680, 0.4723211020231247, 0.8048041701316834
133, 17, 1, 62.635542145000045, 21680, 0.5401943385601043, 0.7814592242240905
134, 23, 1, 55.7868323350001, 21680, 0.44590856432914733, 0.8326193511486053
134, 4, 1, 56.53526213700002, 21680, 0.4667361408472061, 0.8142184317111969
134, 13, 1, 62.26081120700019, 21680, 0.46513311862945556, 0.8322644770145416
134, 10, 1, 64.64776924599983, 21680, 0.4394423246383667, 0.8214007139205932
135, 3, 1, 49.95235846000014, 21680, 0.6326754093170166, 0.7467805325984955
135, 8, 1, 50.83743502000016, 21680, 0.5273469388484955, 0.7833661556243896
135, 7, 1, 53.96157137199998, 21680, 0.5240047395229339, 0.7902060449123383
135, 9, 1, 53.519143518999954, 21680, 0.5541776955127716, 0.7719228208065033
135, 6, 1, 54.48115247299984, 21680, 0.476759597659111, 0.802896773815155
135, 17, 1, 57.08162987100013, 21680, 0.5444958209991455, 0.7797058463096619
136, 4, 1, 60.89289633999988, 21680, 0.4604694336652756, 0.8166810035705566
136, 13, 1, 64.16241282899978, 21680, 0.4617377072572708, 0.8330655634403229
136, 10, 1, 69.21822767200001, 21680, 0.4358405351638794, 0.8224253118038177
137, 3, 1, 50.307235838, 21680, 0.629683542251587, 0.7479510366916656
137, 8, 1, 50.82111199400015, 21680, 0.5270290493965148, 0.7840946793556214
137, 9, 1, 54.30206334700006, 21680, 0.5525001764297486, 0.7718141198158264
137, 6, 1, 54.8338216760003, 21680, 0.4789984434843063, 0.8015218198299408
137, 17, 1, 56.72927992400014, 21680, 0.5453772664070129, 0.7786649763584137
137, 18, 1, 67.37115829599998, 21680, 0.3943188667297363, 0.8556159734725952
138, 12, 1, 56.30951310599994, 21680, 0.45656352043151854, 0.8261724948883057
138, 4, 1, 57.13045956100018, 21680, 0.45509167909622195, 0.8189045071601868
138, 13, 1, 61.86779976799994, 21680, 0.46107484102249147, 0.8337560057640075
138, 18, 1, 78.39634753799987, 21680, 0.3860257863998413, 0.8582167863845825
139, 9, 1, 58.61973555700001, 21680, 0.5512974917888641, 0.7727401912212372
139, 7, 1, 60.28326037000011, 21680, 0.5232787728309631, 0.7903521955013275
139, 6, 1, 60.08677271500005, 21680, 0.47405546307563784, 0.8032007396221161
139, 17, 1, 61.58614120600009, 21680, 0.5415157079696655, 0.7798551201820374
139, 1, 1, 62.51392303700004, 21680, 0.5441875517368316, 0.7841852009296417
140, 4, 1, 57.933248450000065, 21680, 0.45840279161930086, 0.8172906696796417
140, 13, 1, 62.877340657999866, 21680, 0.4623230278491974, 0.8335833966732025
140, 10, 1, 65.73648627800003, 21680, 0.43821161687374116, 0.8216536998748779
140, 18, 1, 81.85681168000019, 21680, 0.3871317356824875, 0.8581976771354676
141, 19, 1, 55.484955360000185, 21680, 0.5623123943805695, 0.7742192089557648
141, 8, 1, 56.797288821000166, 21680, 0.5243797838687897, 0.7850879549980163
141, 6, 1, 61.88487405199976, 21680, 0.47155153155326845, 0.8043655633926392
141, 0, 1, 63.15751314299996, 21680, 0.46465242803096773, 0.8185259401798248
141, 17, 1, 63.84677820000002, 21680, 0.5404135227203369, 0.7803466975688934
142, 4, 1, 56.863195904999884, 21680, 0.4593118280172348, 0.8165901601314545
142, 13, 1, 60.17116726600011, 21680, 0.46285983324050906, 0.8332780241966248
142, 10, 1, 63.416989629, 21680, 0.43677656054496766, 0.8230345964431762
142, 18, 1, 78.88922507699999, 21680, 0.386787423491478, 0.8586198627948761
143, 8, 1, 57.3469840380003, 21680, 0.5225952565670013, 0.7859718143939972
143, 9, 1, 59.332237322999845, 21680, 0.5523373544216156, 0.7716385066509247
143, 6, 1, 62.44199021899976, 21680, 0.4720179200172424, 0.8049000382423401
143, 0, 1, 63.41977756699998, 21680, 0.46009546220302583, 0.8206985235214234
143, 17, 1, 64.31069510999987, 21680, 0.5388849675655365, 0.7811686396598816
144, 4, 1, 60.139812235000136, 21680, 0.4589548259973526, 0.816339111328125
144, 13, 1, 64.74346853599991, 21680, 0.4603856861591339, 0.833926397562027
144, 18, 1, 83.60421006599972, 21680, 0.3864319294691086, 0.8585659861564636
145, 9, 1, 59.72700854300001, 21680, 0.5511640191078186, 0.7725959479808807
145, 7, 1, 61.14001570400001, 21680, 0.5213145315647125, 0.7902060389518738
145, 6, 1, 62.00434133999988, 21680, 0.4705240041017532, 0.8054324746131897
145, 17, 1, 62.7931752479999, 21680, 0.5382067799568176, 0.7818254113197327
145, 0, 1, 63.10385804099997, 21680, 0.4594937711954117, 0.82185600399971
146, 4, 1, 60.16758541100012, 21680, 0.4588015556335449, 0.8168292462825775
146, 13, 1, 66.34021919599991, 21680, 0.4607234954833984, 0.8343048095703125
146, 10, 1, 68.95197739600007, 21680, 0.4389157384634018, 0.8210001409053802
147, 8, 1, 56.22141332000001, 21680, 0.5278978228569031, 0.7826944887638092
147, 9, 1, 58.80014672900006, 21680, 0.552143108844757, 0.7722698330879212
147, 6, 1, 62.114748656999836, 21680, 0.4733745396137238, 0.8048102796077728
147, 17, 1, 62.94462799400003, 21680, 0.5401212513446808, 0.7805656135082245
147, 18, 1, 72.51193423900008, 21680, 0.39153918623924255, 0.8562952816486359
148, 12, 1, 55.55337438499964, 21680, 0.45534160137176516, 0.8277879655361176
148, 13, 1, 60.41024780400039, 21680, 0.46022475957870485, 0.8338821351528167
148, 14, 1, 65.30019431100027, 21680, 0.508159750699997, 0.8026727497577667
148, 17, 1, 68.28009539599998, 21680, 0.5281312704086304, 0.7862018883228302
149, 3, 1, 61.161804564999784, 21680, 0.628803426027298, 0.7483122289180756
149, 17, 1, 67.82903366300025, 21680, 0.5234331250190735, 0.7879413306713104
149, 20, 1, 73.86582276199988, 21680, 0.5276652932167053, 0.7920953869819641
149, 18, 1, 79.62645541799975, 21680, 0.3877385169267654, 0.8585920453071594
150, 4, 1, 56.38308247300006, 21680, 0.46276370286941526, 0.8152273714542388
150, 13, 1, 62.21111627599976, 21680, 0.4601620227098465, 0.8338976263999939
150, 15, 1, 71.91073841800016, 21680, 0.5904476583003998, 0.7698469460010529
150, 18, 1, 79.78500550499984, 21680, 0.38115094006061556, 0.8616480588912964
151, 8, 1, 57.215743387999964, 21680, 0.5228383779525757, 0.7852301597595215
151, 9, 1, 60.81397250600003, 21680, 0.5510306239128113, 0.7729450583457946
151, 6, 1, 61.390035537999665, 21680, 0.468739378452301, 0.8055467128753662
151, 0, 1, 62.094367143, 21680, 0.46210837960243223, 0.8202250838279724
151, 17, 1, 63.517158182, 21680, 0.5327180564403534, 0.784482342004776
152, 4, 1, 59.458544689000064, 21680, 0.46099619269371034, 0.8157127141952515
152, 13, 1, 65.66075833900004, 21680, 0.46149003207683564, 0.8327535390853882
152, 18, 1, 83.3341688569999, 21680, 0.38298789858818055, 0.8600618422031403
153, 9, 1, 59.55504255100004, 21680, 0.5498835682868958, 0.7732105553150177
153, 6, 1, 61.03169622099995, 21680, 0.46752207577228544, 0.806550395488739
153, 7, 1, 60.87070569499974, 21680, 0.5206289231777191, 0.7906197905540466
153, 0, 1, 62.79280825000001, 21680, 0.4596053212881088, 0.8201368093490601
153, 17, 1, 63.14423465799996, 21680, 0.5343744397163391, 0.7840126574039459
154, 4, 1, 60.458414501000334, 21680, 0.4572903513908386, 0.8182613611221313
154, 13, 1, 65.55445482299979, 21680, 0.45873759090900423, 0.8345947086811065
154, 10, 1, 67.82445399800008, 21680, 0.4427300810813904, 0.8198469400405883
155, 8, 1, 56.927523374999964, 21680, 0.5276397585868835, 0.7834427237510682
155, 9, 1, 59.4488373600002, 21680, 0.5517878472805023, 0.7719144582748413
155, 6, 1, 61.75232786699985, 21680, 0.46960723400115967, 0.8058751583099365
155, 17, 1, 62.93628795500035, 21680, 0.5355149745941162, 0.7837001919746399
155, 18, 1, 74.4971742140001, 21680, 0.388290798664093, 0.8584339499473572
156, 3, 1, 63.67065966399991, 21680, 0.6269622564315795, 0.7494760572910308
156, 13, 1, 65.08613274599975, 21680, 0.4584358870983124, 0.8347518146038055
156, 17, 1, 73.05170547700027, 21680, 0.5250350594520569, 0.7868148744106293
157, 4, 1, 57.078360443000065, 21680, 0.4614096939563751, 0.816707307100296
157, 13, 1, 61.39397914799997, 21680, 0.4514764487743378, 0.8366792857646942
157, 20, 1, 77.83464064100008, 21680, 0.5245948791503906, 0.792621272802353
157, 18, 1, 79.66156575200012, 21680, 0.39092672169208526, 0.8577008068561554
158, 9, 1, 64.33902325200006, 21680, 0.5492641627788544, 0.7729283392429351
158, 6, 1, 66.78667651699993, 21680, 0.4664487987756729, 0.8069563508033752
158, 7, 1, 66.53696822300026, 21680, 0.5203732967376709, 0.7906918346881866
158, 17, 1, 68.567496097, 21680, 0.5253621220588685, 0.7877860903739929
159, 4, 1, 60.7930297300004, 21680, 0.4591565430164337, 0.8177521169185639
159, 13, 1, 65.7156621629997, 21680, 0.45830300748348235, 0.8345371723175049
159, 10, 1, 67.91373605700028, 21680, 0.44137061536312105, 0.8201716005802154
160, 8, 1, 56.51183471799993, 21680, 0.5277426481246948, 0.7827885687351227
160, 9, 1, 59.73154025399981, 21680, 0.5486403465270996, 0.7736788213253021
160, 6, 1, 61.67350019100013, 21680, 0.46807498037815093, 0.8069502234458923
160, 17, 1, 63.28545007299999, 21680, 0.5321666717529296, 0.784647524356842
160, 18, 1, 73.81880485300007, 21680, 0.38728011548519137, 0.8583748817443848
161, 12, 1, 59.869963608000035, 21680, 0.4548462063074112, 0.8276828706264496
161, 13, 1, 66.15706320899972, 21680, 0.4555997908115387, 0.8361636698246002
161, 17, 1, 72.46401598300008, 21680, 0.5200639128684997, 0.7899056673049927
162, 19, 1, 60.02789779400018, 21680, 0.5609481275081635, 0.7758805155754089
162, 3, 1, 59.32114437900009, 21680, 0.6262666344642639, 0.7488227903842926
162, 1, 1, 67.62959726700001, 21680, 0.5377824962139129, 0.7854945838451386
162, 17, 1, 67.84239750500001, 21680, 0.5161821663379669, 0.792027223110199
163, 4, 1, 58.5266588479999, 21680, 0.46633961200714114, 0.8143092870712281
163, 13, 1, 65.5327713759998, 21680, 0.4554596543312073, 0.8354887306690216
163, 10, 1, 69.06817081200006, 21680, 0.4416276663541794, 0.8207808911800385
164, 9, 1, 63.917305140999815, 21680, 0.5519408822059632, 0.7721506774425506
164, 6, 1, 66.90106283099999, 21680, 0.47255434691905973, 0.8040248870849609
164, 17, 1, 69.13886698800025, 21680, 0.5290386021137238, 0.7863969326019287
164, 18, 1, 78.699914003, 21680, 0.3882992476224899, 0.8581733524799346
165, 3, 1, 63.18004102700024, 21680, 0.625091165304184, 0.7489052951335907
165, 16, 1, 63.670942827999625, 21680, 0.5155916959047318, 0.7842902541160583
165, 14, 1, 66.42340122799988, 21680, 0.5057920396327973, 0.8037199795246124
166, 4, 1, 60.38246458000003, 21680, 0.4658957928419113, 0.814553153514862
166, 13, 1, 64.45473619799986, 21680, 0.46034926176071167, 0.8331120491027832
166, 18, 1, 81.66275630600012, 21680, 0.39222980439662936, 0.857829350233078
167, 9, 1, 64.3650665629998, 21680, 0.5479017198085785, 0.7741784512996673
167, 6, 1, 66.9375343910001, 21680, 0.4697824358940125, 0.8055222392082214
167, 2, 1, 68.33066641100004, 21680, 0.4631301611661911, 0.8167519330978393
167, 17, 1, 69.45025799600012, 21680, 0.5286186575889588, 0.7860446631908417
168, 4, 1, 59.22946668199984, 21680, 0.4578550845384598, 0.8184717655181885
168, 13, 1, 64.65964456899974, 21680, 0.45740548968315126, 0.8351280212402343
168, 10, 1, 68.22337963200016, 21680, 0.4387919008731842, 0.8216473817825317
169, 8, 1, 62.38840491300016, 21680, 0.5278968811035156, 0.7828520238399506
169, 9, 1, 63.54118815499987, 21680, 0.5472046911716462, 0.7735429406166077
169, 6, 1, 65.2372070399997, 21680, 0.466197007894516, 0.8070257008075714
169, 17, 1, 68.21529364600019, 21680, 0.5268409788608551, 0.7868427276611328
170, 4, 1, 58.68044540699998, 21680, 0.45333887338638307, 0.8198321640491486
170, 13, 1, 64.83645240400028, 21680, 0.45488170683383944, 0.8360109627246857
170, 18, 1, 84.16668235999987, 21680, 0.38978628516197206, 0.8574054598808288
171, 19, 1, 60.11738033900019, 21680, 0.5587809264659882, 0.7755904078483582
171, 7, 1, 65.46096395299992, 21680, 0.5213862359523773, 0.7910211861133576
171, 6, 1, 66.78029605500024, 21680, 0.4631432831287384, 0.8078641355037689
171, 17, 1, 68.47335724799996, 21680, 0.5258892476558685, 0.7870238363742829
172, 4, 1, 60.25072325999986, 21680, 0.4544039398431778, 0.8202481627464294
172, 13, 1, 64.60755443900007, 21680, 0.4536605507135391, 0.8368872940540314
172, 18, 1, 83.88826621700036, 21680, 0.3821538954973221, 0.8613804936408996
173, 19, 1, 59.30987455800005, 21680, 0.5512247800827026, 0.778550386428833
173, 0, 1, 67.55369648099986, 21680, 0.4646072804927826, 0.819581139087677
173, 6, 1, 66.92923754499998, 21680, 0.4602349579334259, 0.8095757007598877
173, 17, 1, 68.07610368699989, 21680, 0.5252450048923493, 0.7872586846351624
174, 4, 1, 60.75367613900016, 21680, 0.45419166386127474, 0.8193037807941437
174, 13, 1, 63.79160586599983, 21680, 0.45346248149871826, 0.8367191135883332
174, 10, 1, 66.91311828599964, 21680, 0.4399003595113754, 0.8217654287815094
175, 9, 1, 64.74012738900001, 21680, 0.5513211250305176, 0.7719625353813171
175, 6, 1, 66.17049852399987, 21680, 0.4599673420190811, 0.8089698016643524
175, 17, 1, 68.7485929039999, 21680, 0.5245107471942901, 0.787833857536316
175, 18, 1, 79.04583033400013, 21680, 0.38634139597415923, 0.8585972666740418
176, 12, 1, 57.509050828, 21680, 0.4561545789241791, 0.8269985556602478
176, 14, 1, 66.13392359299996, 21680, 0.5059532880783081, 0.8030449688434601
176, 3, 1, 65.02604295799983, 21680, 0.6254052460193634, 0.7486199080944062
177, 4, 1, 61.52603951999981, 21680, 0.45691180527210234, 0.8169798672199249
177, 13, 1, 66.5902701770001, 21680, 0.45452680587768557, 0.835136878490448
177, 18, 1, 83.7664486340002, 21680, 0.38501163125038146, 0.8600218951702118
178, 9, 1, 65.00116409500015, 21680, 0.5478634119033814, 0.7732272744178772
178, 0, 1, 67.40185286799988, 21680, 0.4634923756122589, 0.8187867343425751
178, 6, 1, 67.00895345400022, 21680, 0.4619757145643234, 0.8082313358783721
178, 17, 1, 70.55011885300019, 21680, 0.5268840849399566, 0.7866755604743958
179, 4, 1, 59.55685267299987, 21680, 0.4532784879207611, 0.8193635404109955
179, 13, 1, 64.24179176000007, 21680, 0.4531475633382797, 0.8359578549861908
179, 10, 1, 68.13857874299993, 21680, 0.4382458686828613, 0.822454822063446
180, 9, 1, 65.02314305299979, 21680, 0.5458121955394745, 0.7746425211429596
180, 6, 1, 65.44410810099998, 21680, 0.4615353524684906, 0.808973878622055
180, 17, 1, 68.41476241999999, 21680, 0.5283866941928863, 0.7860904276371002
180, 18, 1, 78.04826402000026, 21680, 0.3843713283538818, 0.8596709311008454
181, 12, 1, 57.027122297000005, 21680, 0.4536378651857376, 0.8289586305618286
181, 16, 1, 62.65749871199978, 21680, 0.513531643152237, 0.785802698135376
181, 17, 1, 71.8722418340003, 21680, 0.5163923323154449, 0.7919197499752044
182, 4, 1, 60.8715154649999, 21680, 0.45108121931552886, 0.8200760245323181
182, 13, 1, 64.67335895799988, 21680, 0.452859091758728, 0.8362034916877746
182, 18, 1, 83.79290532499999, 21680, 0.3817340850830078, 0.8614673614501953
183, 8, 1, 61.163097306000054, 21680, 0.5259738206863404, 0.7835389971733093
183, 9, 1, 65.53923562, 21680, 0.5480552077293396, 0.773216825723648
183, 6, 1, 66.48404573599964, 21680, 0.4603368788957596, 0.8082802891731262
183, 17, 1, 69.25144531100023, 21680, 0.5214006125926971, 0.78875333070755
184, 4, 1, 61.54919924800015, 21680, 0.45055325925350187, 0.820339024066925
184, 13, 1, 66.67766111299989, 21680, 0.45286871790885924, 0.8368983626365661
185, 9, 1, 65.9792283480001, 21680, 0.5467642188072205, 0.7737289905548096
185, 6, 1, 66.89687311499983, 21680, 0.46185157597064974, 0.8088963687419891
185, 17, 1, 68.5992696039998, 21680, 0.5238009750843048, 0.787949287891388
185, 18, 1, 78.82043219300022, 21680, 0.3858053594827652, 0.8590246498584747
186, 14, 1, 68.90227746100027, 21680, 0.5034832298755646, 0.8054233014583587
186, 20, 1, 82.74597136900002, 21680, 0.5306791007518769, 0.7898413360118866
187, 4, 1, 61.673148525000215, 21680, 0.4641599476337433, 0.8140032529830933
187, 13, 1, 66.29087580100031, 21680, 0.46260870099067686, 0.8329615652561188
187, 9, 1, 68.84328680899989, 21680, 0.5460167288780212, 0.7747428596019745
188, 6, 1, 69.59919361799984, 21680, 0.46403040289878844, 0.8077764093875885
188, 0, 1, 70.23797843700004, 21680, 0.4633139133453369, 0.8190033972263336
188, 18, 1, 83.26679611500003, 21680, 0.3918658882379532, 0.8566166877746582
189, 9, 1, 67.62043783099989, 21680, 0.5418559730052948, 0.7747993230819702
189, 1, 1, 69.10048880300019, 21680, 0.5311561465263367, 0.7888151347637177
189, 17, 1, 72.40076598399992, 21680, 0.5251646101474762, 0.788747364282608
190, 4, 1, 58.968324076000044, 21680, 0.456699874997139, 0.8183952391147613
190, 13, 1, 63.32167591899997, 21680, 0.45878590941429137, 0.8350151598453521
190, 18, 1, 82.49737122299985, 21680, 0.3844278186559677, 0.8606733858585358
191, 19, 1, 60.13110510600018, 21680, 0.5525820016860962, 0.7771973133087158
191, 6, 1, 65.73740011500013, 21680, 0.45881829261779783, 0.8099673569202424
191, 0, 1, 68.23011247800014, 21680, 0.4579278200864792, 0.8211920022964477
191, 17, 1, 68.2806340940001, 21680, 0.5213039219379425, 0.788580185174942
192, 4, 1, 60.75621466099983, 21680, 0.44989089369773866, 0.8207215547561646
192, 13, 1, 63.412363326000104, 21680, 0.4553170770406723, 0.8359113931655884
192, 10, 1, 68.38709097399988, 21680, 0.4389283835887909, 0.8216937601566314
193, 6, 1, 70.66423815200005, 21680, 0.4572437345981598, 0.8109200417995452
193, 17, 1, 72.25402895299976, 21680, 0.5236089825630188, 0.7880607426166535
193, 18, 1, 81.41958178300001, 21680, 0.3824499547481537, 0.8602842330932617
194, 12, 1, 56.828211507000105, 21680, 0.45449887216091156, 0.8283060729503632
194, 2, 1, 68.81526715600012, 21680, 0.45090423822402953, 0.8229287445545197
194, 1, 1, 71.78394084899992, 21680, 0.5275864630937577, 0.7903049945831299
195, 13, 1, 63.94371355599969, 21680, 0.45489221811294556, 0.8355506896972656
195, 9, 1, 68.58820906099982, 21680, 0.5505234479904175, 0.773103940486908
195, 18, 1, 82.130027101, 21680, 0.37792173624038694, 0.8625219345092774
196, 6, 1, 70.83512184100027, 21680, 0.4559747129678726, 0.8107241868972779
196, 17, 1, 72.48963825500005, 21680, 0.5206433296203613, 0.7889563322067261
196, 0, 1, 72.00021955600005, 21680, 0.4580022841691971, 0.8214407503604889
197, 4, 1, 58.528265121000004, 21680, 0.4564416974782944, 0.8176636517047882
197, 13, 1, 65.21835848299997, 21680, 0.45342338979244234, 0.8360308945178986
197, 10, 1, 66.74499902699972, 21680, 0.43945402801036837, 0.8215103387832642
198, 8, 1, 64.31767402399964, 21680, 0.5300784289836884, 0.7824757158756256
198, 17, 1, 69.43178644699992, 21680, 0.5227859199047089, 0.7892886877059937
198, 6, 1, 69.46207619200004, 21680, 0.45521590709686277, 0.8118115127086639
199, 12, 1, 60.14689308700008, 21680, 0.45256498754024505, 0.8291003704071045
199, 13, 1, 66.09245892900026, 21680, 0.4524059176445007, 0.8370532631874085
200, 16, 1, 62.33075145800012, 21680, 0.5190369427204132, 0.7832549393177033
200, 9, 1, 67.60005237400014, 21680, 0.557965362071991, 0.7703967690467834
200, 18, 1, 81.42605184600006, 21680, 0.3888909727334976, 0.8582480669021606
201, 13, 1, 63.020027736999964, 21680, 0.447062486410141, 0.8386996746063232
201, 0, 1, 70.13634753499991, 21680, 0.45906574428081515, 0.8207406342029572
201, 2, 1, 70.62421042800042, 21680, 0.4617501229047775, 0.8167839050292969
202, 9, 1, 69.43396509400009, 21680, 0.5430880904197692, 0.7753595590591431
202, 18, 1, 85.75225736500033, 21680, 0.37992537021636963, 0.8620250523090363
203, 6, 1, 71.00774013699993, 21680, 0.46286830604076384, 0.8071746170520783
203, 0, 1, 72.74202236700012, 21680, 0.45466612577438353, 0.8226443946361541
203, 17, 1, 72.78759605699997, 21680, 0.5293321728706359, 0.7858297169208527
204, 4, 1, 59.951622816000054, 21680, 0.46229425370693206, 0.8149309039115906
204, 13, 1, 63.069518137999694, 21680, 0.45499456524848936, 0.836860740184784
204, 10, 1, 66.80023661900032, 21680, 0.4402924209833145, 0.8209116041660309
205, 6, 1, 66.72368717800009, 21680, 0.45671312510967255, 0.8106507539749146
205, 17, 1, 70.75304910199975, 21680, 0.5229370892047882, 0.7877661883831024
205, 18, 1, 79.41780947200004, 21680, 0.37848603129386904, 0.8622300505638123
206, 12, 1, 59.513821302, 21680, 0.4494818329811096, 0.831209522485733
206, 9, 1, 68.72848212200006, 21680, 0.54426309466362, 0.7760117888450623
206, 2, 1, 71.05103149999991, 21680, 0.44496200084686277, 0.8253067433834076
207, 4, 1, 59.02834881600029, 21680, 0.45232402086257933, 0.819459193944931
207, 13, 1, 63.05657013900009, 21680, 0.45152881145477297, 0.8374427437782288
207, 18, 1, 83.6326637430002, 21680, 0.374037030339241, 0.8640838086605072
208, 6, 1, 68.67106358000001, 21680, 0.45359922051429746, 0.8122011423110962
208, 9, 1, 70.28671165700007, 21680, 0.540591585636139, 0.7762333810329437
208, 17, 1, 73.2594852090001, 21680, 0.5234413981437683, 0.7887931406497956
209, 12, 1, 60.59548538800027, 21680, 0.4503258466720581, 0.8297626912593842
209, 13, 1, 66.14509799000007, 21680, 0.4508154332637787, 0.837513554096222
210, 9, 1, 68.35433795500012, 21680, 0.5473632156848908, 0.773898321390152
210, 6, 1, 69.64770252900007, 21680, 0.45957293212413786, 0.8085475325584411
210, 18, 1, 82.56214839299992, 21680, 0.3828632295131683, 0.8609478950500489
211, 0, 1, 70.559920272, 21680, 0.45976691842079165, 0.8209833621978759
211, 2, 1, 71.55219943099974, 21680, 0.45490570068359376, 0.8193817138671875
211, 17, 1, 72.23746850599991, 21680, 0.5219170093536377, 0.7885085284709931
212, 13, 1, 65.78221632300028, 21680, 0.45122363567352297, 0.8375091254711151
212, 18, 1, 86.43014691299959, 21680, 0.37482586205005647, 0.8643583118915558
213, 6, 1, 68.45436795500018, 21680, 0.45441038012504575, 0.81155446767807
213, 9, 1, 68.85352508699998, 21680, 0.5453178107738494, 0.7746404409408569
213, 17, 1, 72.33136475500032, 21680, 0.5205945491790771, 0.7901046872138977
214, 12, 1, 60.07568812599993, 21680, 0.45204658806324005, 0.8295671582221985
214, 13, 1, 66.13637738999978, 21680, 0.4485351234674454, 0.8385779857635498
215, 9, 1, 68.11748446799993, 21680, 0.5630702257156373, 0.7681139588356019
215, 6, 1, 70.85642372799975, 21680, 0.46045022308826444, 0.8082415342330933
215, 18, 1, 82.81913118300008, 21680, 0.38059394657611845, 0.861441308259964
216, 6, 1, 70.19444992499984, 21680, 0.44886339604854586, 0.8139494001865387
216, 0, 1, 72.72655600100006, 21680, 0.4633248865604401, 0.8188469111919403
216, 17, 1, 72.56729486199993, 21680, 0.5374142408370972, 0.7810054540634155
217, 4, 1, 60.83704497400004, 21680, 0.4647206723690033, 0.8142710268497467
217, 13, 1, 65.15371018600035, 21680, 0.44767501056194303, 0.8391024351119996
218, 16, 1, 63.44356774300013, 21680, 0.5169806241989136, 0.785138750076294
218, 9, 1, 66.52893493700003, 21680, 0.5426864683628082, 0.7755351543426514
218, 18, 1, 82.47012640599996, 21680, 0.38098703026771547, 0.8614360988140106
219, 17, 1, 70.77111890700007, 21680, 0.523418265581131, 0.7876985251903534
219, 0, 1, 70.2388827130003, 21680, 0.4561860769987106, 0.8226704657077789
219, 2, 1, 72.61478569899964, 21680, 0.4538171261548996, 0.8201011121273041
220, 13, 1, 66.27534393100001, 21680, 0.44914592802524567, 0.838896632194519
220, 18, 1, 85.98828632499999, 21680, 0.3740288734436035, 0.8647839605808259
221, 9, 1, 69.78627843699996, 21680, 0.5488898813724518, 0.7734676837921143
221, 6, 1, 70.64147167600004, 21680, 0.45641552209854125, 0.8109649062156677
221, 17, 1, 72.65800730000001, 21680, 0.5190554201602936, 0.7903972446918488
222, 12, 1, 61.26071948899971, 21680, 0.4532002002000809, 0.8288364231586456
222, 13, 1, 65.56891377599959, 21680, 0.4468791663646698, 0.840009731054306
223, 9, 1, 66.15170519899993, 21680, 0.5595107555389405, 0.7692574679851532
223, 6, 1, 70.18424808500004, 21680, 0.4586608350276947, 0.8094695985317231
223, 18, 1, 79.68787394899982, 21680, 0.37874596416950224, 0.8621900975704193
224, 8, 1, 65.74555699699977, 21680, 0.5312804698944091, 0.7822678864002228
224, 0, 1, 72.9527730740001, 21680, 0.45758768618106843, 0.8219101667404175
224, 17, 1, 73.54880664099983, 21680, 0.5202154278755188, 0.7894638359546662
225, 4, 1, 61.691562395000346, 21680, 0.46373613774776457, 0.8150886952877044
225, 13, 1, 65.88496682300001, 21680, 0.4468115597963333, 0.8393303751945496
226, 16, 1, 64.35306326499995, 21680, 0.5143717944622039, 0.7862888514995575
226, 9, 1, 68.53026917600027, 21680, 0.5399983167648316, 0.7767016589641571
226, 18, 1, 82.50751369599993, 21680, 0.3769878923892975, 0.8623707890510559
227, 2, 1, 72.59802906799996, 21680, 0.4554774731397629, 0.8187942147254944
227, 6, 1, 72.01773770199998, 21680, 0.4562561511993408, 0.8101917564868927
228, 16, 1, 66.58658376699987, 21680, 0.511388298869133, 0.7878193080425262
228, 18, 1, 85.30724195299999, 21680, 0.37601720690727236, 0.8639187633991241
229, 7, 1, 72.04895580699986, 21680, 0.5179370045661926, 0.7912167191505433
229, 2, 1, 73.82779389300003, 21680, 0.43761502802371977, 0.829007625579834
230, 16, 1, 65.95039909399975, 21680, 0.5067612767219544, 0.7910580456256866
230, 18, 1, 84.50919944799989, 21680, 0.3712282538414001, 0.8660226821899414
231, 7, 1, 70.76262306499999, 21680, 0.5114865392446518, 0.7941643834114075
231, 2, 1, 73.093635146, 21680, 0.4319018006324768, 0.8312537610530853
232, 9, 1, 69.60207567099997, 21680, 0.5676251590251923, 0.7674784660339355
232, 18, 1, 84.58079687599957, 21680, 0.36892778873443605, 0.8674056172370911
233, 13, 1, 67.26304907799977, 21680, 0.46705818772315977, 0.8322047412395477
233, 2, 1, 73.43457031100024, 21680, 0.4359763115644455, 0.8299228608608246
234, 9, 1, 70.16900109100001, 21680, 0.5580916821956634, 0.7711367964744568
234, 18, 1, 85.05639715599955, 21680, 0.3697328805923462, 0.8664135873317719
235, 2, 1, 75.1203055420001, 21680, 0.4323730647563934, 0.8317613303661346
235, 17, 1, 75.34186758199985, 21680, 0.5509569108486175, 0.7749174058437347
236, 4, 1, 61.715784818999964, 21680, 0.47821156978607177, 0.8085018932819367
236, 13, 1, 66.0981870569999, 21680, 0.4621377944946289, 0.8356259226799011
237, 9, 1, 71.10291393199986, 21680, 0.544716864824295, 0.7750020861625672
237, 18, 1, 85.41313191399968, 21680, 0.3748443007469177, 0.8634305596351624
238, 2, 1, 74.07632171200021, 21680, 0.431510728597641, 0.8322928786277771
238, 7, 1, 70.81532051000022, 21680, 0.515784940123558, 0.7921821296215057
239, 9, 1, 71.1143771080001, 21680, 0.5461150705814362, 0.7750062704086303
239, 18, 1, 85.51559992099965, 21680, 0.36821340322494506, 0.8673535048961639
240, 2, 1, 72.68417484700012, 21680, 0.42612674832344055, 0.8340973556041718
240, 17, 1, 74.7184741709998, 21680, 0.5460023164749146, 0.776806116104126
241, 4, 1, 61.045944598000005, 21680, 0.4737951040267944, 0.8108258008956909
241, 13, 1, 65.5998486819999, 21680, 0.4651336193084717, 0.8342561304569245
242, 9, 1, 71.04522999400001, 21680, 0.5420264780521393, 0.7765950381755828
242, 18, 1, 82.63211049100028, 21680, 0.3752200335264206, 0.8636286199092865
243, 17, 1, 73.3620419949998, 21680, 0.5330965280532837, 0.7832981705665588
243, 2, 1, 73.61211831799983, 21680, 0.4327355086803436, 0.8308560788631439
244, 13, 1, 65.20063033199995, 21680, 0.4586244493722916, 0.8371218621730805
244, 18, 1, 85.29741015699983, 21680, 0.36837962567806243, 0.8671033143997192
245, 6, 1, 71.256301807, 21680, 0.46373759508132933, 0.8066462755203248
245, 17, 1, 73.06764872800022, 21680, 0.5239872395992279, 0.7877363383769989
246, 12, 1, 59.53653963199997, 21680, 0.46464268267154696, 0.8244690477848053
246, 13, 1, 65.41808376199992, 21680, 0.4513012796640396, 0.8392241418361663
247, 9, 1, 69.76017174800018, 21680, 0.5503104448318481, 0.7733840584754944
247, 18, 1, 84.42288466500003, 21680, 0.37550009191036227, 0.863996946811676
248, 2, 1, 71.53657733799992, 21680, 0.43863983154296876, 0.8282662510871888
248, 17, 1, 73.47511477300031, 21680, 0.5279499053955078, 0.7853381335735321
249, 13, 1, 66.29231578200006, 21680, 0.45499938130378725, 0.8379871249198914
249, 18, 1, 84.07364083499988, 21680, 0.3674349784851074, 0.867612361907959
250, 6, 1, 72.00232233899987, 21680, 0.45947601497173307, 0.8088494539260864
250, 0, 1, 72.76266340600023, 21680, 0.4684634327888489, 0.8170053541660309
