1, 10, 1, 1.4678987460000004, 2168104, 0.7919842600822449, 0.7659574747085571
1, 46, 1, 1.5550980149999996, 2168104, 1.1081438064575195, 0.7560975551605225
1, 35, 1, 1.1821570900000005, 2168104, 0.8499297499656677, 0.7793567776679993
1, 28, 1, 1.274523437, 2168104, 1.1536725759506226, 0.7749029994010925
1, 25, 1, 2.651113221, 2168104, 0.5553420782089233, 0.8900685906410217
1, 19, 1, 1.8083536220000003, 2168104, 1.0388407707214355, 0.7796164155006409
1, 26, 1, 1.3144433910000002, 2168104, 1.3121843338012695, 0.5755395889282227
1, 16, 1, 1.3707137839999994, 2168104, 0.9588768482208252, 0.8486789464950562
1, 17, 1, 1.8439151679999997, 2168104, 1.3904794454574585, 0.6022371649742126
1, 7, 1, 0.9141600860000008, 2168104, 1.537951946258545, 0.7003058195114136
1, 31, 1, 1.4009476979999995, 2168104, 1.2424713373184204, 0.818369448184967
1, 37, 1, 1.9799413069999998, 2168104, 0.6514292359352112, 0.8574532866477966
1, 6, 1, 1.8918225719999997, 2168104, 0.92409747838974, 0.8852657079696655
1, 1, 1, 2.2181096029999994, 2168104, 1.0043522119522095, 0.7624021172523499
1, 44, 1, 2.02234875, 2168104, 1.006037950515747, 0.7334014177322388
1, 27, 1, 2.7575833230000004, 2168104, 1.0245678424835205, 0.7096291780471802
1, 22, 1, 1.9628965039999997, 2168104, 0.6584880948066711, 0.8673469424247742
1, 21, 1, 2.871160282, 2168104, 0.7339785695075989, 0.8455356955528259
1, 14, 1, 2.2744933019999998, 2168104, 0.7638203501701355, 0.7043551206588745
1, 42, 1, 2.6882289340000005, 2168104, 0.5530433654785156, 0.8646641969680786
1, 24, 1, 2.5971236630000005, 2168104, 0.4632878303527832, 0.8853684663772583
1, 34, 1, 1.1693606450000003, 2168104, 1.1373080015182495, 0.7322916388511658
1, 5, 1, 2.994717122, 2168104, 0.3626033663749695, 0.8954142928123474
1, 48, 1, 2.0682427159999994, 2168104, 0.5737829208374023, 0.8896725177764893
1, 23, 1, 3.171488145999999, 2168104, 0.5957788825035095, 0.823867917060852
1, 4, 1, 3.274094046, 2168104, 0.9642248749732971, 0.7536982297897339
1, 32, 1, 3.180296814, 2168104, 0.6074352860450745, 0.8199561238288879
1, 33, 1, 3.458479818999999, 2168104, 0.7336074113845825, 0.8211981654167175
1, 2, 1, 2.9105485659999992, 2168104, 0.531980574131012, 0.891099750995636
1, 9, 1, 3.019754948000001, 2168104, 0.6212272644042969, 0.8740242123603821
1, 3, 1, 2.890640514, 2168104, 0.9103161692619324, 0.7665714025497437
1, 11, 1, 3.1444456800000005, 2168104, 1.0819213390350342, 0.7247872352600098
1, 43, 1, 3.5802094969999994, 2168104, 0.588390052318573, 0.8940234184265137
1, 36, 1, 3.211917796999999, 2168104, 0.9421629905700684, 0.7184750437736511
1, 40, 1, 3.208251196, 2168104, 0.44133177399635315, 0.8952088952064514
1, 45, 1, 2.267292564, 2168104, 0.5142195224761963, 0.9229337573051453
1, 39, 1, 1.7222124900000004, 2168104, 1.0058189630508423, 0.6746348142623901
1, 8, 1, 2.363718573999999, 2168104, 1.151882290840149, 0.636805534362793
1, 47, 1, 2.6052345089999998, 2168104, 1.0053398609161377, 0.7198216915130615
1, 29, 1, 1.4299995229999993, 2168104, 0.8537136912345886, 0.8304736018180847
1, 13, 1, 2.187865030000001, 2168104, 0.3917587101459503, 0.9589905142784119
1, 38, 1, 1.3341876280000005, 2168104, 1.1247963905334473, 0.7568807601928711
1, 12, 1, 3.757876874000001, 2168104, 0.545454740524292, 0.9010761380195618
1, 41, 1, 3.201036393, 2168104, 1.1987996101379395, 0.6658240556716919
1, 18, 1, 1.678855502000001, 2168104, 0.9889335632324219, 0.8136574029922485
1, 30, 1, 1.61558342, 2168104, 0.7775096297264099, 0.8080054521560669
1, 49, 1, 2.7342991669999996, 2168104, 0.8927123546600342, 0.7536776065826416
1, 15, 1, 1.1489355439999986, 2168104, 0.9346699118614197, 0.8513410091400146
1, 0, 1, 2.101598463, 2168104, 0.7278962731361389, 0.7886949777603149
1, 20, 1, 3.5409828810000015, 2168104, 0.5778169631958008, 0.8773722648620605
2, 7, 1, 0.9276766480000003, 2168104, 0.7134591341018677, 0.860856294631958
2, 44, 1, 1.4186558050000002, 2168104, 0.5759621262550354, 0.8631256222724915
2, 16, 1, 1.191684991999999, 2168104, 0.5841827988624573, 0.8895115852355957
2, 6, 1, 1.5354561110000002, 2168104, 0.48078152537345886, 0.9396135210990906
2, 17, 1, 1.8191711240000004, 2168104, 0.889163076877594, 0.7794183492660522
2, 19, 1, 2.2114341389999996, 2168104, 0.5930466651916504, 0.88003009557724
2, 0, 1, 2.634371202999999, 2168104, 0.41042783856391907, 0.911987841129303
2, 23, 1, 3.5030015750000008, 2168104, 0.3380483090877533, 0.9139354228973389
2, 31, 1, 1.1954620519999999, 2168104, 0.585124671459198, 0.942208468914032
2, 22, 1, 1.8679216149999984, 2168104, 0.3446989357471466, 0.9295918345451355
2, 28, 1, 1.5774692130000005, 2168104, 0.6665982604026794, 0.8893919587135315
2, 21, 1, 3.097104786000001, 2168104, 0.4233700931072235, 0.9297618865966797
3, 35, 1, 1.2463287530000002, 2168104, 0.4578290581703186, 0.8750935196876526
3, 13, 1, 1.7151215079999993, 2168104, 0.2203097939491272, 0.9544839859008789
3, 2, 1, 2.637009251000002, 2168104, 0.2959502339363098, 0.9308953881263733
3, 5, 1, 2.885263773000002, 2168104, 0.18931494653224945, 0.9646017551422119
3, 20, 1, 3.220437325999999, 2168104, 0.31140750646591187, 0.9420924782752991
3, 36, 1, 2.9380666440000027, 2168104, 0.47465255856513977, 0.869634747505188
3, 30, 1, 1.435216005000001, 2168104, 0.3002011179924011, 0.9321573972702026
3, 18, 1, 1.5253960430000006, 2168104, 0.5219149589538574, 0.9120370149612427
3, 25, 1, 3.6006575179999984, 2168104, 0.2979939877986908, 0.9422693848609924
3, 24, 1, 2.2535172249999995, 2168104, 0.2440175563097, 0.9448202252388
3, 41, 1, 3.0303785079999983, 2168104, 0.5872362852096558, 0.8364509344100952
3, 45, 1, 2.7634844419999993, 2168104, 0.26835402846336365, 0.9568130970001221
4, 7, 1, 0.8383684450000004, 2168104, 0.24744048714637756, 0.9495412707328796
4, 29, 1, 1.1346676910000006, 2168104, 0.22427429258823395, 0.9526424407958984
4, 37, 1, 1.6970921180000005, 2168104, 0.17671068012714386, 0.966536283493042
4, 6, 1, 1.540694847000001, 2168104, 0.2998339831829071, 0.9408212304115295
4, 44, 1, 1.881107926000002, 2168104, 0.314228355884552, 0.9259448647499084
4, 22, 1, 1.9281471290000027, 2168104, 0.17065905034542084, 0.9571428298950195
4, 21, 1, 2.354612489000001, 2168104, 0.2668551802635193, 0.9488095045089722
4, 0, 1, 2.511629827, 2168104, 0.26811927556991577, 0.9449924230575562
4, 23, 1, 3.405453199, 2168104, 0.20557746291160583, 0.948211133480072
4, 28, 1, 1.914675999, 2168104, 0.3488828241825104, 0.9230271577835083
4, 16, 1, 1.5476978149999994, 2168104, 0.38012561202049255, 0.9231384992599487
4, 31, 1, 1.4853552000000008, 2168104, 0.3275336027145386, 0.9473684430122375
5, 35, 1, 1.4503134660000008, 2168104, 0.3096246123313904, 0.9117426872253418
5, 26, 1, 0.9575083390000003, 2168104, 0.6024107336997986, 0.7541966438293457
5, 30, 1, 1.6358019990000017, 2168104, 0.1850132942199707, 0.9647218585014343
5, 45, 1, 1.978023408000002, 2168104, 0.16075946390628815, 0.9720774292945862
5, 8, 1, 2.2675013449999994, 2168104, 0.4687681794166565, 0.8604166507720947
5, 0, 1, 2.4200573190000014, 2168104, 0.19297462701797485, 0.962822437286377
5, 25, 1, 3.6255404690000006, 2168104, 0.18520531058311462, 0.9606281518936157
5, 47, 1, 2.6714871490000007, 2168104, 0.346971333026886, 0.9231824278831482
5, 18, 1, 1.217058325, 2168104, 0.27839675545692444, 0.9473379850387573
5, 13, 1, 1.8631791910000004, 2168104, 0.1307629942893982, 0.965299665927887
5, 20, 1, 3.041929517, 2168104, 0.18974187970161438, 0.9603406190872192
5, 2, 1, 2.7459347670000014, 2168104, 0.16851578652858734, 0.9623554944992065
6, 7, 1, 0.891413539000002, 2168104, 0.19835934042930603, 0.9510703086853027
6, 22, 1, 1.7475418719999993, 2168104, 0.13063251972198486, 0.9642857313156128
6, 14, 1, 1.8822959150000038, 2168104, 0.3045753836631775, 0.8877722024917603
6, 37, 1, 2.0112866290000007, 2168104, 0.11929251998662949, 0.9739243984222412
6, 27, 1, 2.695989343000001, 2168104, 0.4560185968875885, 0.8854665160179138
6, 16, 1, 1.4186077139999966, 2168104, 0.3127652406692505, 0.9271417260169983
6, 28, 1, 1.524374440999999, 2168104, 0.3094257116317749, 0.9269081354141235
6, 44, 1, 1.819934160999999, 2168104, 0.2684639096260071, 0.9330949783325195
6, 21, 1, 2.7041474460000003, 2168104, 0.20571734011173248, 0.9598214030265808
6, 0, 1, 1.798475136999997, 2168104, 0.15839406847953796, 0.9700303673744202
6, 23, 1, 3.30909342, 2168104, 0.1555461883544922, 0.9574680924415588
6, 43, 1, 4.129724738, 2168104, 0.1829337626695633, 0.9595399498939514
7, 16, 1, 1.0751881899999987, 2168104, 0.2439500242471695, 0.9391513466835022
7, 35, 1, 1.4093124400000008, 2168104, 0.27088311314582825, 0.9147344827651978
7, 18, 1, 1.6095962580000034, 2168104, 0.20129285752773285, 0.9548611044883728
7, 45, 1, 1.7459070640000007, 2168104, 0.11571189761161804, 0.9728220105171204
7, 24, 1, 1.7657858410000031, 2168104, 0.11634248495101929, 0.9679601192474365
7, 20, 1, 3.2707632170000025, 2168104, 0.13352884352207184, 0.9686131477355957
7, 36, 1, 2.907750197999995, 2168104, 0.33296653628349304, 0.8973606824874878
7, 25, 1, 3.9831120280000007, 2168104, 0.1337861865758896, 0.9674850702285767
7, 15, 1, 1.5031320979999947, 2168104, 0.21631285548210144, 0.9402298927307129
7, 17, 1, 1.9621619119999991, 2168104, 0.40239253640174866, 0.8872483372688293
7, 13, 1, 2.1058964099999997, 2168104, 0.08167636394500732, 0.9788193106651306
7, 2, 1, 3.512356278000002, 2168104, 0.12595105171203613, 0.970153272151947
8, 16, 1, 1.1314967120000006, 2168104, 0.2617921233177185, 0.9263410568237305
8, 17, 1, 1.4245136899999977, 2168104, 0.39605551958084106, 0.8881431818008423
8, 14, 1, 1.8314254309999995, 2168104, 0.2907284200191498, 0.8961474299430847
8, 44, 1, 1.6448132260000001, 2168104, 0.21202635765075684, 0.9427987933158875
8, 0, 1, 2.3071130059999945, 2168104, 0.15164870023727417, 0.9692716002464294
8, 27, 1, 2.660404713999995, 2168104, 0.3813493251800537, 0.9025119543075562
8, 22, 1, 1.876761069000004, 2168104, 0.1061563789844513, 0.968367338180542
8, 23, 1, 3.4244657989999965, 2168104, 0.13608330488204956, 0.9602201581001282
8, 7, 1, 0.8351458879999996, 2168104, 0.15492534637451172, 0.9556574821472168
8, 28, 1, 1.5677263290000027, 2168104, 0.2319454401731491, 0.9391979575157166
8, 37, 1, 2.1386065200000033, 2168104, 0.0869898572564125, 0.9830508232116699
8, 21, 1, 3.6376149339999984, 2168104, 0.15356023609638214, 0.9657738208770752
9, 30, 1, 1.3539800450000001, 2168104, 0.12072639167308807, 0.9735413789749146
9, 13, 1, 1.6957970779999982, 2168104, 0.0741938129067421, 0.9774672985076904
9, 8, 1, 2.0025809229999965, 2168104, 0.29927000403404236, 0.9065971970558167
9, 24, 1, 1.9542337430000032, 2168104, 0.08776510506868362, 0.9772160649299622
9, 36, 1, 2.609116075000003, 2168104, 0.3008577227592468, 0.9080245494842529
9, 20, 1, 2.816144893999997, 2168104, 0.11641061305999756, 0.9717761278152466
9, 18, 1, 1.528811544000007, 2168104, 0.15859192609786987, 0.9600694179534912
9, 35, 1, 1.509849054, 2168104, 0.25365006923675537, 0.9072550535202026
9, 2, 1, 2.6960712530000066, 2168104, 0.09966126829385757, 0.9725732803344727
9, 45, 1, 2.166466374999999, 2168104, 0.09160032868385315, 0.9772896766662598
9, 47, 1, 2.431800856999999, 2168104, 0.21159695088863373, 0.956447184085846
9, 25, 1, 3.486584156999996, 2168104, 0.1159134954214096, 0.9694758057594299
10, 14, 1, 1.7593098040000044, 2168104, 0.27130600810050964, 0.9024288058280945
10, 6, 1, 1.660006795000001, 2168104, 0.16614234447479248, 0.9559178948402405
10, 7, 1, 1.056297336, 2168104, 0.143051877617836, 0.963302731513977
10, 16, 1, 1.4593642970000005, 2168104, 0.22795875370502472, 0.9343474507331848
10, 37, 1, 2.0533621969999984, 2168104, 0.08079081773757935, 0.9839200377464294
10, 0, 1, 2.240093407, 2168104, 0.11555033922195435, 0.9768588542938232
10, 22, 1, 1.8151954420000003, 2168104, 0.08801471441984177, 0.9729591608047485
10, 28, 1, 1.7281349480000046, 2168104, 0.21680229902267456, 0.9411384463310242
10, 21, 1, 2.695584152000002, 2168104, 0.13987262547016144, 0.9678571224212646
10, 27, 1, 2.9676828950000003, 2168104, 0.33843913674354553, 0.9147727489471436
10, 23, 1, 3.423311813000005, 2168104, 0.11799964308738708, 0.9652239084243774
10, 44, 1, 2.5355294330000007, 2168104, 0.1834792196750641, 0.9489274621009827
11, 30, 1, 1.2756648119999987, 2168104, 0.11470499634742737, 0.9694707989692688
11, 18, 1, 1.471006561000003, 2168104, 0.13410717248916626, 0.9606481194496155
11, 45, 1, 2.2891524489999995, 2168104, 0.07642415910959244, 0.9791511297225952
11, 5, 1, 2.8607559350000002, 2168104, 0.07628127932548523, 0.9774738550186157
11, 24, 1, 2.3799184780000004, 2168104, 0.0844036117196083, 0.9743680953979492
11, 25, 1, 3.440173569999999, 2168104, 0.10056357085704803, 0.9743419885635376
11, 35, 1, 1.9168960249999998, 2168104, 0.204650416970253, 0.9274495244026184
11, 2, 1, 3.2650382350000005, 2168104, 0.08593538403511047, 0.9766066074371338
11, 20, 1, 3.216336852999998, 2168104, 0.10334166139364243, 0.9732360243797302
11, 15, 1, 1.1771401519999998, 2168104, 0.14995412528514862, 0.9624521136283875
11, 13, 1, 1.9046868060000008, 2168104, 0.06383777409791946, 0.980171263217926
11, 36, 1, 4.125642087999999, 2168104, 0.2859487235546112, 0.9125566482543945
12, 14, 1, 1.5348411669999962, 2168104, 0.258169561624527, 0.9061976671218872
12, 6, 1, 1.2481118379999927, 2168104, 0.13753953576087952, 0.9583333134651184
12, 22, 1, 1.696807059000001, 2168104, 0.08123967051506042, 0.9770408272743225
12, 17, 1, 1.8534055169999988, 2168104, 0.3426703214645386, 0.8930648565292358
12, 27, 1, 2.4776305139999977, 2168104, 0.3056355118751526, 0.9174641370773315
12, 49, 1, 2.390639368000002, 2168104, 0.25897711515426636, 0.9308294057846069
12, 16, 1, 1.4816923529999997, 2168104, 0.23254580795764923, 0.9295436143875122
12, 7, 1, 0.9137679760000026, 2168104, 0.1062529906630516, 0.9678899049758911
12, 28, 1, 1.488542339000002, 2168104, 0.1792575567960739, 0.946959912776947
12, 44, 1, 1.672769529, 2168104, 0.15734852850437164, 0.9596527218818665
12, 0, 1, 2.2011711399999996, 2168104, 0.11995774507522583, 0.9734446406364441
12, 23, 1, 3.218752873999996, 2168104, 0.11434326320886612, 0.9639729857444763
13, 45, 1, 2.043890172000001, 2168104, 0.07212092727422714, 0.9791511297225952
13, 35, 1, 1.390416670999997, 2168104, 0.18162241578102112, 0.9379206895828247
13, 30, 1, 1.8653443070000009, 2168104, 0.11393442004919052, 0.9640434384346008
13, 2, 1, 2.9407632369999988, 2168104, 0.08326344937086105, 0.9752621650695801
13, 9, 1, 2.9072727060000005, 2168104, 0.13866744935512543, 0.9604306817054749
13, 20, 1, 3.0554025690000017, 2168104, 0.09946313500404358, 0.974452555179596
13, 25, 1, 3.205142654999996, 2168104, 0.09424324333667755, 0.971245288848877
13, 18, 1, 1.7514332199999956, 2168104, 0.1211446225643158, 0.9646990895271301
13, 47, 1, 2.336079443999992, 2168104, 0.17081798613071442, 0.9588477611541748
13, 13, 1, 1.5796396819999927, 2168104, 0.06570608913898468, 0.9765660166740417
13, 24, 1, 2.382867367000003, 2168104, 0.0787365660071373, 0.9789960980415344
13, 5, 1, 3.517259541999998, 2168104, 0.07694514840841293, 0.9769375324249268
14, 16, 1, 1.291510297000002, 2168104, 0.20577029883861542, 0.9375500679016113
14, 0, 1, 1.753032232999999, 2168104, 0.10147091001272202, 0.9764795303344727
14, 7, 1, 1.0966349350000044, 2168104, 0.12472781538963318, 0.9648318290710449
14, 22, 1, 1.760820496000008, 2168104, 0.07731674611568451, 0.9780611991882324
14, 17, 1, 1.7354604970000054, 2168104, 0.3213505744934082, 0.8997762799263
14, 44, 1, 1.8153151640000011, 2168104, 0.15257470309734344, 0.9591419696807861
14, 27, 1, 2.997794080999995, 2168104, 0.2795635163784027, 0.9216507077217102
14, 23, 1, 3.3835657589999997, 2168104, 0.10602014511823654, 0.9682261943817139
14, 6, 1, 1.6637244360000025, 2168104, 0.1360975205898285, 0.967391312122345
14, 28, 1, 1.623060707999997, 2168104, 0.19179563224315643, 0.9463130831718445
14, 14, 1, 2.1805000129999996, 2168104, 0.21047069132328033, 0.9275544285774231
14, 49, 1, 2.797440378999994, 2168104, 0.24304281175136566, 0.9327073693275452
15, 18, 1, 1.42777339700001, 2168104, 0.11408575624227524, 0.9675925970077515
15, 35, 1, 1.3495642750000059, 2168104, 0.1785012036561966, 0.9401645660400391
15, 13, 1, 2.2658911359999934, 2168104, 0.05965764448046684, 0.9783686399459839
15, 8, 1, 2.3336276610000013, 2168104, 0.23640577495098114, 0.9277777671813965
15, 25, 1, 3.290365195000007, 2168104, 0.08947101980447769, 0.9752267003059387
15, 20, 1, 3.162699017999998, 2168104, 0.08976104110479355, 0.976155698299408
15, 30, 1, 1.2715109450000028, 2168104, 0.09773716330528259, 0.9715061187744141
15, 9, 1, 3.377343487000001, 2168104, 0.12472838908433914, 0.9666218161582947
15, 24, 1, 2.307215522, 2168104, 0.06635341793298721, 0.9804200530052185
15, 45, 1, 2.3545165120000036, 2168104, 0.0668521374464035, 0.9802680611610413
15, 2, 1, 3.090189883000008, 2168104, 0.07679178565740585, 0.9784888625144958
15, 5, 1, 2.972788301999998, 2168104, 0.06484734266996384, 0.981228232383728
16, 28, 1, 1.2957497559999922, 2168104, 0.1673216074705124, 0.9521345496177673
16, 16, 1, 1.3210069309999994, 2168104, 0.18653488159179688, 0.9407526254653931
16, 31, 1, 1.1799879090000047, 2168104, 0.10871732980012894, 0.9659442901611328
16, 44, 1, 1.7224800830000078, 2168104, 0.1422174572944641, 0.9540347456932068
16, 27, 1, 2.798299843999999, 2168104, 0.25798797607421875, 0.9261363744735718
16, 49, 1, 2.708787725999997, 2168104, 0.21892784535884857, 0.9402191042900085
16, 14, 1, 2.516994272000005, 2168104, 0.20793500542640686, 0.927973210811615
16, 7, 1, 0.8689085769999991, 2168104, 0.12155614793300629, 0.961773693561554
16, 22, 1, 1.6915466129999963, 2168104, 0.07470595091581345, 0.9795918464660645
16, 6, 1, 1.6240788480000106, 2168104, 0.1298404484987259, 0.9655796885490417
16, 21, 1, 2.7272448319999967, 2168104, 0.1082182377576828, 0.9744047522544861
16, 23, 1, 3.657312742000002, 2168104, 0.10053043067455292, 0.9684763550758362
17, 13, 1, 1.5724483369999973, 2168104, 0.054823532700538635, 0.9810725450515747
17, 30, 1, 1.2706497559999974, 2168104, 0.09051663428544998, 0.9803256392478943
17, 18, 1, 1.4488316420000018, 2168104, 0.10579735040664673, 0.9716435074806213
17, 17, 1, 1.9025011470000095, 2168104, 0.2927861511707306, 0.9064877033233643
17, 45, 1, 2.216351677000006, 2168104, 0.06113744527101517, 0.9810126423835754
17, 0, 1, 2.0938347449999952, 2168104, 0.07823609560728073, 0.9817906022071838
17, 20, 1, 3.1166670080000003, 2168104, 0.08563744276762009, 0.9776155948638916
17, 2, 1, 3.1498334329999977, 2168104, 0.07073482125997543, 0.9795644283294678
17, 10, 1, 1.698700463999998, 2168104, 0.08498995006084442, 0.9734042286872864
17, 47, 1, 2.5184199889999945, 2168104, 0.15330752730369568, 0.9629629850387573
17, 8, 1, 2.424712127999996, 2168104, 0.2198680192232132, 0.9354166388511658
17, 25, 1, 3.933174362999999, 2168104, 0.08186542242765427, 0.9758902788162231
18, 28, 1, 1.3275007080000023, 2168104, 0.16085141897201538, 0.954075038433075
18, 7, 1, 1.0360593030000018, 2168104, 0.08479315787553787, 0.963302731513977
18, 6, 1, 1.672224560999993, 2168104, 0.12186508625745773, 0.9704106450080872
18, 17, 1, 1.9895939719999944, 2168104, 0.300567626953125, 0.8975391387939453
18, 49, 1, 2.5140001270000027, 2168104, 0.20371024310588837, 0.9439749717712402
18, 44, 1, 1.8651195040000061, 2168104, 0.14050833880901337, 0.9570990800857544
18, 43, 1, 3.719646333, 2168104, 0.12110693752765656, 0.9646744728088379
18, 37, 1, 2.239999798999989, 2168104, 0.06270689517259598, 0.9843546152114868
18, 16, 1, 1.348905203000001, 2168104, 0.16982115805149078, 0.9463570713996887
18, 27, 1, 2.7938437979999975, 2168104, 0.24342557787895203, 0.9318181872367859
18, 23, 1, 3.1109386159999985, 2168104, 0.09070127457380295, 0.9719789624214172
18, 21, 1, 3.0896378959999993, 2168104, 0.10100672394037247, 0.9752976298332214
19, 18, 1, 1.324161330999999, 2168104, 0.09915369749069214, 0.9710648059844971
19, 45, 1, 2.3009854579999995, 2168104, 0.05800381675362587, 0.9828741550445557
19, 8, 1, 2.2107274760000024, 2168104, 0.18845900893211365, 0.9458333253860474
19, 1, 1, 2.0956150210000004, 2168104, 0.1917305290699005, 0.939947783946991
19, 0, 1, 2.3502070309999965, 2168104, 0.07123157382011414, 0.9829286932945251
19, 4, 1, 3.042890264999997, 2168104, 0.14071497321128845, 0.9681952595710754
19, 10, 1, 2.25857513199999, 2168104, 0.0817289799451828, 0.9750000238418579
19, 2, 1, 2.75356803599999, 2168104, 0.069269098341465, 0.9822533130645752
19, 47, 1, 2.624277855999992, 2168104, 0.13901297748088837, 0.9636488556861877
19, 7, 1, 0.7820480930000002, 2168104, 0.06298269331455231, 0.9801223278045654
19, 25, 1, 3.434318573999988, 2168104, 0.07471103221178055, 0.9787657856941223
19, 13, 1, 2.1794696360000003, 2168104, 0.05416448041796684, 0.9819738864898682
20, 17, 1, 1.5488232149999988, 2168104, 0.27778127789497375, 0.9136465191841125
20, 7, 1, 1.102830197000003, 2168104, 0.08831968158483505, 0.9724770784378052
20, 6, 1, 1.6492061860000007, 2168104, 0.12004958838224411, 0.9752415418624878
20, 28, 1, 1.472585855999995, 2168104, 0.16540172696113586, 0.9566623568534851
20, 49, 1, 2.561039571000009, 2168104, 0.1895197629928589, 0.9461658596992493
20, 21, 1, 2.6440260030000076, 2168104, 0.09261439740657806, 0.9770833253860474
20, 23, 1, 3.031019999999998, 2168104, 0.08323708921670914, 0.9747310280799866
20, 16, 1, 1.3002838099999963, 2168104, 0.16120962798595428, 0.95356285572052
20, 37, 1, 1.922168495000001, 2168104, 0.049834419041872025, 0.9878313541412354
20, 15, 1, 1.2939021619999949, 2168104, 0.18594269454479218, 0.9547892808914185
20, 44, 1, 1.826590035999999, 2168104, 0.13312189280986786, 0.9560776352882385
20, 27, 1, 3.325541426000001, 2168104, 0.2333027720451355, 0.9383971095085144
21, 18, 1, 1.6641270469999938, 2168104, 0.09901868551969528, 0.9739583134651184
21, 8, 1, 1.9068910800000083, 2168104, 0.18402431905269623, 0.9472222328186035
21, 10, 1, 1.9157994220000063, 2168104, 0.07865025103092194, 0.9808510541915894
21, 24, 1, 2.1936666229999986, 2168104, 0.05920621007680893, 0.9811320900917053
21, 30, 1, 1.674458474000005, 2168104, 0.07596925646066666, 0.9776119589805603
21, 47, 1, 1.9859388150000044, 2168104, 0.12749728560447693, 0.9633058905601501
21, 13, 1, 2.0555503389999927, 2168104, 0.060254037380218506, 0.980171263217926
21, 2, 1, 3.0326733849999954, 2168104, 0.07045938819646835, 0.9819843769073486
21, 25, 1, 3.7952346170000055, 2168104, 0.07865309715270996, 0.9758902788162231
21, 0, 1, 2.359479374000003, 2168104, 0.05796462669968605, 0.9863429665565491
21, 45, 1, 2.3241521089999964, 2168104, 0.0608878955245018, 0.9813849329948425
21, 20, 1, 3.497705764999992, 2168104, 0.07833259552717209, 0.9793187379837036
22, 7, 1, 0.9899210049999994, 2168104, 0.09625227004289627, 0.9724770784378052
22, 28, 1, 1.4212815829999954, 2168104, 0.149856299161911, 0.9566623568534851
22, 17, 1, 1.7449131030000018, 2168104, 0.266312837600708, 0.9145413637161255
22, 6, 1, 1.5274700279999962, 2168104, 0.10024475306272507, 0.9722222089767456
22, 23, 1, 2.6021555469999953, 2168104, 0.08243610709905624, 0.9737303256988525
22, 37, 1, 1.921688739000004, 2168104, 0.05396600812673569, 0.9856584072113037
22, 22, 1, 1.7667205900000056, 2168104, 0.05368217080831528, 0.981632649898529
22, 44, 1, 2.071819695000002, 2168104, 0.1257968693971634, 0.9611848592758179
22, 21, 1, 2.8938547890000024, 2168104, 0.08618012070655823, 0.9782738089561462
22, 16, 1, 1.4779253949999998, 2168104, 0.15399101376533508, 0.95356285572052
22, 27, 1, 3.0645960309999936, 2168104, 0.2185775190591812, 0.9377990365028381
22, 49, 1, 3.006767917999994, 2168104, 0.18016047775745392, 0.9474178552627563
23, 13, 1, 1.6634477589999932, 2168104, 0.05316360667347908, 0.980171263217926
23, 26, 1, 1.2221785929999953, 2168104, 0.20239979028701782, 0.935251772403717
23, 10, 1, 1.640320110999994, 2168104, 0.06820841878652573, 0.978723406791687
23, 18, 1, 1.6334464660000094, 2168104, 0.09302821010351181, 0.9722222089767456
23, 15, 1, 1.4316175809999976, 2168104, 0.09227883070707321, 0.9747126698493958
23, 8, 1, 2.4234347929999984, 2168104, 0.18113981187343597, 0.9451388716697693
23, 47, 1, 2.7341294569999945, 2168104, 0.12078097462654114, 0.9674211144447327
23, 45, 1, 2.568806640999995, 2168104, 0.0563211515545845, 0.9832464456558228
23, 2, 1, 3.2672880889999902, 2168104, 0.06495057046413422, 0.982522189617157
23, 20, 1, 3.1817711989999964, 2168104, 0.07778535783290863, 0.9790754318237305
23, 30, 1, 1.6932238520000027, 2168104, 0.08420073240995407, 0.9782903790473938
23, 25, 1, 5.288274877000006, 2168104, 0.0728592649102211, 0.9781022071838379
24, 22, 1, 1.5945995090000054, 2168104, 0.04800775274634361, 0.9852041006088257
24, 17, 1, 1.6806926470000008, 2168104, 0.2679072320461273, 0.918120801448822
24, 7, 1, 1.1423683000000011, 2168104, 0.09301819652318954, 0.9678899049758911
24, 44, 1, 1.7995575239999937, 2168104, 0.13627664744853973, 0.9596527218818665
24, 27, 1, 2.6689141649999897, 2168104, 0.2155137062072754, 0.9392942786216736
24, 28, 1, 1.6715845419999908, 2168104, 0.15243926644325256, 0.9573091864585876
24, 37, 1, 1.8190873570000008, 2168104, 0.05342002213001251, 0.9843546152114868
24, 49, 1, 2.5991636640000024, 2168104, 0.1789117306470871, 0.9471048712730408
24, 23, 1, 3.4027498450000024, 2168104, 0.0792909488081932, 0.9724793434143066
24, 16, 1, 1.5642330130000062, 2168104, 0.17289748787879944, 0.9447557926177979
24, 6, 1, 2.2546405840000006, 2168104, 0.10681626945734024, 0.9704106450080872
24, 21, 1, 2.6622857950000025, 2168104, 0.08501775562763214, 0.9788690209388733
25, 10, 1, 1.5156145450000054, 2168104, 0.06396418064832687, 0.9808510541915894
25, 15, 1, 1.3181063910000006, 2168104, 0.08595598489046097, 0.9754789471626282
25, 13, 1, 1.8781052589999945, 2168104, 0.04762250557541847, 0.9819738864898682
25, 18, 1, 1.6512381710000028, 2168104, 0.0881786048412323, 0.9733796119689941
25, 45, 1, 2.3452408590000005, 2168104, 0.051391128450632095, 0.9847356677055359
25, 47, 1, 2.526949302999995, 2168104, 0.1154799684882164, 0.9663923382759094
25, 0, 1, 2.1585427420000087, 2168104, 0.05145725607872009, 0.9882397651672363
25, 2, 1, 2.990899913000007, 2168104, 0.059834714978933334, 0.9827910661697388
25, 20, 1, 3.2412607039999983, 2168104, 0.07205449789762497, 0.9815084934234619
25, 8, 1, 2.68949748899999, 2168104, 0.17122212052345276, 0.9489583373069763
25, 30, 1, 1.6663852230000202, 2168104, 0.07403568923473358, 0.9762550592422485
25, 25, 1, 4.172240289000001, 2168104, 0.06738127022981644, 0.9800928831100464
26, 44, 1, 1.6032291010000108, 2168104, 0.12040777504444122, 0.9627170562744141
26, 49, 1, 2.210124200999985, 2168104, 0.17042139172554016, 0.9524256587028503
26, 27, 1, 2.3098512640000024, 2168104, 0.20192833244800568, 0.9419856667518616
26, 6, 1, 1.6897126399999962, 2168104, 0.0917707160115242, 0.9746376872062683
26, 23, 1, 3.413783682000002, 2168104, 0.07210348546504974, 0.9784838557243347
26, 15, 1, 1.3596050609999963, 2168104, 0.15300339460372925, 0.9609195590019226
26, 7, 1, 0.9450135679999931, 2168104, 0.08340055495500565, 0.9724770784378052
26, 37, 1, 2.0368735259999937, 2168104, 0.04665864631533623, 0.9891351461410522
26, 16, 1, 1.2812940990000072, 2168104, 0.14633168280124664, 0.9559647440910339
26, 17, 1, 2.0074821620000023, 2168104, 0.2560051381587982, 0.9154362678527832
26, 28, 1, 2.005068520999984, 2168104, 0.13476207852363586, 0.9592496752738953
26, 21, 1, 2.6329963900000024, 2168104, 0.0778278186917305, 0.980654776096344
27, 18, 1, 1.4062192430000096, 2168104, 0.0891997292637825, 0.9762731194496155
27, 10, 1, 1.4561619270000108, 2168104, 0.06404070556163788, 0.9819148778915405
27, 30, 1, 1.496708917999996, 2168104, 0.07020736485719681, 0.9803256392478943
27, 47, 1, 2.2079798299999993, 2168104, 0.11113855242729187, 0.9677640795707703
27, 0, 1, 2.2137608249999943, 2168104, 0.053569503128528595, 0.9882397651672363
27, 20, 1, 3.1118329990000007, 2168104, 0.07315332442522049, 0.9810218811035156
27, 25, 1, 3.288048997000004, 2168104, 0.06941580772399902, 0.9803140759468079
27, 13, 1, 1.9749335909999957, 2168104, 0.05549333989620209, 0.9792699217796326
27, 17, 1, 2.0295608149999964, 2168104, 0.2400350421667099, 0.9225950837135315
27, 8, 1, 2.246272480000002, 2168104, 0.16050153970718384, 0.949305534362793
27, 45, 1, 2.260773208999993, 2168104, 0.055354632437229156, 0.9825018644332886
27, 2, 1, 3.064283592999999, 2168104, 0.06324412673711777, 0.9827910661697388
28, 7, 1, 0.8802497679999988, 2168104, 0.07900026440620422, 0.9740061163902283
28, 16, 1, 1.3612564230000004, 2168104, 0.1324649155139923, 0.9559647440910339
28, 44, 1, 1.6423531350000076, 2168104, 0.11843614280223846, 0.9606741666793823
28, 6, 1, 1.6585214070000234, 2168104, 0.10319186747074127, 0.9752415418624878
28, 22, 1, 1.8826596430000109, 2168104, 0.055120885372161865, 0.9801020622253418
28, 23, 1, 2.979329497000009, 2168104, 0.07160520553588867, 0.9737303256988525
28, 37, 1, 2.147051634999997, 2168104, 0.04540512338280678, 0.9865276217460632
28, 21, 1, 2.8988820379999822, 2168104, 0.0743446871638298, 0.9818452596664429
28, 49, 1, 3.374784532999996, 2168104, 0.16032126545906067, 0.9521126747131348
28, 15, 1, 1.4429005739999923, 2168104, 0.1499837189912796, 0.959386944770813
28, 28, 1, 1.4826313810000045, 2168104, 0.13268907368183136, 0.9605433344841003
28, 27, 1, 3.2512672609999953, 2168104, 0.19554448127746582, 0.9437798857688904
29, 15, 1, 1.2366995059999795, 2168104, 0.08315307646989822, 0.9739463329315186
29, 10, 1, 1.635226117000002, 2168104, 0.06082051619887352, 0.9824467897415161
29, 45, 1, 2.114575531000014, 2168104, 0.05365674942731857, 0.9836187362670898
29, 13, 1, 1.9755872309999916, 2168104, 0.04276949167251587, 0.9824244976043701
29, 18, 1, 1.6290321369999958, 2168104, 0.0811552107334137, 0.9803240895271301
29, 8, 1, 2.3881477949999947, 2168104, 0.16241565346717834, 0.9489583373069763
29, 2, 1, 3.026447260999987, 2168104, 0.05847938731312752, 0.9838666319847107
29, 20, 1, 3.315764224999981, 2168104, 0.06538336724042892, 0.9834550023078918
29, 25, 1, 3.7675446199999953, 2168104, 0.06657720357179642, 0.979429304599762
29, 30, 1, 1.6205313880000176, 2168104, 0.0696810632944107, 0.9823608994483948
29, 0, 1, 2.375336608999987, 2168104, 0.05062716454267502, 0.9836874008178711
29, 47, 1, 2.6622895200000016, 2168104, 0.1021113470196724, 0.9705075621604919
30, 28, 1, 1.40838126700001, 2168104, 0.11950486153364182, 0.9598965048789978
30, 6, 1, 1.5074923579999933, 2168104, 0.08420812338590622, 0.9812802076339722
30, 7, 1, 1.1103059840000071, 2168104, 0.07451973855495453, 0.9740061163902283
30, 37, 1, 1.946932051999994, 2168104, 0.041460730135440826, 0.9891351461410522
30, 44, 1, 1.4972918089999894, 2168104, 0.11069583147764206, 0.9668028354644775
30, 17, 1, 2.0401056640000093, 2168104, 0.22875726222991943, 0.9302013516426086
30, 15, 1, 1.9972131709999985, 2168104, 0.13827259838581085, 0.9570881128311157
30, 27, 1, 2.5621365079999805, 2168104, 0.18467283248901367, 0.9485645890235901
30, 16, 1, 1.3262700300000176, 2168104, 0.13973094522953033, 0.9575660824775696
30, 49, 1, 3.461144230000002, 2168104, 0.15400515496730804, 0.9521126747131348
30, 23, 1, 3.827523302000003, 2168104, 0.07309151440858841, 0.9782336950302124
30, 21, 1, 3.214010796000011, 2168104, 0.07029323279857635, 0.9800595045089722
31, 18, 1, 1.4586645240000138, 2168104, 0.07699164748191833, 0.9785879850387573
31, 13, 1, 1.8709750980000024, 2168104, 0.04494598135352135, 0.9824244976043701
31, 30, 1, 1.4913236920000088, 2168104, 0.07106909900903702, 0.9810040593147278
31, 10, 1, 1.8703765589999932, 2168104, 0.06145072355866432, 0.9829787015914917
31, 0, 1, 2.2677211759999807, 2168104, 0.05091352015733719, 0.9882397651672363
31, 25, 1, 3.2502407640000115, 2168104, 0.06661200523376465, 0.9807564616203308
31, 20, 1, 3.3622478650000005, 2168104, 0.06741361320018768, 0.9827250838279724
31, 45, 1, 2.2162599659999955, 2168104, 0.050734274089336395, 0.9843633770942688
31, 8, 1, 2.373534126999999, 2168104, 0.16036465764045715, 0.953125
31, 47, 1, 2.293486126999994, 2168104, 0.10075897723436356, 0.9725651741027832
31, 4, 1, 3.11500107400002, 2168104, 0.11103049665689468, 0.9716469645500183
31, 2, 1, 3.389358675000011, 2168104, 0.05800110846757889, 0.9827910661697388
32, 44, 1, 1.6399496659999784, 2168104, 0.10898728668689728, 0.9647599458694458
32, 7, 1, 1.083427807999982, 2168104, 0.09047520160675049, 0.9709480404853821
32, 16, 1, 1.2043470959999922, 2168104, 0.14552059769630432, 0.9551641345024109
32, 6, 1, 1.5300811890000006, 2168104, 0.09373940527439117, 0.9818840622901917
32, 15, 1, 1.1817211249999957, 2168104, 0.14155414700508118, 0.9647509455680847
32, 17, 1, 1.915452823999999, 2168104, 0.23200315237045288, 0.9297538995742798
32, 21, 1, 2.633428134000013, 2168104, 0.07036024332046509, 0.980654776096344
32, 23, 1, 3.1845304679999913, 2168104, 0.07373789697885513, 0.9769827127456665
32, 27, 1, 3.0821118800000136, 2168104, 0.18835963308811188, 0.942882776260376
32, 49, 1, 3.2913266169999815, 2168104, 0.1549443155527115, 0.9583724737167358
32, 37, 1, 2.084799665999981, 2168104, 0.040581975132226944, 0.9891351461410522
32, 28, 1, 1.8035587189999944, 2168104, 0.13308431208133698, 0.9676584601402283
33, 35, 1, 1.458809135999985, 2168104, 0.16430042684078217, 0.9468960165977478
33, 30, 1, 1.4711217809999937, 2168104, 0.06607367843389511, 0.9776119589805603
33, 8, 1, 1.8085822529999973, 2168104, 0.14545372128486633, 0.9559027552604675
33, 2, 1, 2.835270631, 2168104, 0.05731692165136337, 0.9849421977996826
33, 20, 1, 3.006901890999984, 2168104, 0.06693503260612488, 0.9832116961479187
33, 25, 1, 3.388213348999983, 2168104, 0.0632995218038559, 0.9805352687835693
33, 10, 1, 1.8876615659999914, 2168104, 0.057833313941955566, 0.9808510541915894
33, 15, 1, 1.2561603340000147, 2168104, 0.07171470671892166, 0.9800766110420227
33, 13, 1, 1.9295144179999966, 2168104, 0.04568630829453468, 0.9842271208763123
33, 47, 1, 2.424055158999977, 2168104, 0.09777356684207916, 0.9701645970344543
33, 45, 1, 2.2690820720000033, 2168104, 0.048936616629362106, 0.9832464456558228
33, 18, 1, 1.708034605999984, 2168104, 0.08033059537410736, 0.9809027910232544
34, 7, 1, 0.8955254440000004, 2168104, 0.07943549007177353, 0.9694189429283142
34, 16, 1, 1.3205843799999855, 2168104, 0.14073486626148224, 0.95356285572052
34, 28, 1, 1.542468323999998, 2168104, 0.12881313264369965, 0.962483823299408
34, 37, 1, 1.9972573640000064, 2168104, 0.03989252820611, 0.9891351461410522
34, 21, 1, 2.4542549009999846, 2168104, 0.06707213819026947, 0.9815475940704346
34, 49, 1, 2.3397223860000054, 2168104, 0.15135841071605682, 0.9568074941635132
34, 27, 1, 2.6276244979999888, 2168104, 0.18126215040683746, 0.948265552520752
34, 23, 1, 3.5088973409999937, 2168104, 0.06853672116994858, 0.9789842367172241
34, 22, 1, 1.9118030829999952, 2168104, 0.049514222890138626, 0.9862244725227356
34, 6, 1, 1.590785235999988, 2168104, 0.08455363661050797, 0.9800724387168884
34, 17, 1, 1.89504361500002, 2168104, 0.23378632962703705, 0.9252796173095703
34, 44, 1, 1.8440988909999874, 2168104, 0.11004096269607544, 0.966292142868042
35, 30, 1, 1.4072984980000172, 2168104, 0.0635894238948822, 0.9816824793815613
35, 10, 1, 1.8818731300000024, 2168104, 0.05292332172393799, 0.9851064085960388
35, 8, 1, 2.191882442000008, 2168104, 0.15117698907852173, 0.9527778029441833
35, 15, 1, 1.750142954999987, 2168104, 0.07224709540605545, 0.9785440564155579
35, 47, 1, 2.1910972740000147, 2168104, 0.0949934795498848, 0.973936915397644
35, 13, 1, 1.8902652920000094, 2168104, 0.04010475054383278, 0.984677791595459
35, 25, 1, 3.1445860460000006, 2168104, 0.06073976308107376, 0.9834107756614685
35, 45, 1, 2.334252816000003, 2168104, 0.043644364923238754, 0.986224889755249
35, 18, 1, 1.7009855010000194, 2168104, 0.07298775017261505, 0.9803240895271301
35, 2, 1, 3.112256137000003, 2168104, 0.05455958470702171, 0.9865555167198181
35, 0, 1, 2.6226858869999887, 2168104, 0.04204227402806282, 0.9893778562545776
35, 20, 1, 3.8298487209999905, 2168104, 0.0644209012389183, 0.983698308467865
36, 16, 1, 1.1328498279999906, 2168104, 0.13016082346439362, 0.9575660824775696
36, 6, 1, 1.3454584300000079, 2168104, 0.0822676345705986, 0.9818840622901917
36, 15, 1, 1.185974060999996, 2168104, 0.13127942383289337, 0.9639846682548523
36, 17, 1, 1.801630528000004, 2168104, 0.22028081119060516, 0.9284116625785828
36, 37, 1, 1.8896935010000107, 2168104, 0.0400853306055069, 0.9882659912109375
36, 49, 1, 2.7754508740000006, 2168104, 0.14313147962093353, 0.9571204781532288
36, 23, 1, 3.066672273999984, 2168104, 0.06433560699224472, 0.9799849987030029
36, 21, 1, 2.9885526810000016, 2168104, 0.0653906762599945, 0.9821428656578064
36, 27, 1, 2.549560279000019, 2168104, 0.17224933207035065, 0.9491626620292664
36, 44, 1, 1.9449702840000214, 2168104, 0.10776474326848984, 0.9673135876655579
36, 7, 1, 1.0320605119999868, 2168104, 0.0796523243188858, 0.9724770784378052
36, 28, 1, 1.869649322999976, 2168104, 0.11213497817516327, 0.9683052897453308
37, 10, 1, 1.6491147229999967, 2168104, 0.051472317427396774, 0.9835106134414673
37, 35, 1, 1.4823078839999937, 2168104, 0.1557314246892929, 0.9356768727302551
37, 13, 1, 2.1042481639999835, 2168104, 0.04600387066602707, 0.984677791595459
37, 18, 1, 1.8439473920000182, 2168104, 0.08202522248029709, 0.9797453880310059
37, 0, 1, 2.223679038, 2168104, 0.0388026125729084, 0.9893778562545776
37, 47, 1, 2.4834467649999965, 2168104, 0.092082180082798, 0.9763374328613281
37, 8, 1, 2.2807314689999885, 2168104, 0.14219793677330017, 0.9559027552604675
37, 20, 1, 3.0394307540000227, 2168104, 0.061455536633729935, 0.985401451587677
37, 2, 1, 3.0057422879999933, 2168104, 0.05659528076648712, 0.9841355085372925
37, 30, 1, 1.7292385760000002, 2168104, 0.06144832819700241, 0.9823608994483948
37, 25, 1, 3.858256240000003, 2168104, 0.060973264276981354, 0.9827471971511841
37, 45, 1, 3.0101358659999846, 2168104, 0.04712313786149025, 0.9832464456558228
38, 7, 1, 0.9049777150000011, 2168104, 0.08387896418571472, 0.9755351543426514
38, 44, 1, 1.790260604999986, 2168104, 0.1024867370724678, 0.9678243398666382
38, 6, 1, 1.8186848490000216, 2168104, 0.09078415483236313, 0.9764492511749268
38, 37, 1, 1.9815203619999977, 2168104, 0.039717476814985275, 0.9887005686759949
38, 17, 1, 1.928867591999989, 2168104, 0.22873128950595856, 0.9293065071105957
38, 49, 1, 2.516875658999993, 2168104, 0.14377982914447784, 0.9602503776550293
38, 23, 1, 3.4656475049999926, 2168104, 0.061494018882513046, 0.9809857606887817
38, 15, 1, 1.2327451860000167, 2168104, 0.1561853438615799, 0.9547892808914185
38, 28, 1, 1.235898714000001, 2168104, 0.11265279352664948, 0.963777482509613
38, 16, 1, 1.7270787250000126, 2168104, 0.13600246608257294, 0.9591673612594604
38, 27, 1, 3.488616108000002, 2168104, 0.17383261024951935, 0.9512559771537781
38, 21, 1, 4.0090944459999776, 2168104, 0.06458082050085068, 0.9830357432365417
39, 8, 1, 2.094046628000001, 2168104, 0.14154373109340668, 0.9583333134651184
39, 13, 1, 1.869870058999993, 2168104, 0.04264228790998459, 0.9855790734291077
39, 30, 1, 1.4894492420000063, 2168104, 0.06285343319177628, 0.9837177991867065
39, 47, 1, 2.3766759819999947, 2168104, 0.09099069237709045, 0.9735939502716064
39, 10, 1, 1.9353837310000017, 2168104, 0.052196286618709564, 0.9867021441459656
39, 45, 1, 2.227030756000005, 2168104, 0.04635946452617645, 0.9854802489280701
39, 20, 1, 3.2677551950000066, 2168104, 0.0636969655752182, 0.9824817776679993
39, 0, 1, 2.701492461000015, 2168104, 0.04217187315225601, 0.9882397651672363
39, 2, 1, 3.071368285999995, 2168104, 0.05473848059773445, 0.9841355085372925
39, 4, 1, 3.105756819999982, 2168104, 0.09685352444648743, 0.9746055006980896
39, 18, 1, 1.753137038999995, 2168104, 0.07289990037679672, 0.9797453880310059
39, 25, 1, 3.9031243169999925, 2168104, 0.060433655977249146, 0.98363196849823
40, 16, 1, 1.108154823999996, 2168104, 0.12792779505252838, 0.9575660824775696
40, 44, 1, 1.5866332469999804, 2168104, 0.09891367703676224, 0.9708886742591858
40, 28, 1, 1.2966178609999872, 2168104, 0.11827363818883896, 0.9676584601402283
40, 37, 1, 1.721986505999979, 2168104, 0.03786785528063774, 0.9900043606758118
40, 49, 1, 2.3489640500000064, 2168104, 0.14075063169002533, 0.9605633616447449
40, 21, 1, 3.3854695220000224, 2168104, 0.06200695410370827, 0.9833333492279053
40, 7, 1, 0.906038499999994, 2168104, 0.08496098220348358, 0.9755351543426514
40, 23, 1, 3.516396700999991, 2168104, 0.06064264103770256, 0.9807355403900146
40, 15, 1, 1.323928230000007, 2168104, 0.1326860636472702, 0.9624521136283875
40, 6, 1, 1.5026604679999878, 2168104, 0.0840953141450882, 0.9812802076339722
40, 17, 1, 2.0560606109999924, 2168104, 0.21829727292060852, 0.9306487441062927
40, 27, 1, 3.1115998109999907, 2168104, 0.1674894243478775, 0.9503588676452637
41, 10, 1, 1.3187709710000206, 2168104, 0.04951262101531029, 0.9851064085960388
41, 47, 1, 2.234267732999996, 2168104, 0.08348087221384048, 0.9766803979873657
41, 45, 1, 2.3162171210000224, 2168104, 0.04319146275520325, 0.9884586930274963
41, 0, 1, 2.2087718649999886, 2168104, 0.03713217377662659, 0.9901365637779236
41, 20, 1, 3.1670025170000144, 2168104, 0.060603994876146317, 0.983698308467865
41, 25, 1, 3.5768848959999957, 2168104, 0.059320442378520966, 0.9827471971511841
41, 35, 1, 1.4065032450000103, 2168104, 0.15580767393112183, 0.9476439952850342
41, 30, 1, 1.0993896800000016, 2168104, 0.06020209938287735, 0.9810040593147278
41, 13, 1, 1.9283531570000036, 2168104, 0.0399574413895607, 0.9864804148674011
41, 18, 1, 1.5831497509999792, 2168104, 0.06883889436721802, 0.9780092835426331
41, 8, 1, 2.331424014000021, 2168104, 0.13669639825820923, 0.9597222208976746
41, 2, 1, 3.1218295970000156, 2168104, 0.052958615124225616, 0.9865555167198181
42, 7, 1, 0.8242800639999928, 2168104, 0.06853815168142319, 0.9755351543426514
42, 16, 1, 1.3359325090000027, 2168104, 0.12620890140533447, 0.9591673612594604
42, 15, 1, 1.1691392399999927, 2168104, 0.11950322240591049, 0.9639846682548523
42, 37, 1, 1.9801935189999824, 2168104, 0.037636999040842056, 0.9904389381408691
42, 28, 1, 1.5899499390000074, 2168104, 0.10009559988975525, 0.972186267375946
42, 17, 1, 2.027148574999984, 2168104, 0.23410826921463013, 0.918120801448822
42, 27, 1, 2.6713057409999976, 2168104, 0.16904906928539276, 0.9476674795150757
42, 23, 1, 3.125932173999985, 2168104, 0.05955682322382927, 0.9799849987030029
42, 6, 1, 1.6832455729999936, 2168104, 0.07621153444051743, 0.979468584060669
42, 44, 1, 1.855962835000014, 2168104, 0.09683069586753845, 0.9703779220581055
42, 49, 1, 2.8271930310000073, 2168104, 0.13548709452152252, 0.9577465057373047
42, 21, 1, 2.9548856939999837, 2168104, 0.05907362699508667, 0.9839285612106323
43, 10, 1, 1.5747136580000074, 2168104, 0.04586448147892952, 0.9882978796958923
43, 13, 1, 1.8960973419999902, 2168104, 0.03603131324052811, 0.9855790734291077
43, 47, 1, 2.1478435659999775, 2168104, 0.08564018458127975, 0.9766803979873657
43, 45, 1, 2.255405679000006, 2168104, 0.04295174032449722, 0.9880864024162292
43, 0, 1, 2.3247853439999915, 2168104, 0.03721185028553009, 0.9893778562545776
43, 8, 1, 2.4778418550000083, 2168104, 0.12772202491760254, 0.9618055820465088
43, 18, 1, 1.6596888960000058, 2168104, 0.07191034406423569, 0.9791666865348816
43, 30, 1, 1.5989313100000118, 2168104, 0.054999224841594696, 0.9850746393203735
43, 17, 1, 1.991199757000004, 2168104, 0.2036445438861847, 0.9297538995742798
43, 2, 1, 2.9602905879999923, 2168104, 0.05068347230553627, 0.9870933294296265
43, 25, 1, 3.751956954999997, 2168104, 0.05770564079284668, 0.98363196849823
43, 20, 1, 5.629942974000016, 2168104, 0.05755173787474632, 0.9851581454277039
44, 7, 1, 1.053179794000016, 2168104, 0.0764697790145874, 0.9740061163902283
44, 15, 1, 1.3836809569999957, 2168104, 0.1081271693110466, 0.9639846682548523
44, 44, 1, 1.7729104850000112, 2168104, 0.09601795673370361, 0.968845784664154
44, 27, 1, 2.536409746000004, 2168104, 0.15909509360790253, 0.9485645890235901
44, 17, 1, 1.9959948600000246, 2168104, 0.20772932469844818, 0.9319910407066345
44, 23, 1, 3.104761845000013, 2168104, 0.05700404942035675, 0.9837378263473511
44, 6, 1, 2.0326508990000036, 2168104, 0.07307539880275726, 0.9830917716026306
44, 16, 1, 0.9961301080000169, 2168104, 0.12017084658145905, 0.9599679708480835
44, 28, 1, 1.6039782720000062, 2168104, 0.10309194028377533, 0.9650711417198181
44, 37, 1, 1.9907348200000001, 2168104, 0.035466596484184265, 0.9904389381408691
44, 49, 1, 2.656014166999995, 2168104, 0.13028186559677124, 0.9602503776550293
44, 21, 1, 2.6166862390000176, 2168104, 0.05724030360579491, 0.9833333492279053
45, 13, 1, 1.6007167479999964, 2168104, 0.044706400483846664, 0.9842271208763123
45, 15, 1, 1.4094572030000165, 2168104, 0.06670217961072922, 0.9785440564155579
45, 10, 1, 1.4745215410000014, 2168104, 0.04303138330578804, 0.9898936152458191
45, 0, 1, 2.018209608999996, 2168104, 0.03741750121116638, 0.9897571802139282
45, 45, 1, 1.9737671980000187, 2168104, 0.04231264069676399, 0.986224889755249
45, 47, 1, 2.4837856290000104, 2168104, 0.08292558789253235, 0.9753086566925049
45, 2, 1, 2.8586367110000026, 2168104, 0.04883786290884018, 0.9860177636146545
45, 25, 1, 3.8414433130000134, 2168104, 0.056097548454999924, 0.9840742945671082
45, 30, 1, 1.4050586519999797, 2168104, 0.05579305812716484, 0.9830393195152283
45, 18, 1, 1.5302973309999857, 2168104, 0.06704121828079224, 0.9768518805503845
45, 8, 1, 2.5304888170000197, 2168104, 0.12634176015853882, 0.9576388597488403
45, 20, 1, 3.4853411260000087, 2168104, 0.05772761255502701, 0.9851581454277039
46, 15, 1, 1.0437016030000166, 2168104, 0.111446313560009, 0.9639846682548523
46, 16, 1, 1.2712369989999956, 2168104, 0.11565827578306198, 0.9639711976051331
46, 37, 1, 1.71090554700001, 2168104, 0.034488581120967865, 0.9900043606758118
46, 44, 1, 1.5894854669999745, 2168104, 0.0939858928322792, 0.9708886742591858
46, 27, 1, 2.7706173409999906, 2168104, 0.15545444190502167, 0.9515550136566162
46, 7, 1, 0.9494639560000167, 2168104, 0.07053661346435547, 0.9740061163902283
46, 6, 1, 1.5302315589999864, 2168104, 0.06619411706924438, 0.9830917716026306
46, 28, 1, 1.4246903399999837, 2168104, 0.10128891468048096, 0.9670116305351257
46, 21, 1, 2.8246054649999905, 2168104, 0.055205896496772766, 0.9839285612106323
46, 17, 1, 1.7930527110000014, 2168104, 0.19882452487945557, 0.9382550120353699
46, 49, 1, 2.883122837000002, 2168104, 0.12504996359348297, 0.9621283411979675
46, 23, 1, 5.46405082199999, 2168104, 0.05411616340279579, 0.9827370643615723
47, 35, 1, 1.4730490009999926, 2168104, 0.16193483769893646, 0.9461480975151062
47, 18, 1, 1.540308164999999, 2168104, 0.06939227133989334, 0.9837962985038757
47, 47, 1, 2.3610943289999966, 2168104, 0.08212228864431381, 0.9759945273399353
47, 8, 1, 2.399278871000007, 2168104, 0.12527023255825043, 0.9635416865348816
47, 45, 1, 2.311217701000004, 2168104, 0.040341656655073166, 0.9869694709777832
47, 2, 1, 2.9481095339999968, 2168104, 0.050094205886125565, 0.9852110743522644
47, 30, 1, 1.4768819230000076, 2168104, 0.056395117193460464, 0.9837177991867065
47, 10, 1, 1.3661984430000018, 2168104, 0.04462042823433876, 0.9888297915458679
47, 0, 1, 1.8466898590000085, 2168104, 0.03655197098851204, 0.9859635829925537
47, 13, 1, 2.011308982999992, 2168104, 0.0378008596599102, 0.9869310259819031
47, 20, 1, 3.359487798999993, 2168104, 0.05797784402966499, 0.9851581454277039
47, 25, 1, 3.7975724230000196, 2168104, 0.05663536489009857, 0.9838531017303467
48, 28, 1, 1.417607313000019, 2168104, 0.09672974050045013, 0.9741267561912537
48, 15, 1, 1.3911806579999961, 2168104, 0.10630872845649719, 0.9632183909416199
48, 17, 1, 1.77228835599999, 2168104, 0.20321506261825562, 0.9288590550422668
48, 6, 1, 1.5810128709999844, 2168104, 0.07140228897333145, 0.9830917716026306
48, 44, 1, 1.7054773140000066, 2168104, 0.10402382165193558, 0.9683350324630737
48, 3, 1, 2.5155628420000085, 2168104, 0.10271915793418884, 0.9708571434020996
48, 21, 1, 3.5103472830000158, 2168104, 0.05844792351126671, 0.9845238327980042
48, 7, 1, 0.9766905719999954, 2168104, 0.07749683409929276, 0.9785932898521423
48, 16, 1, 1.4341048709999882, 2168104, 0.11767551302909851, 0.9631705284118652
48, 49, 1, 2.8153766729999745, 2168104, 0.1226906105875969, 0.9615023732185364
48, 27, 1, 2.9846827080000082, 2168104, 0.15292976796627045, 0.9521530866622925
48, 23, 1, 3.151634410000014, 2168104, 0.05179649218916893, 0.9844883680343628
49, 18, 1, 1.5864188319999926, 2168104, 0.06502718478441238, 0.9797453880310059
49, 30, 1, 1.2550645840000243, 2168104, 0.05954011529684067, 0.9823608994483948
49, 13, 1, 1.9900652369999818, 2168104, 0.04534224048256874, 0.9837764501571655
49, 8, 1, 2.1121323029999814, 2168104, 0.12454740703105927, 0.9618055820465088
49, 25, 1, 3.006953371999998, 2168104, 0.05405552685260773, 0.9845166802406311
49, 4, 1, 2.9606354940000017, 2168104, 0.08640066534280777, 0.9775640964508057
49, 20, 1, 3.0917824269999983, 2168104, 0.05573361739516258, 0.987104594707489
49, 2, 1, 3.7095444560000033, 2168104, 0.04888419061899185, 0.9849421977996826
49, 10, 1, 1.7329120969999963, 2168104, 0.046970974653959274, 0.9882978796958923
49, 47, 1, 2.564391180000001, 2168104, 0.07922641187906265, 0.9783950448036194
49, 0, 1, 2.0499009079999837, 2168104, 0.036355845630168915, 0.987101674079895
49, 45, 1, 2.3131809440000097, 2168104, 0.03876859322190285, 0.9873417615890503
50, 17, 1, 1.7976925720000168, 2168104, 0.19959580898284912, 0.9302013516426086
50, 6, 1, 1.4840427000000034, 2168104, 0.07114779949188232, 0.9830917716026306
50, 7, 1, 1.2626083870000002, 2168104, 0.06457061320543289, 0.9785932898521423
50, 37, 1, 2.148540924999992, 2168104, 0.033441558480262756, 0.9934810996055603
50, 28, 1, 1.7073618880000083, 2168104, 0.0944826602935791, 0.9715394377708435
50, 44, 1, 1.9993820999999912, 2168104, 0.09202809631824493, 0.968845784664154
50, 27, 1, 2.790016826999988, 2168104, 0.15199212729930878, 0.9557416439056396
50, 49, 1, 2.4907076849999896, 2168104, 0.12008819729089737, 0.9665101766586304
50, 23, 1, 3.4394354879999867, 2168104, 0.054618991911411285, 0.983487606048584
50, 16, 1, 1.550334969000005, 2168104, 0.11609308421611786, 0.9639711976051331
50, 15, 1, 1.515648150000004, 2168104, 0.11520819365978241, 0.9655172228813171
50, 21, 1, 3.4141188440000008, 2168104, 0.05498463660478592, 0.9836309552192688
51, 18, 1, 1.374280424999995, 2168104, 0.061438560485839844, 0.9814814925193787
51, 30, 1, 1.3378147180000042, 2168104, 0.05522590130567551, 0.9830393195152283
51, 13, 1, 1.9768534120000254, 2168104, 0.034317728132009506, 0.9887336492538452
51, 10, 1, 1.5901410800000235, 2168104, 0.04026090353727341, 0.9888297915458679
51, 8, 1, 2.3851466600000037, 2168104, 0.11937868595123291, 0.9614583253860474
51, 45, 1, 2.290373374999973, 2168104, 0.03930322825908661, 0.9873417615890503
51, 0, 1, 2.0347472280000147, 2168104, 0.0395527146756649, 0.9886191487312317
51, 2, 1, 2.7572258840000075, 2168104, 0.04665817320346832, 0.9878999590873718
51, 25, 1, 3.669281916999978, 2168104, 0.05832265689969063, 0.9823048114776611
51, 35, 1, 1.425605533999999, 2168104, 0.16768337786197662, 0.9386686682701111
51, 47, 1, 2.6918392460000007, 2168104, 0.07337041944265366, 0.9794238805770874
51, 20, 1, 3.6984149010000067, 2168104, 0.052149031311273575, 0.9868612885475159
52, 7, 1, 1.0555384660000016, 2168104, 0.09138232469558716, 0.9724770784378052
52, 16, 1, 1.481338136000005, 2168104, 0.11322940140962601, 0.9631705284118652
52, 37, 1, 1.8376193260000093, 2168104, 0.0318632610142231, 0.9904389381408691
52, 6, 1, 1.624520275000009, 2168104, 0.06296573579311371, 0.9836956262588501
52, 49, 1, 2.2450610709999808, 2168104, 0.11702007055282593, 0.9630672931671143
52, 28, 1, 1.5551143410000066, 2168104, 0.09506271034479141, 0.972186267375946
52, 27, 1, 2.6954117180000026, 2168104, 0.14870524406433105, 0.9530502557754517
52, 23, 1, 2.939763144000011, 2168104, 0.052269741892814636, 0.9849887490272522
52, 17, 1, 1.9947756850000076, 2168104, 0.19108229875564575, 0.9302013516426086
52, 15, 1, 1.6522149079999906, 2168104, 0.1130397841334343, 0.9647509455680847
52, 44, 1, 2.2465842060000227, 2168104, 0.08686629682779312, 0.9734423160552979
52, 21, 1, 3.7258145069999955, 2168104, 0.05241866037249565, 0.9854166507720947
53, 13, 1, 1.4938173950000078, 2168104, 0.03469480574131012, 0.9882830381393433
53, 17, 1, 1.706481129999986, 2168104, 0.18589836359024048, 0.9427292943000793
53, 18, 1, 1.7480611629999885, 2168104, 0.06153392046689987, 0.9820601940155029
53, 45, 1, 1.8842469189999917, 2168104, 0.03945912420749664, 0.9873417615890503
53, 47, 1, 2.211045399999989, 2168104, 0.07767171412706375, 0.9770233035087585
53, 20, 1, 2.918625402999993, 2168104, 0.05454472452402115, 0.9861313700675964
53, 0, 1, 2.904262788999972, 2168104, 0.03614243119955063, 0.9886191487312317
53, 25, 1, 3.46378292, 2168104, 0.05185607820749283, 0.985401451587677
53, 1, 1, 1.8725031179999974, 2168104, 0.16490697860717773, 0.9412532448768616
53, 10, 1, 1.5077186540000014, 2168104, 0.04326539486646652, 0.9877659678459167
53, 8, 1, 2.3873489899999925, 2168104, 0.11971230059862137, 0.9624999761581421
53, 2, 1, 3.2339675750000083, 2168104, 0.049208011478185654, 0.9862866401672363
54, 7, 1, 0.9669347369999741, 2168104, 0.08818310499191284, 0.9724770784378052
54, 15, 1, 1.2219097379999653, 2168104, 0.11079610139131546, 0.9647509455680847
54, 28, 1, 1.3667657009999914, 2168104, 0.08366233855485916, 0.9754204154014587
54, 37, 1, 1.8210553580000237, 2168104, 0.033303309231996536, 0.9926118850708008
54, 17, 1, 1.8115550870000163, 2168104, 0.18382528424263, 0.9391499161720276
54, 6, 1, 1.7152165269999955, 2168104, 0.059383492916822433, 0.9842995405197144
54, 44, 1, 1.7404849089999743, 2168104, 0.08539324998855591, 0.9744637608528137
54, 27, 1, 2.541271086999984, 2168104, 0.14502117037773132, 0.9572368264198303
54, 16, 1, 1.5846337790000007, 2168104, 0.10645686089992523, 0.9639711976051331
54, 49, 1, 3.1142983170000207, 2168104, 0.11249050498008728, 0.9655712246894836
54, 3, 1, 3.199041264000016, 2168104, 0.098375603556633, 0.9757142663002014
54, 21, 1, 4.071055400000006, 2168104, 0.05143848434090614, 0.9839285612106323
55, 10, 1, 1.6662769920000073, 2168104, 0.0476275235414505, 0.9893617033958435
55, 8, 1, 2.0937134170000036, 2168104, 0.11458368599414825, 0.9663194417953491
55, 13, 1, 1.911630682000009, 2168104, 0.046485647559165955, 0.9842271208763123
55, 47, 1, 2.2854103210000005, 2168104, 0.08121905475854874, 0.9746227860450745
55, 23, 1, 2.9407547980000004, 2168104, 0.05498386546969414, 0.9842382073402405
55, 2, 1, 2.713334649999979, 2168104, 0.04850038141012192, 0.9849421977996826
55, 7, 1, 0.8693993100000057, 2168104, 0.07226186245679855, 0.9785932898521423
55, 25, 1, 3.480158971999998, 2168104, 0.051451511681079865, 0.984959065914154
55, 44, 1, 1.8709692510000195, 2168104, 0.08603434264659882, 0.9734423160552979
55, 18, 1, 1.7396158569999898, 2168104, 0.062353603541851044, 0.984375
55, 45, 1, 2.3915411629999994, 2168104, 0.04108953848481178, 0.986224889755249
55, 0, 1, 2.3728651990000174, 2168104, 0.03500768914818764, 0.9901365637779236
56, 16, 1, 1.176765995000011, 2168104, 0.11167317628860474, 0.9679743647575378
56, 6, 1, 1.4680574129999968, 2168104, 0.05555610731244087, 0.9830917716026306
56, 17, 1, 2.222841625000001, 2168104, 0.17303524911403656, 0.9476510286331177
56, 48, 1, 1.7407710159999965, 2168104, 0.0701913833618164, 0.9788413047790527
56, 21, 1, 2.656076619000004, 2168104, 0.04998074099421501, 0.9866071343421936
56, 28, 1, 1.7310351030000106, 2168104, 0.08160381764173508, 0.9734799265861511
56, 49, 1, 2.8105317750000154, 2168104, 0.10960515588521957, 0.964006245136261
56, 15, 1, 1.60100944200002, 2168104, 0.09724400192499161, 0.9678161144256592
56, 37, 1, 2.1203723309999987, 2168104, 0.03215113282203674, 0.9913081526756287
56, 27, 1, 2.982708441999989, 2168104, 0.1354973316192627, 0.959330141544342
56, 3, 1, 3.161637058999986, 2168104, 0.09435103833675385, 0.9742857217788696
56, 9, 1, 2.8737459509999894, 2168104, 0.08564715087413788, 0.9771198034286499
57, 10, 1, 1.5159217339999884, 2168104, 0.046855248510837555, 0.9867021441459656
57, 0, 1, 2.010028186999989, 2168104, 0.03881906718015671, 0.9874810576438904
57, 13, 1, 2.055447854000022, 2168104, 0.03845709189772606, 0.9855790734291077
57, 2, 1, 2.8004581879999932, 2168104, 0.04486766830086708, 0.98763108253479
57, 44, 1, 2.3757793339999864, 2168104, 0.08022897690534592, 0.9739530086517334
57, 23, 1, 3.2231194290000076, 2168104, 0.04981549456715584, 0.9842382073402405
57, 7, 1, 0.7364332139999874, 2168104, 0.07499309629201889, 0.9801223278045654
57, 22, 1, 1.800043555000002, 2168104, 0.040467165410518646, 0.9887754917144775
57, 45, 1, 2.158749757999999, 2168104, 0.03700686991214752, 0.9895755648612976
57, 47, 1, 2.6770424700000035, 2168104, 0.0764145478606224, 0.977709174156189
57, 8, 1, 2.5586157049999656, 2168104, 0.11019226908683777, 0.9645833373069763
57, 18, 1, 2.4661838419999924, 2168104, 0.06814084202051163, 0.9832175970077515
58, 16, 1, 1.2427614750000089, 2168104, 0.10701292753219604, 0.9607686400413513
58, 6, 1, 1.5079501369999662, 2168104, 0.05763176828622818, 0.9849033951759338
58, 17, 1, 1.7676705989999846, 2168104, 0.17614410817623138, 0.94451904296875
58, 15, 1, 1.4735993479999934, 2168104, 0.07907452434301376, 0.9685823917388916
58, 28, 1, 1.4833117219999963, 2168104, 0.0740959569811821, 0.9799482822418213
58, 27, 1, 2.5307772269999873, 2168104, 0.13472038507461548, 0.9569377899169922
58, 20, 1, 3.5229739689999633, 2168104, 0.04468810558319092, 0.9883211851119995
58, 30, 1, 1.4624414429999888, 2168104, 0.0539877749979496, 0.9816824793815613
58, 3, 1, 3.411360961000014, 2168104, 0.09058340638875961, 0.9748571515083313
58, 48, 1, 1.7023500930000068, 2168104, 0.07787258923053741, 0.9697732925415039
58, 49, 1, 2.05373784599999, 2168104, 0.10473964363336563, 0.9680750966072083
58, 9, 1, 2.920112119999999, 2168104, 0.08581902086734772, 0.9741588234901428
59, 10, 1, 1.6103647600000102, 2168104, 0.04210745543241501, 0.9888297915458679
59, 22, 1, 1.8365930159999948, 2168104, 0.03086700476706028, 0.9913265109062195
59, 47, 1, 2.142753937000009, 2168104, 0.0698089674115181, 0.9790809154510498
59, 28, 1, 1.6193592150000313, 2168104, 0.06621835380792618, 0.9812419414520264
59, 0, 1, 2.118801930000018, 2168104, 0.033735617995262146, 0.9893778562545776
59, 44, 1, 1.7587772910000012, 2168104, 0.08854278177022934, 0.9713993668556213
59, 7, 1, 1.3998917119999987, 2168104, 0.07463279366493225, 0.9801223278045654
59, 13, 1, 2.651428148999969, 2168104, 0.02917429246008396, 0.9900856018066406
59, 1, 1, 2.0467253390000337, 2168104, 0.1598501354455948, 0.9469103813171387
59, 45, 1, 2.1259229960000425, 2168104, 0.03560049459338188, 0.9880864024162292
59, 23, 1, 3.5362880369999914, 2168104, 0.04617339372634888, 0.986990213394165
59, 41, 1, 3.266831585000034, 2168104, 0.24294492602348328, 0.9175935387611389
60, 6, 1, 1.4231307459999698, 2168104, 0.049832575023174286, 0.9873188138008118
60, 29, 1, 1.4246501110000054, 2168104, 0.040891826152801514, 0.9842141270637512
60, 37, 1, 2.2635574579999798, 2168104, 0.03321921080350876, 0.987396776676178
60, 26, 1, 1.5255640839999955, 2168104, 0.1173163428902626, 0.9592326283454895
60, 21, 1, 2.743320477999987, 2168104, 0.04407895356416702, 0.987500011920929
60, 31, 1, 1.1859181419999913, 2168104, 0.055960994213819504, 0.9865841269493103
60, 43, 1, 3.539186258000001, 2168104, 0.0823172777891159, 0.9745327830314636
60, 15, 1, 1.3786890549999953, 2168104, 0.08078765869140625, 0.9785440564155579
60, 30, 1, 1.372949675000001, 2168104, 0.05822668969631195, 0.9816824793815613
60, 25, 1, 3.607293721000019, 2168104, 0.05007246881723404, 0.9860650300979614
60, 20, 1, 3.699163618, 2168104, 0.04884856194257736, 0.9875912666320801
60, 9, 1, 3.051130425999986, 2168104, 0.08334208279848099, 0.9738896489143372
61, 35, 1, 1.297719715000028, 2168104, 0.228759303689003, 0.9252057075500488
61, 1, 1, 1.8467866960000379, 2168104, 0.17073704302310944, 0.9438642263412476
61, 22, 1, 1.8039919009999608, 2168104, 0.05069880560040474, 0.9846938848495483
61, 14, 1, 2.157052245000017, 2168104, 0.13875113427639008, 0.9535176157951355
61, 41, 1, 3.037516473999972, 2168104, 0.23053187131881714, 0.9251769185066223
61, 28, 1, 1.9832109479999929, 2168104, 0.07697371393442154, 0.9799482822418213
61, 36, 1, 2.6859827670000413, 2168104, 0.2297656536102295, 0.9221540689468384
61, 7, 1, 0.8923040029999925, 2168104, 0.08614496886730194, 0.9602446556091309
61, 10, 1, 1.916739974000052, 2168104, 0.03527795150876045, 0.9914893507957458
61, 44, 1, 1.7923643710000192, 2168104, 0.07722072303295135, 0.9775280952453613
61, 49, 1, 2.8614566300000206, 2168104, 0.10800229012966156, 0.9661971926689148
61, 23, 1, 3.0699210690000314, 2168104, 0.0561688169836998, 0.9827370643615723
62, 30, 1, 1.601092389999991, 2168104, 0.0605245940387249, 0.9789687991142273
62, 26, 1, 1.2203247600000395, 2168104, 0.12226194143295288, 0.9556354880332947
62, 24, 1, 2.3511073349999947, 2168104, 0.04107021912932396, 0.9893200397491455
62, 37, 1, 2.079851758000018, 2168104, 0.029332492500543594, 0.9913081526756287
62, 5, 1, 2.740739977000004, 2168104, 0.0401509627699852, 0.9882006049156189
62, 21, 1, 2.838414039999975, 2168104, 0.04500214383006096, 0.9863095283508301
62, 20, 1, 3.146569053999997, 2168104, 0.05007261037826538, 0.9866179823875427
62, 40, 1, 3.397657773999981, 2168104, 0.048658981919288635, 0.9834789037704468
62, 29, 1, 1.399585146999982, 2168104, 0.039318379014730453, 0.9890185594558716
62, 15, 1, 1.4496229999999741, 2168104, 0.06458796560764313, 0.9785440564155579
62, 9, 1, 3.4293942720000246, 2168104, 0.07905059307813644, 0.9765814542770386
62, 43, 1, 4.0340694889999895, 2168104, 0.07748118788003922, 0.9747381210327148
63, 34, 1, 1.0951027880000197, 2168104, 0.10251615196466446, 0.965624988079071
63, 28, 1, 1.3658349680000015, 2168104, 0.07928206771612167, 0.9773609042167664
63, 44, 1, 1.4982553539999799, 2168104, 0.07094451040029526, 0.977017343044281
63, 1, 1, 1.6566219840000258, 2168104, 0.13993768393993378, 0.9543080925941467
63, 22, 1, 1.677249804000013, 2168104, 0.047797784209251404, 0.9852041006088257
63, 10, 1, 1.682410252000011, 2168104, 0.04873461648821831, 0.9882978796958923
63, 0, 1, 2.129672621999987, 2168104, 0.03824559599161148, 0.9882397651672363
63, 14, 1, 2.0437716410000064, 2168104, 0.10117855668067932, 0.9656616449356079
63, 47, 1, 2.478087166000023, 2168104, 0.07355023920536041, 0.9783950448036194
63, 23, 1, 3.283492590000037, 2168104, 0.048731472343206406, 0.9864898920059204
63, 7, 1, 1.1659526990000018, 2168104, 0.10320273786783218, 0.9694189429283142
63, 39, 1, 2.247525397000004, 2168104, 0.15899308025836945, 0.9428951144218445
64, 30, 1, 1.257995257999994, 2168104, 0.04784095287322998, 0.9837177991867065
64, 26, 1, 1.0944335070000193, 2168104, 0.3504329323768616, 0.8836930394172668
64, 15, 1, 1.277992146000031, 2168104, 0.06989509612321854, 0.9800766110420227
64, 24, 1, 2.454173812000022, 2168104, 0.042523737996816635, 0.9861160516738892
64, 2, 1, 2.9772393420000185, 2168104, 0.04293806850910187, 0.9892444014549255
64, 36, 1, 2.828852170999994, 2168104, 0.22395280003547668, 0.9258864521980286
64, 20, 1, 3.259611720999999, 2168104, 0.050074636936187744, 0.9868612885475159
64, 9, 1, 3.1306951499999798, 2168104, 0.07852576673030853, 0.9779273271560669
64, 35, 1, 1.4016088640000248, 2168104, 0.12979848682880402, 0.9483919143676758
64, 25, 1, 4.204785060000006, 2168104, 0.04829525575041771, 0.9860650300979614
64, 39, 1, 1.7759205269999825, 2168104, 0.11653672903776169, 0.9575033187866211
64, 5, 1, 4.000443007999991, 2168104, 0.03841688483953476, 0.9879324436187744
65, 7, 1, 0.8642967060000046, 2168104, 0.059107840061187744, 0.9785932898521423
65, 48, 1, 1.4720534500000326, 2168104, 0.06500197947025299, 0.9793450832366943
65, 28, 1, 1.3636532879999663, 2168104, 0.079865463078022, 0.9805951118469238
65, 34, 1, 1.2733798599999773, 2168104, 0.11260291934013367, 0.9635416865348816
65, 14, 1, 2.0336723769999594, 2168104, 0.10876821726560593, 0.965242862701416
65, 49, 1, 2.49963944000001, 2168104, 0.11244477331638336, 0.961815357208252
65, 27, 1, 2.655014469999969, 2168104, 0.1340974122285843, 0.9515550136566162
65, 6, 1, 1.8017594329999724, 2168104, 0.05493811517953873, 0.9849033951759338
65, 16, 1, 1.4348514480000176, 2168104, 0.10613662004470825, 0.9647718071937561
65, 39, 1, 1.5728215089999935, 2168104, 0.17329418659210205, 0.9475431442260742
65, 10, 1, 1.6559915120000142, 2168104, 0.03580107167363167, 0.9898936152458191
65, 22, 1, 1.9710512479999807, 2168104, 0.04718043655157089, 0.9862244725227356
66, 35, 1, 1.4238070030000358, 2168104, 0.1333940178155899, 0.9543754458427429
66, 1, 1, 1.8440777669999875, 2168104, 0.14138326048851013, 0.9503916501998901
66, 47, 1, 2.2271559370000205, 2168104, 0.06505284458398819, 0.9801097512245178
66, 13, 1, 2.291226942000037, 2168104, 0.02725997008383274, 0.9918882250785828
66, 45, 1, 2.4615298289999714, 2168104, 0.03292938694357872, 0.9880864024162292
66, 41, 1, 3.282414578999976, 2168104, 0.1997840255498886, 0.9352881908416748
66, 20, 1, 3.25553301299999, 2168104, 0.04703063517808914, 0.9861313700675964
66, 0, 1, 2.748137629000041, 2168104, 0.0322728268802166, 0.9908952713012695
66, 30, 1, 1.2766191069999877, 2168104, 0.049108248203992844, 0.9850746393203735
66, 17, 1, 1.9469893060000345, 2168104, 0.1613515168428421, 0.9449664354324341
66, 19, 1, 2.1794008429999963, 2168104, 0.10669412463903427, 0.9732982516288757
66, 25, 1, 4.695616467000036, 2168104, 0.04908640682697296, 0.9860650300979614
67, 7, 1, 0.7986626169999909, 2168104, 0.049609940499067307, 0.9831804037094116
67, 28, 1, 1.3792941509999537, 2168104, 0.06900808215141296, 0.9786545634269714
67, 44, 1, 1.7406378320000044, 2168104, 0.0694475769996643, 0.9790602922439575
67, 6, 1, 1.5830032209999558, 2168104, 0.056524038314819336, 0.9867149591445923
67, 21, 1, 2.294070950000048, 2168104, 0.04554595425724983, 0.9877976179122925
67, 16, 1, 1.3899990250000087, 2168104, 0.10339582711458206, 0.9655724763870239
67, 22, 1, 1.7248154679999743, 2168104, 0.02771715074777603, 0.9903061389923096
67, 14, 1, 2.036268865000011, 2168104, 0.08890815824270248, 0.9681742191314697
67, 15, 1, 1.1656824510000092, 2168104, 0.0742851197719574, 0.9731800556182861
67, 3, 1, 2.742550611000013, 2168104, 0.08551187068223953, 0.975428581237793
67, 49, 1, 2.6236165909999727, 2168104, 0.09930282086133957, 0.9693270921707153
67, 27, 1, 2.95772374500001, 2168104, 0.12552675604820251, 0.9584330320358276
68, 10, 1, 1.6522340579999764, 2168104, 0.04167145490646362, 0.9872340559959412
68, 8, 1, 2.0388974790000134, 2168104, 0.09962965548038483, 0.971875011920929
68, 1, 1, 2.0742580159999875, 2168104, 0.12889470160007477, 0.9556135535240173
68, 0, 1, 2.229225315000008, 2168104, 0.03609008714556694, 0.9889984726905823
68, 47, 1, 2.3364454770000407, 2168104, 0.07139149308204651, 0.9773662686347961
68, 2, 1, 3.0566777440000124, 2168104, 0.04508989676833153, 0.9878999590873718
68, 25, 1, 3.3108366540000134, 2168104, 0.04856862127780914, 0.9862862229347229
68, 18, 1, 1.5937557359999914, 2168104, 0.05834689363837242, 0.9855324029922485
68, 13, 1, 1.940880529000026, 2168104, 0.03469880297780037, 0.9896349906921387
68, 17, 1, 1.8543817010000225, 2168104, 0.1763390302658081, 0.9409396052360535
68, 45, 1, 2.4639860689999864, 2168104, 0.035264335572719574, 0.9895755648612976
68, 4, 1, 3.615601732000016, 2168104, 0.07868245244026184, 0.9783037304878235
69, 44, 1, 1.8139833540000154, 2168104, 0.07585310935974121, 0.9765066504478455
69, 17, 1, 1.9036017580000362, 2168104, 0.16877710819244385, 0.9463087320327759
69, 6, 1, 1.625216005000027, 2168104, 0.055332284420728683, 0.9855072498321533
69, 3, 1, 2.5431910550000225, 2168104, 0.08226475119590759, 0.9779999852180481
69, 15, 1, 1.5238117850000208, 2168104, 0.08389827609062195, 0.9708812236785889
69, 28, 1, 1.6639205879999963, 2168104, 0.07678978890180588, 0.9747735857963562
69, 16, 1, 1.347206276999998, 2168104, 0.09960183501243591, 0.9687750339508057
69, 37, 1, 1.789162555999951, 2168104, 0.03157590329647064, 0.9895697236061096
69, 7, 1, 0.9729930600000216, 2168104, 0.05839234218001366, 0.9785932898521423
69, 49, 1, 2.348174542000038, 2168104, 0.09623868018388748, 0.9718309640884399
69, 27, 1, 2.7561335389999613, 2168104, 0.12531693279743195, 0.9614234566688538
69, 21, 1, 3.253981549999992, 2168104, 0.04702587425708771, 0.9857142567634583
70, 30, 1, 1.3211308189999613, 2168104, 0.043134965002536774, 0.9837177991867065
70, 8, 1, 2.004345211000043, 2168104, 0.10228754580020905, 0.9701389074325562
70, 13, 1, 1.8956569599999966, 2168104, 0.03677128255367279, 0.9855790734291077
70, 2, 1, 2.5385009469999886, 2168104, 0.04509586840867996, 0.9881688356399536
70, 44, 1, 1.9839379669999744, 2168104, 0.065264031291008, 0.983146071434021
70, 0, 1, 2.532647354000005, 2168104, 0.03136499226093292, 0.990515947341919
70, 45, 1, 2.5158172409999793, 2168104, 0.04181037098169327, 0.9873417615890503
70, 4, 1, 3.1344438209999907, 2168104, 0.07620381563901901, 0.9785503149032593
70, 18, 1, 1.808477604000018, 2168104, 0.06318701803684235, 0.9814814925193787
70, 10, 1, 1.9036255759999676, 2168104, 0.04265395924448967, 0.9867021441459656
70, 25, 1, 3.8807540959999756, 2168104, 0.05047817528247833, 0.9860650300979614
70, 47, 1, 2.7189731650000226, 2168104, 0.06998105347156525, 0.9783950448036194
71, 15, 1, 1.0925923199999943, 2168104, 0.10941269993782043, 0.9639846682548523
71, 16, 1, 1.3328775840000162, 2168104, 0.10464045405387878, 0.9679743647575378
71, 28, 1, 1.5246438770000168, 2168104, 0.08021511882543564, 0.9767140746116638
71, 17, 1, 2.010079305999966, 2168104, 0.170938178896904, 0.945861279964447
71, 6, 1, 1.7421359779999648, 2168104, 0.05986984446644783, 0.9818840622901917
71, 27, 1, 2.5357228099999816, 2168104, 0.12376213073730469, 0.9605262875556946
71, 3, 1, 2.7299909939999907, 2168104, 0.08218236267566681, 0.9765714406967163
71, 21, 1, 2.98469260600001, 2168104, 0.04860936105251312, 0.987500011920929
71, 44, 1, 1.9035410820000038, 2168104, 0.07403379678726196, 0.9805924296379089
71, 7, 1, 1.0317466330000116, 2168104, 0.065189428627491, 0.9770641922950745
71, 48, 1, 1.7536856770000213, 2168104, 0.060218118131160736, 0.982367753982544
71, 49, 1, 3.474531049999996, 2168104, 0.09328976273536682, 0.9721439480781555
72, 7, 1, 0.9710427910000021, 2168104, 0.05289255082607269, 0.9831804037094116
72, 8, 1, 1.8119503159999795, 2168104, 0.0986538752913475, 0.9701389074325562
72, 10, 1, 1.5733824260000233, 2168104, 0.05205675959587097, 0.9867021441459656
72, 0, 1, 2.060057229999984, 2168104, 0.03362305462360382, 0.9901365637779236
72, 4, 1, 2.963321661000009, 2168104, 0.0752648264169693, 0.9805226922035217
72, 13, 1, 1.9525130549999972, 2168104, 0.04639222100377083, 0.9833258390426636
72, 45, 1, 2.4440357949999907, 2168104, 0.03791821375489235, 0.9877140522003174
72, 47, 1, 2.577331588999982, 2168104, 0.07107798010110855, 0.978738009929657
72, 18, 1, 1.7899364769999693, 2168104, 0.0627843588590622, 0.9832175970077515
72, 44, 1, 1.976220393999995, 2168104, 0.06971036642789841, 0.9816138744354248
72, 2, 1, 3.2004760940000097, 2168104, 0.046544332057237625, 0.98763108253479
72, 25, 1, 4.232613561999983, 2168104, 0.04989375174045563, 0.9860650300979614
73, 7, 1, 0.917658337999967, 2168104, 0.054065488278865814, 0.9831804037094116
73, 15, 1, 1.4256512590000057, 2168104, 0.08964215219020844, 0.969348669052124
73, 44, 1, 1.5783034099999895, 2168104, 0.0770886242389679, 0.9754852056503296
73, 37, 1, 2.0245859579999888, 2168104, 0.030974486842751503, 0.9908735156059265
73, 21, 1, 2.3465399969999794, 2168104, 0.04646442458033562, 0.9866071343421936
73, 28, 1, 1.7635529589999805, 2168104, 0.08327987790107727, 0.972186267375946
73, 3, 1, 2.7215524459999756, 2168104, 0.07875170558691025, 0.978857159614563
73, 49, 1, 2.749665329000038, 2168104, 0.09462133795022964, 0.9715179800987244
73, 16, 1, 1.3965977560000056, 2168104, 0.09832453727722168, 0.9671737551689148
73, 17, 1, 2.1296987850000164, 2168104, 0.1598849892616272, 0.9507830142974854
73, 27, 1, 3.344393671999967, 2168104, 0.12905529141426086, 0.9557416439056396
73, 6, 1, 2.35083217600004, 2168104, 0.05210420861840248, 0.9861111044883728
74, 7, 1, 0.892102900999987, 2168104, 0.060697637498378754, 0.9801223278045654
74, 30, 1, 1.4426033770000117, 2168104, 0.04768572747707367, 0.98439621925354
74, 10, 1, 1.671108917999959, 2168104, 0.03767867758870125, 0.9877659678459167
74, 47, 1, 2.2857187320000207, 2168104, 0.06559523940086365, 0.9818243980407715
74, 45, 1, 2.3292190459999915, 2168104, 0.03690570592880249, 0.9873417615890503
74, 0, 1, 2.367839834999984, 2168104, 0.03447912260890007, 0.9893778562545776
74, 2, 1, 2.816539256999988, 2168104, 0.045234691351652145, 0.988706648349762
74, 25, 1, 4.027359988000001, 2168104, 0.048518918454647064, 0.9867286086082458
74, 44, 1, 1.8003600819999974, 2168104, 0.06756045669317245, 0.9811031818389893
74, 13, 1, 2.0198525590000145, 2168104, 0.04153532162308693, 0.9828751683235168
74, 18, 1, 1.5951204560000178, 2168104, 0.05776806175708771, 0.984375
74, 8, 1, 2.665961154999991, 2168104, 0.09815610200166702, 0.9715277552604675
75, 7, 1, 1.0055304199999568, 2168104, 0.055562037974596024, 0.9801223278045654
75, 15, 1, 1.301941505000002, 2168104, 0.09541485458612442, 0.9639846682548523
75, 6, 1, 1.4155121150000127, 2168104, 0.058559417724609375, 0.9836956262588501
75, 48, 1, 1.7941068050000126, 2168104, 0.06135988235473633, 0.9808564186096191
75, 17, 1, 1.875810275000049, 2168104, 0.18412162363529205, 0.9373601675033569
75, 3, 1, 2.46814648000003, 2168104, 0.07707418501377106, 0.9800000190734863
75, 49, 1, 2.5701593489999937, 2168104, 0.09253235161304474, 0.9693270921707153
75, 16, 1, 1.4658229109999752, 2168104, 0.09789177775382996, 0.9655724763870239
75, 44, 1, 2.1912035720000063, 2168104, 0.07085977494716644, 0.977017343044281
75, 28, 1, 1.7354755869999963, 2168104, 0.0810806155204773, 0.9754204154014587
75, 21, 1, 3.1123889469999995, 2168104, 0.04238644242286682, 0.9886904954910278
75, 27, 1, 4.8804950459999645, 2168104, 0.11749351769685745, 0.9608253836631775
76, 18, 1, 1.4673375389999705, 2168104, 0.05945665016770363, 0.9849537014961243
76, 0, 1, 2.1684875179999494, 2168104, 0.03263566642999649, 0.9893778562545776
76, 10, 1, 1.8013424669999836, 2168104, 0.045031171292066574, 0.9872340559959412
76, 8, 1, 2.19790931, 2168104, 0.09690123796463013, 0.971875011920929
76, 2, 1, 3.2556196929999714, 2168104, 0.03949461877346039, 0.9895133376121521
76, 25, 1, 3.577549688999966, 2168104, 0.048327475786209106, 0.9876133799552917
76, 44, 1, 2.535708899000042, 2168104, 0.06489526480436325, 0.9836567640304565
76, 7, 1, 1.0606836300000282, 2168104, 0.05574120953679085, 0.9816513657569885
76, 47, 1, 2.210996936000015, 2168104, 0.06985829770565033, 0.9811385273933411
76, 13, 1, 2.031210810999994, 2168104, 0.04437866061925888, 0.9824244976043701
76, 45, 1, 2.561189877000004, 2168104, 0.03889106214046478, 0.9880864024162292
76, 4, 1, 3.5439853159999757, 2168104, 0.07131507247686386, 0.9817554354667664
77, 16, 1, 1.510325325999986, 2168104, 0.10315781831741333, 0.9679743647575378
77, 15, 1, 1.3643740800000046, 2168104, 0.09934116899967194, 0.9670498371124268
77, 7, 1, 0.9039090009999882, 2168104, 0.058776404708623886, 0.9785932898521423
77, 17, 1, 1.9632402899999875, 2168104, 0.16113805770874023, 0.9476510286331177
77, 44, 1, 1.8834954359999756, 2168104, 0.06675831228494644, 0.9800817370414734
77, 48, 1, 1.741026139999974, 2168104, 0.06307283788919449, 0.9788413047790527
77, 27, 1, 2.4074706960000185, 2168104, 0.11855701357126236, 0.9614234566688538
77, 3, 1, 3.406014819999996, 2168104, 0.07557761669158936, 0.9800000190734863
77, 21, 1, 3.1840149930000052, 2168104, 0.04452531784772873, 0.9889881014823914
77, 49, 1, 2.5506258080000066, 2168104, 0.08967931568622589, 0.9737089276313782
77, 28, 1, 1.81383865600003, 2168104, 0.08170656859874725, 0.9780077338218689
77, 6, 1, 1.7560114010000234, 2168104, 0.05707789957523346, 0.9836956262588501
78, 45, 1, 2.2600867770000264, 2168104, 0.033600132912397385, 0.9895755648612976
78, 47, 1, 2.352376214000003, 2168104, 0.06606732308864594, 0.9828532338142395
78, 10, 1, 1.857146591000003, 2168104, 0.04063988849520683, 0.9867021441459656
78, 8, 1, 2.099439812000014, 2168104, 0.09686573594808578, 0.9708333611488342
78, 0, 1, 1.9495145999999863, 2168104, 0.032710202038288116, 0.9889984726905823
78, 13, 1, 2.1015616089999867, 2168104, 0.04412011802196503, 0.9828751683235168
78, 4, 1, 2.9284622000000127, 2168104, 0.07046447694301605, 0.9792899489402771
78, 7, 1, 0.9250244290000182, 2168104, 0.04735236242413521, 0.9816513657569885
78, 18, 1, 1.6733438530000058, 2168104, 0.05337086319923401, 0.9866898059844971
78, 44, 1, 2.0715795109999817, 2168104, 0.06559674441814423, 0.9816138744354248
78, 2, 1, 3.310315315999958, 2168104, 0.04360196366906166, 0.9892444014549255
78, 25, 1, 4.306526752000025, 2168104, 0.045164234936237335, 0.9865074157714844
79, 15, 1, 1.1519908610000016, 2168104, 0.09108933061361313, 0.969348669052124
79, 7, 1, 0.8481189330000234, 2168104, 0.05779207497835159, 0.9816513657569885
79, 28, 1, 1.2569754649999823, 2168104, 0.0768442377448082, 0.9754204154014587
79, 37, 1, 2.017603532999999, 2168104, 0.029416119679808617, 0.9926118850708008
79, 49, 1, 2.469140151999966, 2168104, 0.08847276866436005, 0.9743348956108093
79, 3, 1, 2.136356755999998, 2168104, 0.07501547038555145, 0.980571448802948
79, 21, 1, 2.9031764810000027, 2168104, 0.0414838008582592, 0.9883928298950195
79, 17, 1, 2.0548074890000407, 2168104, 0.15689973533153534, 0.9480984210968018
79, 6, 1, 1.6937353540000117, 2168104, 0.05204137787222862, 0.9861111044883728
79, 27, 1, 3.1782766879999826, 2168104, 0.11755131930112839, 0.9617224931716919
79, 44, 1, 1.5295675630000005, 2168104, 0.07012113183736801, 0.9811031818389893
79, 16, 1, 1.4021598599999834, 2168104, 0.10089005529880524, 0.9671737551689148
80, 10, 1, 1.5754584360000194, 2168104, 0.04413821920752525, 0.9888297915458679
80, 18, 1, 1.5551093199999855, 2168104, 0.054409343749284744, 0.9855324029922485
80, 44, 1, 1.9428437380000219, 2168104, 0.06311623007059097, 0.9780387878417969
80, 8, 1, 2.454924707000032, 2168104, 0.09321366250514984, 0.971875011920929
80, 13, 1, 1.9227422999999817, 2168104, 0.03561186417937279, 0.9855790734291077
80, 47, 1, 2.5387032059999797, 2168104, 0.06408439576625824, 0.9814814925193787
80, 25, 1, 3.381011935999993, 2168104, 0.045110154896974564, 0.9867286086082458
80, 2, 1, 3.0469483400000286, 2168104, 0.039978500455617905, 0.9881688356399536
80, 45, 1, 3.0773633200000177, 2168104, 0.033489976078271866, 0.9903202056884766
80, 0, 1, 2.6828717140000435, 2168104, 0.028094002977013588, 0.990515947341919
80, 7, 1, 1.117152754000017, 2168104, 0.04686446860432625, 0.9847095012664795
80, 23, 1, 3.9297684679999634, 2168104, 0.04001730680465698, 0.9884913563728333
81, 16, 1, 1.3220829980000417, 2168104, 0.09376347810029984, 0.9687750339508057
81, 15, 1, 1.4253793270000301, 2168104, 0.06724414229393005, 0.9777777791023254
81, 21, 1, 2.5064390240000307, 2168104, 0.04143957048654556, 0.9877976179122925
81, 49, 1, 2.5240245040000104, 2168104, 0.08227534592151642, 0.9765258431434631
81, 37, 1, 2.065454150999983, 2168104, 0.028162455186247826, 0.9926118850708008
81, 9, 1, 2.753583488000004, 2168104, 0.0729888454079628, 0.9803499579429626
81, 27, 1, 2.8204198980000115, 2168104, 0.1099129244685173, 0.9653109908103943
81, 3, 1, 3.0001355369999487, 2168104, 0.07253743708133698, 0.978857159614563
81, 6, 1, 1.6584974110000417, 2168104, 0.04480806365609169, 0.989130437374115
81, 28, 1, 1.6452582530000086, 2168104, 0.061653826385736465, 0.983182430267334
81, 48, 1, 1.9527292559999978, 2168104, 0.05777999386191368, 0.9813601970672607
81, 17, 1, 2.307795294000016, 2168104, 0.1630084365606308, 0.945861279964447
82, 7, 1, 0.8704780149999465, 2168104, 0.04881402105093002, 0.9770641922950745
82, 10, 1, 1.5454403120000393, 2168104, 0.039969585835933685, 0.9893617033958435
82, 18, 1, 1.7561909279999668, 2168104, 0.051536474376916885, 0.9878472089767456
82, 13, 1, 1.915273916999979, 2168104, 0.03889748826622963, 0.9882830381393433
82, 44, 1, 1.9889689269999735, 2168104, 0.06715665012598038, 0.9800817370414734
82, 8, 1, 2.4207627119999984, 2168104, 0.08615192770957947, 0.9767361283302307
82, 0, 1, 2.343791924999948, 2168104, 0.03153148666024208, 0.990515947341919
82, 2, 1, 3.053409267999996, 2168104, 0.037951432168483734, 0.9905888438224792
82, 47, 1, 2.4193241209999883, 2168104, 0.06817229837179184, 0.9797667860984802
82, 23, 1, 3.5606335379999905, 2168104, 0.03846094012260437, 0.9897422790527344
82, 45, 1, 2.816814118000025, 2168104, 0.03306025639176369, 0.9903202056884766
82, 4, 1, 4.112791897000022, 2168104, 0.06989467889070511, 0.9807692170143127
83, 16, 1, 1.159408831999997, 2168104, 0.09129592031240463, 0.9727782011032104
83, 6, 1, 1.5626778619999868, 2168104, 0.04824887961149216, 0.9842995405197144
83, 30, 1, 1.367419181999992, 2168104, 0.05079285800457001, 0.9830393195152283
83, 17, 1, 2.1428630849999877, 2168104, 0.15653809905052185, 0.9472035765647888
83, 27, 1, 2.712484225999958, 2168104, 0.10585132986307144, 0.9683014154434204
83, 9, 1, 3.0006885920000173, 2168104, 0.07248688489198685, 0.9784656763076782
83, 28, 1, 1.7471146770000132, 2168104, 0.06732922792434692, 0.9786545634269714
83, 15, 1, 1.3228021300000137, 2168104, 0.08361344039440155, 0.9708812236785889
83, 48, 1, 1.525135242000033, 2168104, 0.06019482761621475, 0.982367753982544
83, 49, 1, 2.626073469000005, 2168104, 0.08355671167373657, 0.9737089276313782
83, 21, 1, 2.707965607999995, 2168104, 0.0416051484644413, 0.9872024059295654
83, 3, 1, 2.632836005999991, 2168104, 0.07124707102775574, 0.9800000190734863
84, 10, 1, 1.4764791739999623, 2168104, 0.037511516362428665, 0.9898936152458191
84, 13, 1, 1.4487144610000087, 2168104, 0.03356262668967247, 0.9878323674201965
84, 8, 1, 1.9014398529999994, 2168104, 0.08897698670625687, 0.972569465637207
84, 44, 1, 1.7852752820000433, 2168104, 0.06265673786401749, 0.9816138744354248
84, 45, 1, 2.309149109000032, 2168104, 0.03456767275929451, 0.9899478554725647
84, 47, 1, 2.130481287000009, 2168104, 0.06467525660991669, 0.9804526567459106
84, 2, 1, 2.665383241000029, 2168104, 0.03959580138325691, 0.988706648349762
84, 23, 1, 2.9848213939999937, 2168104, 0.03701489046216011, 0.9889917373657227
84, 18, 1, 2.2425383209999836, 2168104, 0.053164176642894745, 0.9855324029922485
84, 7, 1, 0.9928346699999793, 2168104, 0.06592961400747299, 0.9785932898521423
84, 0, 1, 2.427799150999988, 2168104, 0.026762953028082848, 0.9901365637779236
84, 4, 1, 3.5701696760000345, 2168104, 0.06599265336990356, 0.9810158014297485
85, 28, 1, 1.379999010000006, 2168104, 0.06496226787567139, 0.9825356006622314
85, 6, 1, 1.541338407000012, 2168104, 0.04554840549826622, 0.9855072498321533
85, 17, 1, 1.9458775609999748, 2168104, 0.1475357860326767, 0.9512304067611694
85, 35, 1, 1.5914324199999896, 2168104, 0.12462415546178818, 0.9588631391525269
85, 49, 1, 2.74073920699999, 2168104, 0.07735101133584976, 0.9777777791023254
85, 3, 1, 3.1033608799999683, 2168104, 0.06970659643411636, 0.982285737991333
85, 15, 1, 1.3682680499999833, 2168104, 0.07105596363544464, 0.9777777791023254
85, 9, 1, 3.4764139299999783, 2168104, 0.07229756563901901, 0.9798115491867065
85, 16, 1, 1.2785497469999996, 2168104, 0.08707624673843384, 0.9711769223213196
85, 21, 1, 2.842061566000041, 2168104, 0.04008596017956734, 0.9886904954910278
85, 27, 1, 3.1928430619999517, 2168104, 0.10386787354946136, 0.9623205661773682
85, 48, 1, 2.594148071999996, 2168104, 0.06166315823793411, 0.9803526401519775
86, 22, 1, 1.5197841060000314, 2168104, 0.04032916575670242, 0.9892857074737549
86, 13, 1, 1.6441381500000034, 2168104, 0.035785675048828125, 0.9860297441482544
86, 10, 1, 1.5388213969999924, 2168104, 0.04066087305545807, 0.9872340559959412
86, 44, 1, 1.960827395000024, 2168104, 0.06270267069339752, 0.9826353192329407
86, 0, 1, 2.0574214799999595, 2168104, 0.028491174802184105, 0.9924127459526062
86, 18, 1, 1.6968835299999796, 2168104, 0.05076643452048302, 0.9855324029922485
86, 47, 1, 2.2668860499999823, 2168104, 0.06108862906694412, 0.9821673631668091
86, 45, 1, 2.2931604199999924, 2168104, 0.03463949263095856, 0.9906924962997437
86, 23, 1, 3.3616292499999645, 2168104, 0.036834459751844406, 0.9902426600456238
86, 7, 1, 0.9369241719999764, 2168104, 0.06563496589660645, 0.9755351543426514
86, 2, 1, 3.326819277000027, 2168104, 0.04024742916226387, 0.9903199672698975
86, 8, 1, 2.8806701450000105, 2168104, 0.08498773723840714, 0.9760416746139526
87, 16, 1, 1.4241980600000375, 2168104, 0.08877385407686234, 0.9711769223213196
87, 6, 1, 1.5483195930000306, 2168104, 0.04235697537660599, 0.9873188138008118
87, 37, 1, 1.8558493399999634, 2168104, 0.025493424385786057, 0.9921773076057434
87, 15, 1, 1.5634888490000094, 2168104, 0.07086169719696045, 0.9747126698493958
87, 48, 1, 2.0456000639999843, 2168104, 0.05663171783089638, 0.9818639755249023
87, 17, 1, 2.0804967109999666, 2168104, 0.1373966634273529, 0.9597315192222595
87, 49, 1, 2.3448145090000025, 2168104, 0.07587291300296783, 0.9762128591537476
87, 27, 1, 2.7866050709999968, 2168104, 0.10089388489723206, 0.9686004519462585
87, 3, 1, 3.041737511000008, 2168104, 0.0693822130560875, 0.9819999933242798
87, 21, 1, 2.9023857269999667, 2168104, 0.039819203317165375, 0.9898809790611267
87, 9, 1, 3.2833629040000005, 2168104, 0.07110282778739929, 0.9776581525802612
87, 28, 1, 1.977168167000002, 2168104, 0.05591343343257904, 0.9838292598724365
88, 44, 1, 1.5512552140000366, 2168104, 0.05866534262895584, 0.9821246266365051
88, 8, 1, 2.0537469399999964, 2168104, 0.08955730497837067, 0.9711805582046509
88, 10, 1, 1.8866465390000258, 2168104, 0.041658494621515274, 0.9882978796958923
88, 47, 1, 2.294526408999957, 2168104, 0.061420489102602005, 0.9807956218719482
88, 0, 1, 2.155840102999946, 2168104, 0.029782047495245934, 0.9901365637779236
88, 13, 1, 2.0592461479999997, 2168104, 0.03109482303261757, 0.9882830381393433
88, 45, 1, 2.4773734460000014, 2168104, 0.0346335805952549, 0.9892032742500305
88, 25, 1, 3.6182800260000363, 2168104, 0.043389592319726944, 0.9876133799552917
88, 23, 1, 3.367043647999992, 2168104, 0.03505710884928703, 0.9887415766716003
88, 18, 1, 1.6448123180000493, 2168104, 0.05160767585039139, 0.9837962985038757
88, 2, 1, 3.3665294049999943, 2168104, 0.03749175742268562, 0.9916644096374512
88, 7, 1, 1.3944608410000114, 2168104, 0.06041036918759346, 0.9847095012664795
89, 16, 1, 1.283632689000001, 2168104, 0.09216893464326859, 0.9703763127326965
89, 44, 1, 1.692951459000028, 2168104, 0.0590255968272686, 0.9846782684326172
89, 6, 1, 1.4256971440000257, 2168104, 0.04746440798044205, 0.9855072498321533
89, 28, 1, 1.718618537999987, 2168104, 0.05774645879864693, 0.9818887710571289
89, 37, 1, 2.0013256650000244, 2168104, 0.02501767687499523, 0.9930465221405029
89, 49, 1, 2.5996332749999738, 2168104, 0.07550602406263351, 0.9787167310714722
89, 17, 1, 1.9481671930000175, 2168104, 0.14518891274929047, 0.9503355622291565
89, 27, 1, 2.6667702930000132, 2168104, 0.10088830441236496, 0.9691985845565796
89, 3, 1, 2.6075163239999597, 2168104, 0.06862377375364304, 0.9811428785324097
89, 21, 1, 2.861444653000035, 2168104, 0.03974083438515663, 0.9901785850524902
89, 15, 1, 1.8790202980000004, 2168104, 0.054721470922231674, 0.9816091656684875
89, 48, 1, 2.604734812000004, 2168104, 0.050706442445516586, 0.9833753108978271
90, 10, 1, 1.6353040729999861, 2168104, 0.037479519844055176, 0.9909574389457703
90, 44, 1, 1.7527899770000204, 2168104, 0.05690491944551468, 0.9826353192329407
90, 8, 1, 2.1504719479999608, 2168104, 0.08354546129703522, 0.9739583134651184
90, 0, 1, 2.239754504000018, 2168104, 0.026129240170121193, 0.9924127459526062
90, 4, 1, 2.9331480870000064, 2168104, 0.06377236545085907, 0.9822485446929932
90, 45, 1, 2.3668396379999876, 2168104, 0.030556170269846916, 0.9903202056884766
90, 47, 1, 2.672981758999981, 2168104, 0.0578753836452961, 0.9807956218719482
90, 25, 1, 3.325437442000009, 2168104, 0.042688217014074326, 0.9891616702079773
90, 7, 1, 1.0097619539999982, 2168104, 0.05656382441520691, 0.9847095012664795
90, 13, 1, 2.1534353829999873, 2168104, 0.03648447245359421, 0.9851284623146057
90, 18, 1, 1.8340883500000018, 2168104, 0.051789894700050354, 0.9866898059844971
90, 2, 1, 3.7125509779999675, 2168104, 0.0392024964094162, 0.9892444014549255
91, 7, 1, 0.9231679399999848, 2168104, 0.05271179601550102, 0.9785932898521423
91, 6, 1, 1.5098228919999883, 2168104, 0.05073229968547821, 0.9842995405197144
91, 15, 1, 1.4037626339999747, 2168104, 0.07575439661741257, 0.9754789471626282
91, 17, 1, 1.7829321899999968, 2168104, 0.15754501521587372, 0.9436241388320923
91, 21, 1, 2.5166772199999627, 2168104, 0.038196396082639694, 0.9889881014823914
91, 16, 1, 1.3365937099999883, 2168104, 0.08614818751811981, 0.9727782011032104
91, 44, 1, 2.0679375599999616, 2168104, 0.06338568031787872, 0.9800817370414734
91, 23, 1, 3.0501121990000115, 2168104, 0.03300696983933449, 0.9912434220314026
91, 3, 1, 3.4672247689999836, 2168104, 0.07021310925483704, 0.9817143082618713
91, 28, 1, 1.6241740689999915, 2168104, 0.0660194456577301, 0.9793014526367188
91, 49, 1, 3.080388508999988, 2168104, 0.07721856236457825, 0.978090763092041
91, 27, 1, 4.684723362, 2168104, 0.10406012088060379, 0.9671052694320679
92, 10, 1, 1.6732615200000396, 2168104, 0.03460662439465523, 0.9893617033958435
92, 18, 1, 1.6088182859999733, 2168104, 0.04886091127991676, 0.9872685074806213
92, 30, 1, 1.6615371540000297, 2168104, 0.03932745382189751, 0.9891451597213745
92, 45, 1, 2.262250190999964, 2168104, 0.031361088156700134, 0.992181658744812
92, 2, 1, 2.658826726999962, 2168104, 0.03683800995349884, 0.9924710988998413
92, 25, 1, 3.478594348999991, 2168104, 0.04136228933930397, 0.9889404773712158
92, 8, 1, 2.915314118000026, 2168104, 0.08746010065078735, 0.9736111164093018
92, 15, 1, 1.2870549600000345, 2168104, 0.044903818517923355, 0.9862068891525269
92, 0, 1, 1.9736404390000075, 2168104, 0.02455908991396427, 0.9935508370399475
92, 13, 1, 1.946372298999961, 2168104, 0.02915986254811287, 0.9891843199729919
92, 47, 1, 2.4592547039999886, 2168104, 0.054444730281829834, 0.9845678806304932
92, 20, 1, 3.006734311999992, 2168104, 0.0460774265229702, 0.9863746762275696
93, 7, 1, 0.8847587989999965, 2168104, 0.04931149631738663, 0.9831804037094116
93, 6, 1, 1.504696690000003, 2168104, 0.046843450516462326, 0.9849033951759338
93, 15, 1, 1.2731432819999782, 2168104, 0.07646549493074417, 0.9685823917388916
93, 17, 1, 1.8251543299999753, 2168104, 0.15388374030590057, 0.9472035765647888
93, 49, 1, 2.369997535999971, 2168104, 0.07468516379594803, 0.9793426990509033
93, 44, 1, 1.9266173460000005, 2168104, 0.06320390850305557, 0.9826353192329407
93, 37, 1, 2.2571490929999527, 2168104, 0.027544718235731125, 0.9930465221405029
93, 21, 1, 2.8649100389999944, 2168104, 0.03914828598499298, 0.9877976179122925
93, 16, 1, 1.495331522000015, 2168104, 0.08640946447849274, 0.9719775915145874
93, 28, 1, 1.5597857739999768, 2168104, 0.07014546543359756, 0.9773609042167664
93, 3, 1, 2.8896903369999904, 2168104, 0.06879022717475891, 0.9811428785324097
93, 27, 1, 2.9667266629999745, 2168104, 0.10156547278165817, 0.9650119543075562
94, 7, 1, 0.8656907800000226, 2168104, 0.053069066256284714, 0.9816513657569885
94, 30, 1, 1.5067674439999905, 2168104, 0.03993759676814079, 0.9864314794540405
94, 10, 1, 1.6624667670000122, 2168104, 0.03264126554131508, 0.9898936152458191
94, 0, 1, 2.153943445999971, 2168104, 0.025152556598186493, 0.9908952713012695
94, 44, 1, 1.8043090479999933, 2168104, 0.060631830245256424, 0.9836567640304565
94, 47, 1, 2.473504613999978, 2168104, 0.056004684418439865, 0.9831961393356323
94, 8, 1, 2.5796688599999698, 2168104, 0.08453524112701416, 0.9746527671813965
94, 25, 1, 3.329249919999995, 2168104, 0.043626658618450165, 0.9878345727920532
94, 18, 1, 2.5416583410000158, 2168104, 0.04895306006073952, 0.9872685074806213
94, 13, 1, 1.8061186479999947, 2168104, 0.035568028688430786, 0.9860297441482544
94, 45, 1, 2.3950014609999926, 2168104, 0.03267717733979225, 0.9903202056884766
94, 23, 1, 3.5964103279999904, 2168104, 0.03191772848367691, 0.9904928803443909
95, 35, 1, 1.163151857999992, 2168104, 0.13541193306446075, 0.9536275267601013
95, 15, 1, 1.4979899459999615, 2168104, 0.05856432393193245, 0.9808428883552551
95, 6, 1, 1.4977761970000074, 2168104, 0.04918915778398514, 0.987922728061676
95, 1, 1, 1.9998614719999637, 2168104, 0.12362295389175415, 0.9617058038711548
95, 49, 1, 2.5281790849999766, 2168104, 0.0726836621761322, 0.9774647951126099
95, 27, 1, 2.673153228999979, 2168104, 0.09563159197568893, 0.9683014154434204
95, 17, 1, 2.1527288489999705, 2168104, 0.142782524228096, 0.9534675478935242
95, 36, 1, 3.281644674000006, 2168104, 0.19850942492485046, 0.9344174861907959
95, 28, 1, 1.810746292000033, 2168104, 0.053549591451883316, 0.9825356006622314
95, 16, 1, 1.2244021940000493, 2168104, 0.08321932703256607, 0.9695756435394287
95, 21, 1, 2.7969609219999825, 2168104, 0.03649913892149925, 0.9892857074737549
95, 3, 1, 3.518691175000015, 2168104, 0.06534772366285324, 0.9842857122421265
96, 7, 1, 0.9919250500000203, 2168104, 0.036081090569496155, 0.9892966151237488
96, 13, 1, 1.873655326000005, 2168104, 0.03304141387343407, 0.9878323674201965
96, 0, 1, 2.021058068000002, 2168104, 0.027854057028889656, 0.9916540384292603
96, 8, 1, 2.470291492000001, 2168104, 0.08019634336233139, 0.9774305820465088
96, 47, 1, 2.56492799800003, 2168104, 0.05588593706488609, 0.9828532338142395
96, 4, 1, 3.0392569640000033, 2168104, 0.05885656923055649, 0.9827415943145752
96, 2, 1, 2.818725824000012, 2168104, 0.03624112904071808, 0.9922022223472595
96, 23, 1, 3.316643885000019, 2168104, 0.03139567747712135, 0.9904928803443909
96, 45, 1, 2.186118563999969, 2168104, 0.0277546513825655, 0.9932985901832581
96, 44, 1, 1.6967823740000085, 2168104, 0.056544672697782516, 0.983146071434021
96, 18, 1, 1.728751511999974, 2168104, 0.044639233499765396, 0.9907407164573669
96, 10, 1, 2.1655149769999866, 2168104, 0.03306357190012932, 0.9893617033958435
97, 6, 1, 1.4722517850000258, 2168104, 0.04068142920732498, 0.987922728061676
97, 30, 1, 1.413085427999988, 2168104, 0.042920105159282684, 0.989823579788208
97, 21, 1, 2.4370921760000215, 2168104, 0.03833116963505745, 0.9883928298950195
97, 17, 1, 2.0516498220000017, 2168104, 0.1448567509651184, 0.9512304067611694
97, 27, 1, 2.7140681750000226, 2168104, 0.09428693354129791, 0.9665071964263916
97, 9, 1, 2.7887307119999605, 2168104, 0.06814631819725037, 0.9776581525802612
97, 3, 1, 2.6846241949999694, 2168104, 0.06472429633140564, 0.980571448802948
97, 16, 1, 1.5948181529999488, 2168104, 0.07955841720104218, 0.9743794798851013
97, 15, 1, 1.3746783779999987, 2168104, 0.07070060819387436, 0.977011501789093
97, 28, 1, 1.534532463000005, 2168104, 0.05683533847332001, 0.9818887710571289
97, 48, 1, 1.8970799530000022, 2168104, 0.06084517017006874, 0.9838790893554688
97, 49, 1, 3.0446122840000385, 2168104, 0.0689864531159401, 0.9802817106246948
98, 7, 1, 1.1222847310000361, 2168104, 0.051803648471832275, 0.9801223278045654
98, 18, 1, 1.5409692540000037, 2168104, 0.047948479652404785, 0.9884259104728699
98, 10, 1, 1.708820430000003, 2168104, 0.0339733324944973, 0.9904255270957947
98, 8, 1, 2.4037235349999833, 2168104, 0.0812930017709732, 0.9739583134651184
98, 45, 1, 2.3272959760000163, 2168104, 0.032846949994564056, 0.9910647869110107
98, 0, 1, 2.4184687860000054, 2168104, 0.02491830289363861, 0.9924127459526062
98, 23, 1, 3.1867089589999864, 2168104, 0.02836550958454609, 0.9912434220314026
98, 47, 1, 2.607847246999995, 2168104, 0.05334542691707611, 0.9835391044616699
98, 13, 1, 2.0521040049999897, 2168104, 0.027060749009251595, 0.9914376139640808
98, 44, 1, 1.7403782990000423, 2168104, 0.05546175315976143, 0.9841675162315369
98, 1, 1, 2.22204997099999, 2168104, 0.13738934695720673, 0.9486510157585144
98, 2, 1, 3.241079678999995, 2168104, 0.03605152294039726, 0.9905888438224792
99, 6, 1, 1.6866339349999748, 2168104, 0.041136376559734344, 0.989130437374115
99, 28, 1, 1.5531874849999667, 2168104, 0.05131026729941368, 0.9838292598724365
99, 17, 1, 2.171684242000026, 2168104, 0.13727009296417236, 0.9574943780899048
99, 48, 1, 1.7509549229999948, 2168104, 0.05408049002289772, 0.9843828678131104
99, 27, 1, 2.3860706379999783, 2168104, 0.09136442095041275, 0.9712918400764465
99, 9, 1, 3.2104810929999985, 2168104, 0.06919825822114944, 0.9803499579429626
99, 3, 1, 3.1227747559999557, 2168104, 0.06412656605243683, 0.9831428527832031
99, 15, 1, 1.3751816699999608, 2168104, 0.056602127850055695, 0.9785440564155579
99, 16, 1, 1.0479417349999949, 2168104, 0.08400493860244751, 0.9735788702964783
99, 30, 1, 1.6956822880000004, 2168104, 0.04366316646337509, 0.9864314794540405
99, 21, 1, 2.8499210850000054, 2168104, 0.034432485699653625, 0.9904761910438538
99, 49, 1, 2.98931501200002, 2168104, 0.06660332530736923, 0.9818466305732727
100, 10, 1, 1.619164124000008, 2168104, 0.04027546942234039, 0.9904255270957947
100, 18, 1, 1.8488500710000153, 2168104, 0.04276333749294281, 0.9907407164573669
100, 45, 1, 2.2031675989999826, 2168104, 0.03152026608586311, 0.9906924962997437
100, 0, 1, 2.136091076000014, 2168104, 0.02618282102048397, 0.9908952713012695
100, 23, 1, 2.8666748510000275, 2168104, 0.029363637790083885, 0.9922441840171814
100, 47, 1, 2.5585467280000103, 2168104, 0.05712065473198891, 0.9835391044616699
100, 44, 1, 1.8526116339999703, 2168104, 0.061615895479917526, 0.9821246266365051
100, 13, 1, 1.8540762779999795, 2168104, 0.0362483374774456, 0.9873816967010498
100, 7, 1, 0.9439618029999792, 2168104, 0.06353497505187988, 0.9831804037094116
100, 8, 1, 2.408321724000018, 2168104, 0.0771133303642273, 0.9760416746139526
100, 2, 1, 3.1590443139999707, 2168104, 0.035390034317970276, 0.9916644096374512
100, 4, 1, 3.589789994, 2168104, 0.06212717294692993, 0.9815088510513306
