1, 9, 1, 1.3390181064605713, 2168104, 1.7568202018737793, 0.4951666593551636
1, 1, 1, 1.6979994773864746, 2168104, 1.746303677558899, 0.5083333253860474
1, 0, 1, 1.725128412246704, 2168104, 1.7542470693588257, 0.5146666765213013
1, 7, 1, 1.660193920135498, 2168104, 1.763659954071045, 0.49399998784065247
1, 6, 1, 1.7554068565368652, 2168104, 1.7632396221160889, 0.5080000162124634
1, 5, 1, 1.6992175579071045, 2168104, 1.743894338607788, 0.5149999856948853
1, 4, 1, 1.7510192394256592, 2168104, 1.747847318649292, 0.5086666941642761
1, 8, 1, 1.7119851112365723, 2168104, 1.75408136844635, 0.5036666393280029
1, 2, 1, 1.749297857284546, 2168104, 1.7675371170043945, 0.5005000233650208
1, 3, 1, 1.7092375755310059, 2168104, 1.7513214349746704, 0.5016666650772095
2, 6, 1, 1.2576687335968018, 2168104, 0.8255984783172607, 0.8131666779518127
2, 5, 1, 1.2869815826416016, 2168104, 0.8132067918777466, 0.8201666474342346
2, 0, 1, 1.2526967525482178, 2168104, 0.82126384973526, 0.8119999766349792
2, 7, 1, 1.2857050895690918, 2168104, 0.8231068253517151, 0.8153333067893982
2, 1, 1, 1.2841534614562988, 2168104, 0.8178936243057251, 0.8178333044052124
3, 1, 1, 1.2404797077178955, 2168104, 0.528791069984436, 0.8679999709129333
3, 0, 1, 1.2274858951568604, 2168104, 0.530977189540863, 0.8669999837875366
3, 8, 1, 1.3423233032226562, 2168104, 0.5355507135391235, 0.8603333234786987
3, 2, 1, 1.3105189800262451, 2168104, 0.5457041263580322, 0.8615000247955322
3, 5, 1, 1.3145699501037598, 2168104, 0.5245538949966431, 0.8654999732971191
3, 7, 1, 1.3030340671539307, 2168104, 0.528358519077301, 0.8633333444595337
4, 1, 1, 1.1950526237487793, 2168104, 0.43026167154312134, 0.8868333101272583
4, 8, 1, 1.1795620918273926, 2168104, 0.43878573179244995, 0.8788333535194397
4, 5, 1, 1.1567740440368652, 2168104, 0.4256014823913574, 0.8858333230018616
4, 2, 1, 1.221811294555664, 2168104, 0.446627676486969, 0.8771666884422302
5, 8, 1, 1.2310552597045898, 2168104, 0.38884302973747253, 0.8921666741371155
5, 2, 1, 1.3147330284118652, 2168104, 0.39569422602653503, 0.8924999833106995
5, 5, 1, 1.3205101490020752, 2168104, 0.3741856813430786, 0.8949999809265137
5, 1, 1, 1.3337771892547607, 2168104, 0.37631168961524963, 0.8963333368301392
5, 9, 1, 1.305011510848999, 2168104, 0.38918402791023254, 0.8911666870117188
6, 1, 1, 1.1732745170593262, 2168104, 0.3451581299304962, 0.9036666750907898
6, 2, 1, 1.2343041896820068, 2168104, 0.3595224916934967, 0.9035000205039978
6, 5, 1, 1.2506074905395508, 2168104, 0.33910584449768066, 0.9035000205039978
6, 8, 1, 1.2054321765899658, 2168104, 0.35479387640953064, 0.9004999995231628
7, 8, 1, 1.2907688617706299, 2168104, 0.32884106040000916, 0.9058333039283752
7, 1, 1, 1.2768211364746094, 2168104, 0.3196350634098053, 0.9114999771118164
7, 4, 1, 1.2292194366455078, 2168104, 0.3176690340042114, 0.909500002861023
7, 2, 1, 1.3112781047821045, 2168104, 0.33239030838012695, 0.9068333506584167
7, 5, 1, 1.326564073562622, 2168104, 0.31641659140586853, 0.9081666469573975
8, 8, 1, 1.379669427871704, 2168104, 0.309307724237442, 0.9106666445732117
8, 5, 1, 1.319857120513916, 2168104, 0.29750096797943115, 0.9133333563804626
8, 4, 1, 1.3515050411224365, 2168104, 0.2981443405151367, 0.9154999852180481
8, 2, 1, 1.404050350189209, 2168104, 0.3133420944213867, 0.9121666550636292
8, 1, 1, 1.3728675842285156, 2168104, 0.29977864027023315, 0.9173333048820496
9, 5, 1, 1.2119617462158203, 2168104, 0.28144216537475586, 0.918666660785675
9, 1, 1, 1.2843751907348633, 2168104, 0.28271380066871643, 0.9193333387374878
9, 2, 1, 1.27105712890625, 2168104, 0.297013521194458, 0.9179999828338623
9, 8, 1, 1.2374191284179688, 2168104, 0.2927745580673218, 0.9144999980926514
9, 4, 1, 1.2929255962371826, 2168104, 0.28327739238739014, 0.9164999723434448
10, 1, 1, 1.273191213607788, 2168104, 0.26772767305374146, 0.9229999780654907
10, 4, 1, 1.2855498790740967, 2168104, 0.26787489652633667, 0.9244999885559082
10, 5, 1, 1.2414648532867432, 2168104, 0.2653733789920807, 0.9238333106040955
10, 2, 1, 1.2937755584716797, 2168104, 0.2801898717880249, 0.9204999804496765
10, 8, 1, 1.3261828422546387, 2168104, 0.278493195772171, 0.9179999828338623
11, 5, 1, 1.2751355171203613, 2168104, 0.2548920810222626, 0.925000011920929
11, 8, 1, 1.2785494327545166, 2168104, 0.26696979999542236, 0.921999990940094
11, 1, 1, 1.3029885292053223, 2168104, 0.25605806708335876, 0.9259999990463257
11, 4, 1, 1.283494234085083, 2168104, 0.2554723620414734, 0.9256666898727417
11, 2, 1, 1.2883718013763428, 2168104, 0.2687162160873413, 0.9246666431427002
12, 1, 1, 1.261932611465454, 2168104, 0.24560019373893738, 0.9325000047683716
12, 2, 1, 1.3114094734191895, 2168104, 0.25791946053504944, 0.9266666769981384
12, 4, 1, 1.349886417388916, 2168104, 0.2441277801990509, 0.9309999942779541
12, 8, 1, 1.3089799880981445, 2168104, 0.2575353980064392, 0.9273333549499512
12, 5, 1, 1.3278894424438477, 2168104, 0.24572992324829102, 0.9276666641235352
13, 2, 1, 1.2420611381530762, 2168104, 0.24917080998420715, 0.9293333292007446
13, 8, 1, 1.1734967231750488, 2168104, 0.24596789479255676, 0.9284999966621399
13, 5, 1, 1.2329704761505127, 2168104, 0.2342027723789215, 0.9315000176429749
13, 1, 1, 1.2499830722808838, 2168104, 0.2351703643798828, 0.9300000071525574
14, 8, 1, 1.2493150234222412, 2168104, 0.23518194258213043, 0.9325000047683716
14, 4, 1, 1.3235135078430176, 2168104, 0.22739754617214203, 0.9359999895095825
14, 5, 1, 1.2803094387054443, 2168104, 0.22551575303077698, 0.9350000023841858
14, 1, 1, 1.2919445037841797, 2168104, 0.22551605105400085, 0.9363333582878113
14, 2, 1, 1.3175523281097412, 2168104, 0.23852087557315826, 0.9304999709129333
15, 4, 1, 1.287956953048706, 2168104, 0.21915529668331146, 0.9381666779518127
15, 1, 1, 1.2573988437652588, 2168104, 0.21710750460624695, 0.9388333559036255
15, 2, 1, 1.2936363220214844, 2168104, 0.2278749793767929, 0.9355000257492065
15, 5, 1, 1.3868308067321777, 2168104, 0.21672804653644562, 0.9375
15, 8, 1, 1.3896243572235107, 2168104, 0.22725661098957062, 0.9358333349227905
16, 4, 1, 1.3032519817352295, 2168104, 0.21095947921276093, 0.940666675567627
16, 8, 1, 1.2725017070770264, 2168104, 0.21793705224990845, 0.9394999742507935
16, 1, 1, 1.330057144165039, 2168104, 0.2063715159893036, 0.9403333067893982
16, 2, 1, 1.2782659530639648, 2168104, 0.22122761607170105, 0.9363333582878113
16, 5, 1, 1.307715654373169, 2168104, 0.20892658829689026, 0.940833330154419
17, 2, 1, 1.3488705158233643, 2168104, 0.21433961391448975, 0.9423333406448364
17, 5, 1, 1.3552653789520264, 2168104, 0.20245693624019623, 0.9445000290870667
17, 7, 1, 1.3539893627166748, 2168104, 0.21250325441360474, 0.937666654586792
17, 8, 1, 1.29286789894104, 2168104, 0.21243460476398468, 0.9413333535194397
17, 1, 1, 1.383119821548462, 2168104, 0.19999109208583832, 0.9430000185966492
17, 4, 1, 1.3990464210510254, 2168104, 0.20251309871673584, 0.9434999823570251
18, 8, 1, 1.2780218124389648, 2168104, 0.20388060808181763, 0.9441666603088379
18, 7, 1, 1.3194963932037354, 2168104, 0.20636577904224396, 0.9386666417121887
18, 1, 1, 1.2806763648986816, 2168104, 0.19275839626789093, 0.9456666707992554
18, 5, 1, 1.586501121520996, 2168104, 0.19510312378406525, 0.9446666836738586
18, 4, 1, 1.7888498306274414, 2168104, 0.1982502043247223, 0.9440000057220459
19, 8, 1, 1.1815011501312256, 2168104, 0.19742590188980103, 0.9446666836738586
19, 1, 1, 1.2851769924163818, 2168104, 0.18741564452648163, 0.9484999775886536
19, 5, 1, 1.2231833934783936, 2168104, 0.18651904165744781, 0.9451666474342346
19, 2, 1, 1.1896252632141113, 2168104, 0.20302927494049072, 0.9433333277702332
20, 5, 1, 1.319551944732666, 2168104, 0.18099628388881683, 0.9476666450500488
20, 8, 1, 1.2286326885223389, 2168104, 0.19035565853118896, 0.9459999799728394
20, 4, 1, 1.2495052814483643, 2168104, 0.18763352930545807, 0.9463333487510681
20, 2, 1, 1.2709808349609375, 2168104, 0.19426141679286957, 0.9461666941642761
20, 1, 1, 1.293968677520752, 2168104, 0.18001891672611237, 0.9505000114440918
21, 5, 1, 1.2289314270019531, 2168104, 0.17410407960414886, 0.9491666555404663
21, 8, 1, 1.198225975036621, 2168104, 0.1841278076171875, 0.9466666579246521
21, 1, 1, 1.258155107498169, 2168104, 0.1738532930612564, 0.9506666660308838
22, 8, 1, 1.202174186706543, 2168104, 0.17634160816669464, 0.9513333439826965
22, 5, 1, 1.175933837890625, 2168104, 0.16793212294578552, 0.9506666660308838
22, 4, 1, 1.2466957569122314, 2168104, 0.17735497653484344, 0.9523333311080933
22, 1, 1, 1.25038480758667, 2168104, 0.1659737378358841, 0.9559999704360962
23, 8, 1, 1.3123629093170166, 2168104, 0.17069612443447113, 0.9520000219345093
23, 4, 1, 1.3402173519134521, 2168104, 0.1708078682422638, 0.952833354473114
23, 7, 1, 1.2668352127075195, 2168104, 0.18097782135009766, 0.9431666731834412
23, 5, 1, 1.3033180236816406, 2168104, 0.16317564249038696, 0.95333331823349
23, 1, 1, 1.322758674621582, 2168104, 0.1627039611339569, 0.952833354473114
24, 1, 1, 1.115077257156372, 2168104, 0.15654483437538147, 0.956333339214325
24, 5, 1, 1.125852346420288, 2168104, 0.1576629877090454, 0.9574999809265137
24, 8, 1, 1.1951448917388916, 2168104, 0.16631262004375458, 0.9511666893959045
25, 5, 1, 1.236684799194336, 2168104, 0.15120993554592133, 0.9599999785423279
25, 7, 1, 1.285438060760498, 2168104, 0.170807346701622, 0.9476666450500488
25, 1, 1, 1.2591023445129395, 2168104, 0.1507357805967331, 0.9583333134651184
25, 8, 1, 1.2681756019592285, 2168104, 0.15850068628787994, 0.9551666378974915
26, 5, 1, 1.2687063217163086, 2168104, 0.14716628193855286, 0.9589999914169312
26, 7, 1, 1.2382206916809082, 2168104, 0.16330689191818237, 0.9514999985694885
26, 1, 1, 1.2792611122131348, 2168104, 0.14495807886123657, 0.9603333473205566
26, 8, 1, 1.2215189933776855, 2168104, 0.15330000221729279, 0.9566666483879089
27, 8, 1, 1.2098071575164795, 2168104, 0.14838077127933502, 0.9571666717529297
27, 1, 1, 1.2501466274261475, 2168104, 0.14053933322429657, 0.9614999890327454
27, 5, 1, 1.2414400577545166, 2168104, 0.14235658943653107, 0.9598333239555359
27, 7, 1, 1.2244205474853516, 2168104, 0.1583903282880783, 0.9495000243186951
28, 7, 1, 1.1728355884552002, 2168104, 0.15149690210819244, 0.9545000195503235
28, 1, 1, 1.2225439548492432, 2168104, 0.13820438086986542, 0.9614999890327454
28, 8, 1, 1.2468657493591309, 2168104, 0.1459646224975586, 0.9608333110809326
28, 5, 1, 1.208648681640625, 2168104, 0.13948380947113037, 0.9610000252723694
29, 4, 1, 1.187774419784546, 2168104, 0.15252244472503662, 0.9570000171661377
29, 5, 1, 1.2150318622589111, 2168104, 0.13284412026405334, 0.9633333086967468
29, 8, 1, 1.261559009552002, 2168104, 0.14079202711582184, 0.9608333110809326
29, 1, 1, 1.2342264652252197, 2168104, 0.13258112967014313, 0.9643333554267883
30, 8, 1, 1.2629585266113281, 2168104, 0.13709719479084015, 0.9624999761581421
30, 1, 1, 1.3087947368621826, 2168104, 0.1298045814037323, 0.9628333449363708
30, 7, 1, 1.2835023403167725, 2168104, 0.14535510540008545, 0.9564999938011169
30, 4, 1, 1.3422183990478516, 2168104, 0.14675171673297882, 0.9580000042915344
31, 4, 1, 1.2465553283691406, 2168104, 0.14045347273349762, 0.9613333344459534
31, 8, 1, 1.3570280075073242, 2168104, 0.13190320134162903, 0.9631666541099548
31, 3, 1, 1.2741973400115967, 2168104, 0.16932140290737152, 0.9506666660308838
31, 7, 1, 1.2893292903900146, 2168104, 0.14007721841335297, 0.9581666588783264
31, 1, 1, 1.2583529949188232, 2168104, 0.1252412050962448, 0.9648333191871643
32, 5, 1, 1.2171862125396729, 2168104, 0.12685684859752655, 0.9648333191871643
32, 7, 1, 1.199272632598877, 2168104, 0.13644090294837952, 0.9581666588783264
32, 1, 1, 1.2165226936340332, 2168104, 0.12164574861526489, 0.9660000205039978
32, 8, 1, 1.2684221267700195, 2168104, 0.1285702884197235, 0.965499997138977
33, 1, 1, 1.1922869682312012, 2168104, 0.11814212054014206, 0.968666672706604
33, 7, 1, 1.2926363945007324, 2168104, 0.13143551349639893, 0.9611666798591614
33, 5, 1, 1.2168920040130615, 2168104, 0.12159555405378342, 0.9668333530426025
33, 4, 1, 1.2510380744934082, 2168104, 0.13454623520374298, 0.9623333215713501
34, 8, 1, 1.2221527099609375, 2168104, 0.12540289759635925, 0.9661666750907898
34, 7, 1, 1.3295466899871826, 2168104, 0.12773412466049194, 0.9636666774749756
34, 4, 1, 1.2998745441436768, 2168104, 0.13150525093078613, 0.9631666541099548
34, 1, 1, 1.2948217391967773, 2168104, 0.11430525779724121, 0.9701666831970215
35, 4, 1, 1.3042960166931152, 2168104, 0.12571808695793152, 0.9648333191871643
35, 5, 1, 1.3035249710083008, 2168104, 0.11773316562175751, 0.968500018119812
35, 1, 1, 1.380225658416748, 2168104, 0.11023179441690445, 0.9721666574478149
35, 8, 1, 1.3522424697875977, 2168104, 0.11899086833000183, 0.965666651725769
35, 7, 1, 1.321880578994751, 2168104, 0.12317491322755814, 0.9635000228881836
36, 5, 1, 1.2129850387573242, 2168104, 0.11438129842281342, 0.968833327293396
36, 3, 1, 1.222154140472412, 2168104, 0.15440334379673004, 0.9551666378974915
36, 1, 1, 1.2766973972320557, 2168104, 0.10806024074554443, 0.9704999923706055
36, 7, 1, 1.2078821659088135, 2168104, 0.12050408124923706, 0.965833306312561
37, 5, 1, 1.2447736263275146, 2168104, 0.10910593718290329, 0.9693333506584167
37, 7, 1, 1.2083146572113037, 2168104, 0.1155962347984314, 0.9681666493415833
37, 1, 1, 1.2825934886932373, 2168104, 0.10465668886899948, 0.9731666445732117
37, 8, 1, 1.2297735214233398, 2168104, 0.11539526283740997, 0.9674999713897705
38, 7, 1, 1.1738033294677734, 2168104, 0.11282014101743698, 0.9664999842643738
38, 5, 1, 1.2758245468139648, 2168104, 0.10665589570999146, 0.9713333249092102
38, 8, 1, 1.2352077960968018, 2168104, 0.11188478767871857, 0.9695000052452087
38, 1, 1, 1.2681279182434082, 2168104, 0.10174907743930817, 0.9743333458900452
39, 8, 1, 1.2520904541015625, 2168104, 0.10715175420045853, 0.9691666960716248
39, 1, 1, 1.3292262554168701, 2168104, 0.09745731949806213, 0.9739999771118164
39, 4, 1, 1.3538475036621094, 2168104, 0.12026762217283249, 0.9676666855812073
39, 7, 1, 1.6056630611419678, 2168104, 0.10972311347723007, 0.9673333168029785
39, 0, 1, 1.2893352508544922, 2168104, 0.13562814891338348, 0.9599999785423279
40, 8, 1, 1.2503376007080078, 2168104, 0.10539838671684265, 0.9700000286102295
40, 4, 1, 1.2630462646484375, 2168104, 0.114593505859375, 0.9673333168029785
40, 7, 1, 1.2498960494995117, 2168104, 0.10581744462251663, 0.968500018119812
40, 1, 1, 1.281897783279419, 2168104, 0.09669968485832214, 0.9746666550636292
41, 7, 1, 1.203730583190918, 2168104, 0.1041334941983223, 0.9706666469573975
41, 5, 1, 1.2270739078521729, 2168104, 0.10198897123336792, 0.9725000262260437
41, 3, 1, 1.2657678127288818, 2168104, 0.14166493713855743, 0.9595000147819519
41, 1, 1, 1.262218952178955, 2168104, 0.09355667233467102, 0.9763333201408386
42, 7, 1, 1.2044808864593506, 2168104, 0.10185697674751282, 0.9708333611488342
42, 4, 1, 1.2989540100097656, 2168104, 0.11097505688667297, 0.9679999947547913
42, 1, 1, 1.2490143775939941, 2168104, 0.09168173372745514, 0.9764999747276306
42, 8, 1, 1.2412943840026855, 2168104, 0.10192032903432846, 0.9721666574478149
43, 7, 1, 1.2926292419433594, 2168104, 0.09823586046695709, 0.9731666445732117
43, 5, 1, 1.2660467624664307, 2168104, 0.0984550267457962, 0.9743333458900452
43, 0, 1, 1.2904281616210938, 2168104, 0.12644469738006592, 0.9643333554267883
43, 1, 1, 1.2309424877166748, 2168104, 0.08792494982481003, 0.9766666889190674
44, 5, 1, 1.2249853610992432, 2168104, 0.09439241886138916, 0.9743333458900452
44, 1, 1, 1.1708087921142578, 2168104, 0.08627784997224808, 0.9781666398048401
44, 8, 1, 1.2197940349578857, 2168104, 0.09744821488857269, 0.9738333225250244
44, 7, 1, 1.4536690711975098, 2168104, 0.09427261352539062, 0.9741666913032532
45, 4, 1, 1.2836427688598633, 2168104, 0.10585829615592957, 0.9696666598320007
45, 1, 1, 1.2698686122894287, 2168104, 0.08260295540094376, 0.9788333177566528
45, 7, 1, 1.2765142917633057, 2168104, 0.09295181185007095, 0.9735000133514404
45, 8, 1, 1.3202953338623047, 2168104, 0.0939686968922615, 0.9726666808128357
46, 3, 1, 1.2955195903778076, 2168104, 0.12918734550476074, 0.9633333086967468
46, 8, 1, 1.3078258037567139, 2168104, 0.09119067341089249, 0.9753333330154419
46, 7, 1, 1.2964541912078857, 2168104, 0.09023182839155197, 0.9758333563804626
46, 1, 1, 1.7146050930023193, 2168104, 0.08027573674917221, 0.9798333048820496
47, 1, 1, 1.276010513305664, 2168104, 0.07903856039047241, 0.9800000190734863
47, 8, 1, 1.2856566905975342, 2168104, 0.0882914811372757, 0.9748333096504211
47, 7, 1, 1.2277328968048096, 2168104, 0.0874706506729126, 0.9764999747276306
47, 3, 1, 1.2488553524017334, 2168104, 0.127643883228302, 0.9635000228881836
48, 1, 1, 1.2194206714630127, 2168104, 0.07751595228910446, 0.9801666736602783
48, 0, 1, 1.2563345432281494, 2168104, 0.11679203063249588, 0.9663333296775818
48, 7, 1, 1.531747817993164, 2168104, 0.08424347639083862, 0.9788333177566528
49, 1, 1, 1.1903071403503418, 2168104, 0.07384361326694489, 0.9815000295639038
49, 8, 1, 1.1403238773345947, 2168104, 0.086771659553051, 0.9751666784286499
50, 7, 1, 1.1372814178466797, 2168104, 0.08283133804798126, 0.9775000214576721
50, 1, 1, 1.1372697353363037, 2168104, 0.06954962015151978, 0.9823333621025085
50, 0, 1, 1.2091162204742432, 2168104, 0.11112713813781738, 0.968666672706604
51, 8, 1, 1.1783509254455566, 2168104, 0.08035382628440857, 0.9758333563804626
51, 7, 1, 1.2553086280822754, 2168104, 0.079971544444561, 0.9803333282470703
51, 1, 1, 1.2972793579101562, 2168104, 0.06753255426883698, 0.9833333492279053
52, 7, 1, 1.142822504043579, 2168104, 0.0768398642539978, 0.9793333411216736
52, 3, 1, 1.1432693004608154, 2168104, 0.11999604105949402, 0.9649999737739563
52, 1, 1, 1.1506421566009521, 2168104, 0.06596408784389496, 0.9836666584014893
53, 8, 1, 1.1162147521972656, 2168104, 0.07781284302473068, 0.9786666631698608
53, 7, 1, 1.148970127105713, 2168104, 0.07392916828393936, 0.9808333516120911
53, 1, 1, 1.486989974975586, 2168104, 0.06323554366827011, 0.9848333597183228
54, 1, 1, 1.175553798675537, 2168104, 0.061816539615392685, 0.9853333234786987
54, 7, 1, 1.1740257740020752, 2168104, 0.0717078372836113, 0.9821666479110718
54, 5, 1, 1.1824615001678467, 2168104, 0.08500923961400986, 0.9753333330154419
55, 8, 1, 1.1886050701141357, 2168104, 0.07492387294769287, 0.9791666865348816
55, 1, 1, 1.1759834289550781, 2168104, 0.059434179216623306, 0.9850000143051147
55, 5, 1, 1.2006924152374268, 2168104, 0.08006644248962402, 0.9771666526794434
56, 1, 1, 1.140601634979248, 2168104, 0.05775575339794159, 0.9865000247955322
56, 7, 1, 1.1763007640838623, 2168104, 0.06848269701004028, 0.9825000166893005
56, 5, 1, 1.2701804637908936, 2168104, 0.0764976367354393, 0.9791666865348816
57, 8, 1, 1.1908342838287354, 2168104, 0.07173877209424973, 0.9798333048820496
57, 0, 1, 1.1782736778259277, 2168104, 0.10166463255882263, 0.9714999794960022
57, 7, 1, 1.2520725727081299, 2168104, 0.06736090779304504, 0.9829999804496765
57, 1, 1, 1.5186247825622559, 2168104, 0.05602877214550972, 0.987500011920929
58, 8, 1, 1.2067005634307861, 2168104, 0.06916750222444534, 0.9815000295639038
58, 5, 1, 1.1782798767089844, 2168104, 0.0733598843216896, 0.9800000190734863
58, 7, 1, 1.3388292789459229, 2168104, 0.06490850448608398, 0.9838333129882812
59, 1, 1, 1.3020458221435547, 2168104, 0.05620192363858223, 0.9856666922569275
59, 3, 1, 1.2837154865264893, 2168104, 0.10860395431518555, 0.9695000052452087
59, 7, 1, 1.2463562488555908, 2168104, 0.06166022643446922, 0.984000027179718
59, 8, 1, 1.3053176403045654, 2168104, 0.06668974459171295, 0.9823333621025085
60, 7, 1, 1.1791601181030273, 2168104, 0.05999825522303581, 0.9858333468437195
60, 5, 1, 1.1563260555267334, 2168104, 0.069861501455307, 0.9815000295639038
60, 1, 1, 1.2400882244110107, 2168104, 0.05377881973981857, 0.9878333210945129
61, 5, 1, 1.1594839096069336, 2168104, 0.06679609417915344, 0.9819999933242798
61, 7, 1, 1.2444393634796143, 2168104, 0.059470757842063904, 0.9854999780654907
61, 1, 1, 1.233849048614502, 2168104, 0.0521402433514595, 0.987500011920929
62, 7, 1, 1.2605609893798828, 2168104, 0.057382732629776, 0.9853333234786987
62, 8, 1, 1.3082830905914307, 2168104, 0.06434692442417145, 0.9833333492279053
62, 1, 1, 1.584153652191162, 2168104, 0.05010394752025604, 0.9884999990463257
63, 5, 1, 1.2545592784881592, 2168104, 0.06495677679777145, 0.9821666479110718
63, 1, 1, 1.1979305744171143, 2168104, 0.04848048835992813, 0.9888333082199097
63, 8, 1, 1.1637518405914307, 2168104, 0.06187142804265022, 0.9829999804496765
64, 8, 1, 1.1785502433776855, 2168104, 0.05835861340165138, 0.9851666688919067
64, 1, 1, 1.2478022575378418, 2168104, 0.04649719223380089, 0.9909999966621399
64, 7, 1, 1.2485761642456055, 2168104, 0.056108780205249786, 0.9871666431427002
65, 5, 1, 1.3354754447937012, 2168104, 0.06134773790836334, 0.9833333492279053
65, 7, 1, 1.2610552310943604, 2168104, 0.05436358228325844, 0.9869999885559082
65, 1, 1, 1.271855115890503, 2168104, 0.045185405761003494, 0.9901666641235352
66, 5, 1, 1.1611082553863525, 2168104, 0.05900349095463753, 0.9831666946411133
66, 1, 1, 1.206087589263916, 2168104, 0.0433916375041008, 0.9909999966621399
66, 7, 1, 1.2241384983062744, 2168104, 0.05216844752430916, 0.9881666898727417
67, 8, 1, 1.1523466110229492, 2168104, 0.05728008598089218, 0.984333336353302
67, 7, 1, 1.1757874488830566, 2168104, 0.05074584111571312, 0.9878333210945129
67, 1, 1, 1.1716344356536865, 2168104, 0.042862940579652786, 0.9911666512489319
68, 8, 1, 1.2157070636749268, 2168104, 0.05432784557342529, 0.9865000247955322
68, 7, 1, 1.2165641784667969, 2168104, 0.04841989651322365, 0.9891666769981384
68, 2, 1, 1.2152600288391113, 2168104, 0.10147015750408173, 0.9714999794960022
68, 5, 1, 1.2262985706329346, 2168104, 0.057693857699632645, 0.984499990940094
69, 5, 1, 1.1314971446990967, 2168104, 0.0542522668838501, 0.9861666560173035
69, 1, 1, 1.163205862045288, 2168104, 0.04239341989159584, 0.9919999837875366
69, 7, 1, 1.2262823581695557, 2168104, 0.047273118048906326, 0.9890000224113464
70, 1, 1, 1.187612771987915, 2168104, 0.04034319519996643, 0.9921666383743286
70, 8, 1, 1.225799560546875, 2168104, 0.05387713760137558, 0.984499990940094
70, 7, 1, 1.2496628761291504, 2168104, 0.045647069811820984, 0.9898333549499512
71, 7, 1, 1.2001111507415771, 2168104, 0.043837208300828934, 0.9908333420753479
71, 1, 1, 1.164106845855713, 2168104, 0.039198294281959534, 0.9926666617393494
71, 5, 1, 1.1416585445404053, 2168104, 0.05375093221664429, 0.987666666507721
72, 5, 1, 1.1526083946228027, 2168104, 0.05061594024300575, 0.987333357334137
72, 4, 1, 1.1954474449157715, 2168104, 0.08462086319923401, 0.9753333330154419
72, 7, 1, 1.4350659847259521, 2168104, 0.04310578852891922, 0.9904999732971191
73, 5, 1, 1.1523027420043945, 2168104, 0.04712863638997078, 0.9896666407585144
73, 7, 1, 1.5608782768249512, 2168104, 0.0409427247941494, 0.9915000200271606
74, 5, 1, 1.1631269454956055, 2168104, 0.04499238729476929, 0.9898333549499512
74, 8, 1, 1.197028398513794, 2168104, 0.051465775817632675, 0.9868333339691162
74, 7, 1, 1.139305830001831, 2168104, 0.03884381428360939, 0.9925000071525574
75, 8, 1, 1.1331086158752441, 2168104, 0.047400716692209244, 0.9891666769981384
75, 5, 1, 1.2376799583435059, 2168104, 0.042856257408857346, 0.9904999732971191
75, 7, 1, 1.253472089767456, 2168104, 0.03822401165962219, 0.9918333292007446
76, 8, 1, 1.137765645980835, 2168104, 0.04611191898584366, 0.9871666431427002
76, 1, 1, 1.2135460376739502, 2168104, 0.040135230869054794, 0.9919999837875366
76, 7, 1, 1.2024962902069092, 2168104, 0.037440843880176544, 0.9923333525657654
76, 5, 1, 1.2376832962036133, 2168104, 0.04133431240916252, 0.9908333420753479
77, 8, 1, 1.162458896636963, 2168104, 0.0441678985953331, 0.9886666536331177
77, 7, 1, 1.238300085067749, 2168104, 0.03591271489858627, 0.9928333163261414
77, 5, 1, 1.1813175678253174, 2168104, 0.03983237221837044, 0.9911666512489319
78, 8, 1, 1.1402897834777832, 2168104, 0.042238060384988785, 0.9893333315849304
78, 7, 1, 1.1669039726257324, 2168104, 0.035636577755212784, 0.9929999709129333
79, 1, 1, 1.1604657173156738, 2168104, 0.038936372846364975, 0.9916666746139526
79, 8, 1, 1.2422058582305908, 2168104, 0.0400855578482151, 0.9904999732971191
79, 5, 1, 1.1532557010650635, 2168104, 0.040311045944690704, 0.9903333187103271
80, 7, 1, 1.113900899887085, 2168104, 0.03471415489912033, 0.9925000071525574
80, 5, 1, 1.1684088706970215, 2168104, 0.037383291870355606, 0.9931666851043701
81, 8, 1, 1.1795463562011719, 2168104, 0.038397688418626785, 0.9904999732971191
81, 7, 1, 1.1198480129241943, 2168104, 0.03249559551477432, 0.9941666722297668
81, 5, 1, 1.2136950492858887, 2168104, 0.03520667925477028, 0.9926666617393494
82, 7, 1, 1.1794960498809814, 2168104, 0.031377844512462616, 0.9936666488647461
82, 5, 1, 1.2648677825927734, 2168104, 0.033983293920755386, 0.9933333396911621
83, 8, 1, 1.1462180614471436, 2168104, 0.03847312182188034, 0.9904999732971191
83, 7, 1, 1.1442503929138184, 2168104, 0.0300605408847332, 0.9944999814033508
84, 5, 1, 1.1493504047393799, 2168104, 0.0332949161529541, 0.9936666488647461
84, 1, 1, 1.2346282005310059, 2168104, 0.038349300622940063, 0.9903333187103271
85, 7, 1, 1.266331434249878, 2168104, 0.029489735141396523, 0.9953333139419556
85, 8, 1, 1.3590197563171387, 2168104, 0.03585942089557648, 0.9919999837875366
86, 7, 1, 1.169884443283081, 2168104, 0.027581706643104553, 0.9953333139419556
86, 8, 1, 1.1105544567108154, 2168104, 0.032444197684526443, 0.9929999709129333
86, 1, 1, 1.156782865524292, 2168104, 0.035793937742710114, 0.9919999837875366
87, 7, 1, 1.1547508239746094, 2168104, 0.02676440216600895, 0.9955000281333923
87, 8, 1, 1.1515161991119385, 2168104, 0.030823485925793648, 0.9933333396911621
88, 7, 1, 1.1823163032531738, 2168104, 0.02518516592681408, 0.9961666464805603
88, 8, 1, 1.2345759868621826, 2168104, 0.02912096679210663, 0.9943333268165588
88, 5, 1, 1.231149673461914, 2168104, 0.031879182904958725, 0.9934999942779541
89, 5, 1, 1.169778823852539, 2168104, 0.029958870261907578, 0.9944999814033508
89, 7, 1, 1.1687889099121094, 2168104, 0.02439836971461773, 0.9959999918937683
89, 8, 1, 1.214747667312622, 2168104, 0.02823813632130623, 0.9943333268165588
90, 7, 1, 1.2493963241577148, 2168104, 0.02366853505373001, 0.996666669845581
90, 8, 1, 1.1354973316192627, 2168104, 0.027608584612607956, 0.9948333501815796
90, 5, 1, 1.1312737464904785, 2168104, 0.02906704507768154, 0.9948333501815796
91, 8, 1, 1.2507340908050537, 2168104, 0.025964871048927307, 0.9950000047683716
91, 5, 1, 1.270448923110962, 2168104, 0.027750706300139427, 0.9956666827201843
92, 7, 1, 1.1495656967163086, 2168104, 0.023787589743733406, 0.9951666593551636
92, 5, 1, 1.2438676357269287, 2168104, 0.0254194512963295, 0.9963333606719971
92, 8, 1, 1.2444887161254883, 2168104, 0.025103101506829262, 0.9953333139419556
93, 8, 1, 1.2100398540496826, 2168104, 0.024416442960500717, 0.9955000281333923
93, 7, 1, 1.2077326774597168, 2168104, 0.023071255534887314, 0.9963333606719971
93, 5, 1, 1.2601654529571533, 2168104, 0.024952201172709465, 0.996666669845581
94, 5, 1, 1.3597185611724854, 2168104, 0.024285489693284035, 0.9963333606719971
94, 8, 1, 1.6474721431732178, 2168104, 0.02354482002556324, 0.9963333606719971
95, 8, 1, 1.1025302410125732, 2168104, 0.022160202264785767, 0.9959999918937683
95, 5, 1, 1.1948816776275635, 2168104, 0.02287324331700802, 0.9973333477973938
96, 5, 1, 1.217278242111206, 2168104, 0.021249709650874138, 0.9973333477973938
96, 8, 1, 1.2144975662231445, 2168104, 0.020580684766173363, 0.9973333477973938
97, 5, 1, 1.1853594779968262, 2168104, 0.020512159913778305, 0.9973333477973938
97, 8, 1, 1.279496431350708, 2168104, 0.019413204863667488, 0.9975000023841858
98, 8, 1, 1.1062648296356201, 2168104, 0.018399296328425407, 0.9976666569709778
98, 5, 1, 1.0923504829406738, 2168104, 0.019125159829854965, 0.9983333349227905
99, 5, 1, 1.104499340057373, 2168104, 0.018886171281337738, 0.9986666440963745
99, 7, 1, 1.1114935874938965, 2168104, 0.02567274682223797, 0.9944999814033508
100, 7, 1, 1.1016931533813477, 2168104, 0.02248053066432476, 0.9963333606719971
100, 5, 1, 1.180826187133789, 2168104, 0.01784595474600792, 0.9980000257492065
101, 8, 1, 1.2391417026519775, 2168104, 0.01959923468530178, 0.9963333606719971
101, 7, 1, 1.2051606178283691, 2168104, 0.020413456484675407, 0.996999979019165
101, 5, 1, 1.265049934387207, 2168104, 0.017078392207622528, 0.9983333349227905
102, 5, 1, 1.102799415588379, 2168104, 0.01649300567805767, 0.9986666440963745
102, 8, 1, 1.1436090469360352, 2168104, 0.01803102344274521, 0.9976666569709778
103, 5, 1, 1.064044713973999, 2168104, 0.016146112233400345, 0.9983333349227905
103, 8, 1, 1.1566102504730225, 2168104, 0.016722997650504112, 0.9975000023841858
104, 5, 1, 1.2833826541900635, 2168104, 0.01547637302428484, 0.9983333349227905
104, 8, 1, 1.190568447113037, 2168104, 0.01575285568833351, 0.9983333349227905
105, 8, 1, 1.2109112739562988, 2168104, 0.015050109475851059, 0.9990000128746033
105, 5, 1, 1.5083611011505127, 2168104, 0.014804255217313766, 0.9981666803359985
106, 8, 1, 1.1963732242584229, 2168104, 0.01440475694835186, 0.9990000128746033
106, 5, 1, 1.5917503833770752, 2168104, 0.014287877827882767, 0.9990000128746033
107, 8, 1, 1.312713623046875, 2168104, 0.013653620146214962, 0.9991666674613953
107, 5, 1, 1.328125238418579, 2168104, 0.01345107052475214, 0.9990000128746033
108, 8, 1, 1.1776611804962158, 2168104, 0.01300659030675888, 0.9993333220481873
108, 5, 1, 1.2194113731384277, 2168104, 0.013288101181387901, 0.9991666674613953
109, 8, 1, 1.2993323802947998, 2168104, 0.012688420712947845, 0.9994999766349792
109, 5, 1, 1.3401520252227783, 2168104, 0.012468721717596054, 0.9990000128746033
110, 5, 1, 1.1081023216247559, 2168104, 0.012226770631968975, 0.9993333220481873
110, 8, 1, 1.207843542098999, 2168104, 0.01206303108483553, 0.9994999766349792
111, 8, 1, 1.1939198970794678, 2168104, 0.011588474735617638, 0.9994999766349792
111, 5, 1, 1.1935756206512451, 2168104, 0.012029758654534817, 0.9993333220481873
112, 5, 1, 1.129899501800537, 2168104, 0.011424081400036812, 0.9993333220481873
112, 8, 1, 1.130507469177246, 2168104, 0.011200538836419582, 0.999833345413208
113, 5, 1, 1.1637356281280518, 2168104, 0.011050153523683548, 0.9991666674613953
113, 8, 1, 1.1155803203582764, 2168104, 0.01085616834461689, 0.999833345413208
114, 8, 1, 1.3143222332000732, 2168104, 0.01040030550211668, 0.999833345413208
114, 5, 1, 1.4347350597381592, 2168104, 0.010745679028332233, 0.9994999766349792
115, 5, 1, 1.3803706169128418, 2168104, 0.010355966165661812, 0.9993333220481873
115, 8, 1, 1.4479632377624512, 2168104, 0.010127265006303787, 0.999833345413208
116, 5, 1, 1.2748708724975586, 2168104, 0.009966031648218632, 0.999666690826416
116, 8, 1, 1.471674919128418, 2168104, 0.009698925539851189, 1.0
117, 5, 1, 1.0667750835418701, 2168104, 0.009824976325035095, 0.9994999766349792
117, 8, 1, 1.0723958015441895, 2168104, 0.009539603255689144, 1.0
118, 8, 1, 1.0805673599243164, 2168104, 0.009129665791988373, 1.0
118, 5, 1, 1.0636465549468994, 2168104, 0.009386155754327774, 0.999666690826416
119, 8, 1, 1.1040127277374268, 2168104, 0.008972453884780407, 1.0
119, 5, 1, 1.1696813106536865, 2168104, 0.009216398932039738, 0.999666690826416
120, 5, 1, 1.1092426776885986, 2168104, 0.008869444951415062, 0.999833345413208
120, 8, 1, 1.160886526107788, 2168104, 0.008713859133422375, 1.0
121, 8, 1, 1.0741610527038574, 2168104, 0.00838788878172636, 1.0
121, 5, 1, 1.1368253231048584, 2168104, 0.008593039587140083, 0.9994999766349792
122, 5, 1, 1.175330638885498, 2168104, 0.008494642563164234, 0.999666690826416
122, 8, 1, 1.16737699508667, 2168104, 0.008160501718521118, 1.0
123, 5, 1, 1.1966912746429443, 2168104, 0.00827341340482235, 0.999833345413208
124, 8, 1, 1.4800424575805664, 2168104, 0.008417267352342606, 1.0
125, 5, 1, 1.352010726928711, 2168104, 0.008035147562623024, 0.999666690826416
125, 8, 1, 1.3017730712890625, 2168104, 0.007418347522616386, 1.0
126, 5, 1, 1.1018736362457275, 2168104, 0.007585266139358282, 0.999833345413208
126, 8, 1, 1.1629395484924316, 2168104, 0.007217360660433769, 1.0
127, 8, 1, 1.205862045288086, 2168104, 0.007121311035007238, 1.0
128, 5, 1, 1.2373266220092773, 2168104, 0.007768949959427118, 0.999833345413208
129, 5, 1, 1.238490104675293, 2168104, 0.006900510750710964, 0.999833345413208
129, 8, 1, 1.4002504348754883, 2168104, 0.0069563244469463825, 1.0
130, 5, 1, 1.1095123291015625, 2168104, 0.00675238249823451, 0.999833345413208
130, 8, 1, 1.211432695388794, 2168104, 0.006678234785795212, 1.0
131, 5, 1, 1.0721149444580078, 2168104, 0.006646379362791777, 0.999833345413208
131, 8, 1, 1.1263985633850098, 2168104, 0.00647503649815917, 1.0
132, 8, 1, 1.4843394756317139, 2168104, 0.006342499982565641, 1.0
133, 5, 1, 1.3702445030212402, 2168104, 0.006731292698532343, 0.999833345413208
133, 8, 1, 1.4241657257080078, 2168104, 0.005915716756135225, 1.0
134, 8, 1, 1.2009952068328857, 2168104, 0.00579457264393568, 1.0
134, 5, 1, 1.2150352001190186, 2168104, 0.006357935722917318, 0.999833345413208
135, 8, 1, 1.2442548274993896, 2168104, 0.005717819090932608, 1.0
135, 5, 1, 1.2350876331329346, 2168104, 0.006249065510928631, 0.999833345413208
136, 8, 1, 1.1694133281707764, 2168104, 0.005578791722655296, 1.0
136, 5, 1, 1.1724445819854736, 2168104, 0.006046566180884838, 0.999833345413208
137, 8, 1, 1.254267930984497, 2168104, 0.005505612585693598, 1.0
137, 5, 1, 1.3385496139526367, 2168104, 0.005935454275459051, 0.999833345413208
138, 5, 1, 1.1843781471252441, 2168104, 0.0057975961826741695, 0.999833345413208
138, 8, 1, 1.1454787254333496, 2168104, 0.005391449201852083, 1.0
139, 5, 1, 1.223757028579712, 2168104, 0.005626620724797249, 0.999833345413208
139, 8, 1, 1.316972017288208, 2168104, 0.005246466491371393, 1.0
140, 5, 1, 1.2858736515045166, 2168104, 0.005498661193996668, 0.999833345413208
140, 8, 1, 1.6483960151672363, 2168104, 0.00518033979460597, 1.0
141, 5, 1, 1.1604657173156738, 2168104, 0.005436451639980078, 0.999833345413208
141, 8, 1, 1.192800521850586, 2168104, 0.005113912746310234, 1.0
142, 8, 1, 1.2452871799468994, 2168104, 0.005007299594581127, 1.0
142, 5, 1, 1.3072340488433838, 2168104, 0.005301629193127155, 0.999833345413208
143, 8, 1, 1.149329423904419, 2168104, 0.004929141141474247, 1.0
143, 5, 1, 1.17661452293396, 2168104, 0.005180053878575563, 0.999833345413208
144, 8, 1, 1.204237699508667, 2168104, 0.004768975544720888, 1.0
144, 5, 1, 1.2105977535247803, 2168104, 0.005035067908465862, 1.0
145, 5, 1, 1.0954809188842773, 2168104, 0.004990027751773596, 0.999833345413208
145, 8, 1, 1.0934529304504395, 2168104, 0.004700627643615007, 1.0
146, 8, 1, 1.1900980472564697, 2168104, 0.004687113221734762, 1.0
146, 5, 1, 1.0940275192260742, 2168104, 0.00483560049906373, 1.0
147, 8, 1, 1.3701503276824951, 2168104, 0.004562997259199619, 1.0
147, 5, 1, 1.3576138019561768, 2168104, 0.00474112993106246, 0.999833345413208
148, 8, 1, 1.3834059238433838, 2168104, 0.004478008486330509, 1.0
149, 5, 1, 1.4088549613952637, 2168104, 0.004915305878967047, 1.0
150, 8, 1, 1.1542510986328125, 2168104, 0.004487150814384222, 1.0
150, 5, 1, 1.172919750213623, 2168104, 0.004442211240530014, 0.999833345413208
151, 5, 1, 1.3063254356384277, 2168104, 0.004380781669169664, 1.0
151, 8, 1, 1.3021974563598633, 2168104, 0.004288246855139732, 1.0
152, 8, 1, 1.7277576923370361, 2168104, 0.004152418114244938, 1.0
153, 5, 1, 1.4035825729370117, 2168104, 0.004537842236459255, 1.0
154, 8, 1, 1.253408670425415, 2168104, 0.00413365988060832, 1.0
155, 5, 1, 1.4538648128509521, 2168104, 0.004355350974947214, 1.0
156, 8, 1, 1.2787587642669678, 2168104, 0.004038592800498009, 1.0
157, 5, 1, 1.5039169788360596, 2168104, 0.0041554891504347324, 1.0
158, 5, 1, 1.2447137832641602, 2168104, 0.0038227196782827377, 1.0
158, 8, 1, 1.720627784729004, 2168104, 0.0038986948784440756, 1.0
159, 5, 1, 1.2869596481323242, 2168104, 0.0038001954089850187, 1.0
160, 8, 1, 1.2857375144958496, 2168104, 0.003935770131647587, 1.0
161, 5, 1, 1.3301799297332764, 2168104, 0.0037671527825295925, 1.0
162, 8, 1, 1.419175386428833, 2168104, 0.0036980602890253067, 1.0
163, 5, 1, 1.2610979080200195, 2168104, 0.0036680393386632204, 1.0
164, 8, 1, 1.2569935321807861, 2168104, 0.003611820749938488, 1.0
164, 5, 1, 1.332275390625, 2168104, 0.003425126662477851, 1.0
165, 8, 1, 1.1936438083648682, 2168104, 0.0034756462555378675, 1.0
166, 5, 1, 1.319782018661499, 2168104, 0.0035240452270954847, 1.0
167, 8, 1, 1.3413445949554443, 2168104, 0.003406789153814316, 1.0
168, 5, 1, 1.4302098751068115, 2168104, 0.0034041854087263346, 1.0
169, 5, 1, 1.1013917922973633, 2168104, 0.003164326772093773, 1.0
169, 8, 1, 1.1422154903411865, 2168104, 0.0032902457751333714, 1.0
170, 5, 1, 1.3817853927612305, 2168104, 0.003164275549352169, 1.0
171, 8, 1, 1.405472993850708, 2168104, 0.003353324020281434, 1.0
172, 5, 1, 1.4236972332000732, 2168104, 0.0031517285387963057, 1.0
173, 8, 1, 1.393052577972412, 2168104, 0.0032349848188459873, 1.0
174, 5, 1, 1.3830790519714355, 2168104, 0.003032761625945568, 1.0
175, 8, 1, 1.3036909103393555, 2168104, 0.0031019491143524647, 1.0
176, 5, 1, 1.3101885318756104, 2168104, 0.0029871657025069, 1.0
177, 8, 1, 1.1940217018127441, 2168104, 0.0030054431408643723, 1.0
177, 5, 1, 1.2221105098724365, 2168104, 0.002809885423630476, 1.0
178, 8, 1, 1.4039056301116943, 2168104, 0.002911629155278206, 1.0
179, 5, 1, 1.2860448360443115, 2168104, 0.0028745464514940977, 1.0
180, 8, 1, 1.3708844184875488, 2168104, 0.0028923247009515762, 1.0
181, 5, 1, 1.3247549533843994, 2168104, 0.0027943397872149944, 1.0
182, 8, 1, 1.4326362609863281, 2168104, 0.0028039354365319014, 1.0
183, 5, 1, 1.3841540813446045, 2168104, 0.0027364089619368315, 1.0
184, 8, 1, 1.2789599895477295, 2168104, 0.0027381114196032286, 1.0
185, 5, 1, 1.3084690570831299, 2168104, 0.002623519627377391, 1.0
186, 8, 1, 1.383775234222412, 2168104, 0.002671337453648448, 1.0
187, 5, 1, 1.512610673904419, 2168104, 0.002634103875607252, 1.0
188, 8, 1, 1.3144140243530273, 2168104, 0.0025816219858825207, 1.0
189, 5, 1, 1.3461735248565674, 2168104, 0.002551994752138853, 1.0
190, 8, 1, 1.5324323177337646, 2168104, 0.0025230669416487217, 1.0
191, 5, 1, 1.2424976825714111, 2168104, 0.002471188548952341, 1.0
192, 8, 1, 1.4411349296569824, 2168104, 0.0024439524859189987, 1.0
193, 5, 1, 1.3754472732543945, 2168104, 0.0024335843045264482, 1.0
194, 8, 1, 1.289870023727417, 2168104, 0.0024104502517729998, 1.0
195, 5, 1, 1.3483872413635254, 2168104, 0.0023783983197063208, 1.0
196, 8, 1, 1.3112895488739014, 2168104, 0.0023414844181388617, 1.0
197, 5, 1, 1.207441806793213, 2168104, 0.002309824340045452, 1.0
198, 8, 1, 1.4289312362670898, 2168104, 0.002326132031157613, 1.0
199, 5, 1, 1.2025682926177979, 2168104, 0.002268992830067873, 1.0
200, 8, 1, 1.3992416858673096, 2168104, 0.0022459605243057013, 1.0
201, 5, 1, 1.358168363571167, 2168104, 0.0022111732978373766, 1.0
202, 8, 1, 1.274756669998169, 2168104, 0.0022072193678468466, 1.0
203, 5, 1, 1.3150875568389893, 2168104, 0.0021647217217832804, 1.0
204, 8, 1, 1.4184367656707764, 2168104, 0.0021628648974001408, 1.0
205, 5, 1, 1.4269533157348633, 2168104, 0.002119548851624131, 1.0
206, 8, 1, 1.2881076335906982, 2168104, 0.002117928583174944, 1.0
207, 5, 1, 1.3996987342834473, 2168104, 0.002097447169944644, 1.0
208, 8, 1, 1.2549991607666016, 2168104, 0.0020672061946243048, 1.0
209, 5, 1, 1.4226300716400146, 2168104, 0.002051972784101963, 1.0
210, 8, 1, 1.3965058326721191, 2168104, 0.0020306548103690147, 1.0
211, 5, 1, 1.2199466228485107, 2168104, 0.001994465012103319, 1.0
212, 5, 1, 1.3079321384429932, 2168104, 0.0018871044740080833, 1.0
213, 8, 1, 1.4330360889434814, 2168104, 0.002018911298364401, 1.0
214, 5, 1, 1.4526212215423584, 2168104, 0.001903625437989831, 1.0
215, 8, 1, 1.4190762042999268, 2168104, 0.0019534784369170666, 1.0
216, 5, 1, 1.4273319244384766, 2168104, 0.001870148815214634, 1.0
217, 8, 1, 1.3052918910980225, 2168104, 0.001921301707625389, 1.0
218, 5, 1, 1.4850740432739258, 2168104, 0.0018623071955516934, 1.0
219, 8, 1, 1.2766838073730469, 2168104, 0.0018620112678036094, 1.0
220, 5, 1, 1.4154551029205322, 2168104, 0.0018210862763226032, 1.0
221, 8, 1, 1.515857219696045, 2168104, 0.0018253823509439826, 1.0
222, 5, 1, 1.4966051578521729, 2168104, 0.0017892856849357486, 1.0
223, 8, 1, 1.377091884613037, 2168104, 0.001792241702787578, 1.0
224, 5, 1, 1.4571821689605713, 2168104, 0.0017598773119971156, 1.0
225, 8, 1, 1.3908133506774902, 2168104, 0.0017658545402809978, 1.0
226, 5, 1, 1.4151082038879395, 2168104, 0.0017204205505549908, 1.0
227, 8, 1, 1.3884873390197754, 2168104, 0.0017441206146031618, 1.0
228, 5, 1, 1.2417166233062744, 2168104, 0.0016927585238590837, 1.0
229, 8, 1, 1.4223847389221191, 2168104, 0.001701804925687611, 1.0
230, 5, 1, 1.3613874912261963, 2168104, 0.0016599000664427876, 1.0
231, 8, 1, 1.4481384754180908, 2168104, 0.0016744389431551099, 1.0
232, 5, 1, 1.4864301681518555, 2168104, 0.0016324376920238137, 1.0
233, 8, 1, 1.2859852313995361, 2168104, 0.0016453086864203215, 1.0
234, 5, 1, 1.3977313041687012, 2168104, 0.001604406046681106, 1.0
235, 8, 1, 1.3490307331085205, 2168104, 0.001619946793653071, 1.0
236, 5, 1, 1.5221092700958252, 2168104, 0.0015770640457049012, 1.0
237, 8, 1, 1.4020695686340332, 2168104, 0.001590881496667862, 1.0
238, 5, 1, 1.2895381450653076, 2168104, 0.0015525596681982279, 1.0
239, 8, 1, 1.3145475387573242, 2168104, 0.0015675952890887856, 1.0
240, 5, 1, 1.4860022068023682, 2168104, 0.001527741551399231, 1.0
241, 8, 1, 1.5430755615234375, 2168104, 0.0015364867867901921, 1.0
242, 5, 1, 1.3976073265075684, 2168104, 0.0015015983954071999, 1.0
243, 8, 1, 1.4248859882354736, 2168104, 0.0015176200540736318, 1.0
244, 5, 1, 1.3823039531707764, 2168104, 0.0014881016686558723, 1.0
245, 8, 1, 1.285944938659668, 2168104, 0.001479443395510316, 1.0
246, 5, 1, 1.3179512023925781, 2168104, 0.0014535513473674655, 1.0
247, 8, 1, 1.1828436851501465, 2168104, 0.001482548424974084, 1.0
248, 5, 1, 1.2868199348449707, 2168104, 0.0014378437772393227, 1.0
249, 8, 1, 1.3033208847045898, 2168104, 0.0014359699562191963, 1.0
250, 5, 1, 1.3756670951843262, 2168104, 0.00141857098788023, 1.0
251, 8, 1, 1.3967735767364502, 2168104, 0.0014244847698137164, 1.0
252, 5, 1, 1.2701451778411865, 2168104, 0.00138390704523772, 1.0
253, 5, 1, 1.2863104343414307, 2168104, 0.0013302137376740575, 1.0
254, 8, 1, 1.401477336883545, 2168104, 0.0014131107600405812, 1.0
255, 5, 1, 1.2130742073059082, 2168104, 0.0013437132583931088, 1.0
256, 8, 1, 1.3293249607086182, 2168104, 0.001388056087307632, 1.0
257, 5, 1, 1.4662659168243408, 2168104, 0.0013253752840682864, 1.0
258, 8, 1, 1.454038143157959, 2168104, 0.0013552977470681071, 1.0
259, 5, 1, 1.4244499206542969, 2168104, 0.001311508473008871, 1.0
260, 8, 1, 1.334547519683838, 2168104, 0.0013420219765976071, 1.0
261, 5, 1, 1.7040038108825684, 2168104, 0.0012975261779502034, 1.0
262, 8, 1, 1.3951287269592285, 2168104, 0.0013188652228564024, 1.0
263, 5, 1, 1.2698705196380615, 2168104, 0.0012788105523213744, 1.0
264, 8, 1, 1.432826042175293, 2168104, 0.0013012122362852097, 1.0
265, 5, 1, 1.7367994785308838, 2168104, 0.0012632496654987335, 1.0
266, 8, 1, 1.4491801261901855, 2168104, 0.0012686657719314098, 1.0
267, 5, 1, 1.2562341690063477, 2168104, 0.0012417208636179566, 1.0
268, 8, 1, 1.3367385864257812, 2168104, 0.0012596286833286285, 1.0
269, 5, 1, 1.418694019317627, 2168104, 0.0012185722589492798, 1.0
270, 8, 1, 1.422086238861084, 2168104, 0.0012401404092088342, 1.0
271, 5, 1, 1.3046867847442627, 2168104, 0.001206784276291728, 1.0
272, 8, 1, 1.275648593902588, 2168104, 0.0012259697541594505, 1.0
273, 5, 1, 1.3541533946990967, 2168104, 0.0011918926611542702, 1.0
274, 8, 1, 1.4235939979553223, 2168104, 0.001211227965541184, 1.0
275, 5, 1, 1.3470561504364014, 2168104, 0.0011806848924607038, 1.0
276, 8, 1, 1.2657749652862549, 2168104, 0.0011916843941435218, 1.0
277, 5, 1, 1.3794500827789307, 2168104, 0.001169076538644731, 1.0
278, 8, 1, 1.3678300380706787, 2168104, 0.0011724927462637424, 1.0
279, 5, 1, 1.4229099750518799, 2168104, 0.0011472695041447878, 1.0
280, 8, 1, 1.2927045822143555, 2168104, 0.0011649713851511478, 1.0
281, 5, 1, 1.296053409576416, 2168104, 0.0011330319102853537, 1.0
282, 8, 1, 1.3370096683502197, 2168104, 0.0011462589027360082, 1.0
283, 5, 1, 1.238400936126709, 2168104, 0.0011136430548503995, 1.0
284, 8, 1, 1.3897919654846191, 2168104, 0.0011278942693024874, 1.0
285, 5, 1, 1.3671693801879883, 2168104, 0.0011088523315265775, 1.0
286, 5, 1, 1.700568675994873, 2168104, 0.0010572320315986872, 1.0
287, 8, 1, 1.4141950607299805, 2168104, 0.0011220314772799611, 1.0
288, 5, 1, 1.334028959274292, 2168104, 0.001063910429365933, 1.0
289, 5, 1, 1.4774141311645508, 2168104, 0.0010282775619998574, 1.0
290, 8, 1, 1.2902662754058838, 2168104, 0.0011209987569600344, 1.0
291, 5, 1, 1.3928961753845215, 2168104, 0.0010383616900071502, 1.0
292, 8, 1, 1.291407823562622, 2168104, 0.0010914483573287725, 1.0
293, 5, 1, 1.290834903717041, 2168104, 0.0010381406173110008, 1.0
294, 8, 1, 1.409268856048584, 2168104, 0.0010769738582894206, 1.0
295, 5, 1, 1.409264326095581, 2168104, 0.001020730473101139, 1.0
296, 8, 1, 1.3262484073638916, 2168104, 0.0010644326684996486, 1.0
297, 5, 1, 1.3767952919006348, 2168104, 0.0010122351814061403, 1.0
298, 8, 1, 1.3066966533660889, 2168104, 0.0010478863259777427, 1.0
299, 5, 1, 1.3863835334777832, 2168104, 0.0010027355747297406, 1.0
300, 8, 1, 1.5456476211547852, 2168104, 0.0010313232196494937, 1.0
