Round,Cid,Size of parameters,Loss,Accuracy
1,37,89592,2.677497657140096,0.225
1,30,89592,2.4669387489557266,0.001953125
1,25,89592,2.3695857524871826,0.0
1,15,89592,3.143201259466318,0.0
1,31,89592,2.4315512758312803,0.19602272727272727
1,32,89592,2.3382872893260074,0.09254807692307693
1,48,89592,2.9474848012129464,0.0
1,18,89592,1.8794508099555969,0.346875
1,26,89592,2.800614251030816,0.0
1,2,89592,2.3963633605412076,0.0
1,39,89592,2.1876444886712467,0.2555147058823529
1,16,89592,2.2147220373153687,0.078125
1,34,89592,3.1634763804349033,0.015625
1,12,89592,2.7820488293965657,0.0
1,41,89592,1.8164732217788697,0.175
1,38,89592,2.427348908256082,0.31985294117647056
1,0,89592,3.239904820919037,0.0
1,42,89592,2.7391107082366943,0.0
1,36,89592,2.318412729672023,0.0
1,1,89592,2.4707600066536353,0.03125
1,49,89592,2.44982086122036,0.029296875
1,29,89592,1.6646673679351807,0.3333333333333333
1,27,89592,2.061474879582723,0.1875
1,22,89592,2.7450052738189696,0.0
1,9,89592,2.8376812471283808,0.009548611111111112
1,33,89592,2.484554624557495,0.0
1,8,89592,1.7958799635662752,0.35018382352941174
1,3,89592,2.874736706415812,0.0
1,13,89592,2.0790211028522916,0.2013888888888889
1,14,89592,2.2373551395204334,0.10590277777777778
1,43,89592,2.329038619995117,0.0
1,47,89592,2.297267332673073,0.142578125
1,4,89592,2.4774017532666526,0.2786458333333333
1,40,89592,2.489109071818265,0.19176136363636365
1,23,89592,2.3012266556421914,0.34375
1,46,89592,1.7336699763933818,0.5260416666666666
1,35,89592,2.126616136594252,0.20738636363636365
1,28,89592,1.8744747684552119,0.29086538461538464
1,20,89592,3.207888573408127,0.0
1,10,89592,2.7900443971157074,0.1826171875
1,45,89592,2.5261283787814053,0.04261363636363636
1,7,89592,1.6471115350723267,0.45625
1,19,89592,3.3782328423999606,0.0
1,24,89592,2.855567531926291,0.018973214285714284
1,5,89592,2.091941211372614,0.0673828125
1,11,89592,2.3773855704527636,0.0
1,44,89592,1.9657811787393358,0.2534722222222222
1,17,89592,2.265670597553253,0.0
1,21,89592,2.5076008915901182,0.215625
1,6,89592,2.3450456323294806,0.0
2,29,89592,2.9802313645680747,0.0
2,43,89592,2.1346575736999513,0.0
2,47,89592,3.054403692483902,0.0
2,22,89592,1.4337074041366578,0.50625
2,17,89592,2.0739240795373917,0.2109375
2,41,89592,2.704197144508362,0.0
2,20,89592,3.949090451002121,0.0
2,33,89592,3.4715257326761884,0.0
2,15,89592,3.9139828865344706,0.0
2,14,89592,3.002406199773153,0.0
2,37,89592,2.597566843032837,0.3125
2,38,89592,1.9869658386006075,0.4411764705882353
2,36,89592,3.1209201983043124,0.0
2,46,89592,3.355468233426412,0.0
2,45,89592,3.1561027331785723,0.0
2,40,89592,2.9207576621662485,0.06676136363636363
2,48,89592,1.3967334975798924,0.4934895833333333
2,31,89592,2.145539453535369,0.2604166666666667
2,26,89592,3.1913980576727123,0.08506944444444445
2,32,89592,3.1017423501381507,0.0
2,35,89592,2.443804524161599,0.08096590909090909
2,30,89592,3.533539742231369,0.0
2,16,89592,3.17965105175972,0.0
2,42,89592,1.5624266386032104,0.3770833333333333
2,21,89592,1.950544285774231,0.365625
2,25,89592,2.2272192239761353,0.0
2,49,89592,3.54056778550148,0.0
2,5,89592,2.7397812008857727,0.0
2,27,89592,2.658539581298828,0.0
2,19,89592,0.6519755664325896,0.9122023809523809
2,13,89592,3.006162722905477,0.03298611111111111
2,7,89592,3.051342995961507,0.0
2,18,89592,3.355086600780487,0.0
2,34,89592,2.193951585076072,0.40625
2,44,89592,2.9877922733624778,0.0
2,3,89592,3.284965889794486,0.0
2,8,89592,3.14061158544877,0.0
2,11,89592,2.9423272884809055,0.0
2,24,89592,3.3143158895628795,0.0
2,9,89592,3.2824224697219,0.17100694444444445
2,23,89592,2.096828122933706,0.3854166666666667
2,39,89592,3.0887933198143456,0.05330882352941176
2,10,89592,1.8581469170749187,0.5048828125
2,12,89592,3.523997704188029,0.0
2,1,89592,3.609105348587036,0.0
2,0,89592,4.019309878349304,0.0
2,4,89592,2.1802923580010733,0.390625
2,6,89592,2.776797352166011,0.0
2,28,89592,2.884457203058096,0.0
2,2,89592,2.3303714445659094,0.1125
3,1,89592,3.461498975753784,0.0
3,20,89592,3.1727161705493927,0.0
3,43,89592,2.8876811027526856,0.0
3,46,89592,2.646865884462992,0.0
3,17,89592,2.5148663222789764,0.2109375
3,36,89592,3.660184076854161,0.0
3,21,89592,1.823006910085678,0.3625
3,42,89592,2.0260607242584228,0.38125
3,4,89592,1.7188120086987813,0.4036458333333333
3,39,89592,2.997267919428208,0.05330882352941176
3,38,89592,1.7538014159483069,0.44485294117647056
3,27,89592,2.6463075796763103,0.0
3,30,89592,3.40084108710289,0.0
3,13,89592,3.1644947131474814,0.034722222222222224
3,10,89592,1.4675094671547413,0.5078125
3,40,89592,2.303359866142273,0.06534090909090909
3,34,89592,1.802610993385315,0.40198863636363635
3,18,89592,2.976711618900299,0.0
3,7,89592,2.717013963063558,0.0
3,6,89592,2.9431156618841765,0.0
3,15,89592,3.3085517516502967,0.0
3,25,89592,2.955548971891403,0.0
3,44,89592,2.9670173724492392,0.0
3,37,89592,2.2416147788365683,0.32083333333333336
3,2,89592,2.7856928416660853,0.11428571428571428
3,0,89592,3.2331369320551553,0.0
3,16,89592,3.6425507962703705,0.0
3,47,89592,2.8664846271276474,0.0
3,31,89592,1.976393952514186,0.26136363636363635
3,11,89592,2.937474590081435,0.0
3,29,89592,2.898446718851725,0.0
3,23,89592,1.9110922912756603,0.3828125
3,22,89592,1.6788057804107666,0.51875
3,3,89592,3.05058647337414,0.0
3,45,89592,3.042324174534191,0.0
3,9,89592,2.9584595693482294,0.17100694444444445
3,32,89592,3.233690628638634,0.0
3,19,89592,0.7171795382386162,0.9122023809523809
3,26,89592,2.9288064969910517,0.08506944444444445
3,5,89592,2.9675386622548103,0.0
3,8,89592,2.896985509816338,0.0
3,35,89592,2.622847307812084,0.08238636363636363
3,48,89592,1.5791901250680287,0.4921875
3,41,89592,2.996264863014221,0.0
3,33,89592,3.6854138056437176,0.0
3,49,89592,3.614289417862892,0.0
3,14,89592,3.088668121231927,0.0
3,12,89592,3.320205879211426,0.0
3,28,89592,2.6363565646685085,0.0
3,24,89592,2.965230711868831,0.0
4,16,89592,3.3633078932762146,0.0
4,46,89592,2.412401000658671,0.041666666666666664
4,17,89592,1.0983989089727402,0.78125
4,29,89592,3.2500468095143638,0.3020833333333333
4,14,89592,2.6552427874671087,0.24131944444444445
4,35,89592,3.1858683932911265,0.05539772727272727
4,33,89592,2.7956971009572347,0.0
4,30,89592,1.2539887800812721,0.474609375
4,40,89592,2.93823918429288,0.015625
4,21,89592,2.5705015778541567,0.0109375
4,12,89592,3.1680309136708575,0.0
4,4,89592,1.9301349023977916,0.17708333333333334
4,19,89592,2.0412320977165583,0.10714285714285714
4,5,89592,2.060773227363825,0.4189453125
4,34,89592,3.0149789289994673,0.009943181818181818
4,28,89592,2.5439128325535703,0.23557692307692307
4,2,89592,2.6247166361127583,0.22767857142857142
4,8,89592,2.3242525212904988,0.24448529411764705
4,9,89592,1.6882786717679765,0.21875
4,26,89592,2.8654710981580944,0.006076388888888889
4,45,89592,2.3629150553183123,0.2997159090909091
4,41,89592,1.860399305820465,0.696875
4,23,89592,3.4385750691095986,0.0
4,22,89592,1.5049798965454102,0.4875
4,11,89592,1.8229373326668372,0.6382211538461539
4,13,89592,3.6012695100572376,0.0
4,20,89592,2.8751376271247864,0.0
4,38,89592,3.2254631098578956,0.009191176470588236
4,43,89592,3.4450178146362305,0.0
4,6,89592,2.0602412059389312,0.375
4,1,89592,1.7239807279486405,0.27960526315789475
4,15,89592,2.721485944894644,0.0
4,18,89592,2.606816804409027,0.0234375
4,7,89592,2.3823995113372805,0.3333333333333333
4,24,89592,3.2011738334383284,0.0011160714285714285
4,25,89592,3.5120701789855957,0.0
4,10,89592,2.4345593228936195,0.0283203125
4,3,89592,2.9927736691066196,0.0
4,39,89592,3.6484688310062183,0.0055147058823529415
4,0,89592,2.9496836264928183,0.0
4,44,89592,3.2208540638287864,0.15104166666666666
4,36,89592,3.2150778089250838,0.0
4,37,89592,3.125686438878377,0.008333333333333333
4,27,89592,3.2414983113606772,0.125
4,42,89592,2.7129369735717774,0.12916666666666668
4,47,89592,3.1832204312086105,0.0
4,49,89592,2.4352074712514877,0.09375
4,31,89592,2.655009970520482,0.014204545454545454
4,32,89592,3.5191993713378906,0.0
4,48,89592,2.719847251971563,0.01171875
5,16,89592,1.3309546560049057,0.453125
5,38,89592,2.5490005437065575,0.06433823529411764
5,20,89592,3.363767445087433,0.0
5,46,89592,2.5912732680638633,0.13541666666666666
5,19,89592,3.061615887142363,0.0
5,30,89592,1.4440844133496284,0.43359375
5,22,89592,2.6027411460876464,0.0
5,21,89592,3.2621689796447755,0.0
5,0,89592,3.4312560160954795,0.0
5,4,89592,2.9410130778948465,0.0
5,37,89592,2.68646133740743,0.058333333333333334
5,48,89592,3.090348958969116,0.0
5,39,89592,2.1242423688664154,0.22058823529411764
5,33,89592,1.2551438252131144,0.5875
5,47,89592,2.1477296873927116,0.22265625
5,36,89592,1.3979870421545846,0.4799107142857143
5,34,89592,3.7558458935130727,0.0
5,45,89592,2.6164590662175957,0.01278409090909091
5,1,89592,1.369801640510559,0.5213815789473685
5,11,89592,2.8208271265029907,0.0
5,43,89592,3.4355072021484374,0.0
5,8,89592,2.2071187566308414,0.15441176470588236
5,12,89592,2.5498547077178957,0.22083333333333333
5,23,89592,2.464894632498423,0.06510416666666667
5,17,89592,2.2403289675712585,0.0
5,25,89592,3.512054890394211,0.0
5,31,89592,3.1074535051981607,0.0
5,14,89592,2.3455187612109714,0.2013888888888889
5,42,89592,3.225143035252889,0.0
5,3,89592,3.1753029823303223,0.0
5,49,89592,1.2842896804213524,0.525390625
5,18,89592,2.1978060781955717,0.2359375
5,13,89592,1.7490625778834026,0.3107638888888889
5,26,89592,2.3880824943383536,0.2942708333333333
5,28,89592,2.4644984923876248,0.028846153846153848
5,7,89592,2.3277741273244223,0.05416666666666667
5,29,89592,2.043609937032064,0.052083333333333336
5,15,89592,3.024013409247765,0.019230769230769232
5,32,89592,2.277904648047227,0.2764423076923077
5,5,89592,2.151485588401556,0.1123046875
5,24,89592,3.526538985116141,0.03794642857142857
5,27,89592,2.3483452796936035,0.052083333333333336
5,9,89592,1.8578629990418751,0.4036458333333333
5,40,89592,3.317093697461215,0.0
5,41,89592,1.9948229670524598,0.034375
5,2,89592,2.4785326685224263,0.12142857142857143
5,44,89592,1.942798998620775,0.18663194444444445
5,6,89592,2.2849367240379594,0.14547413793103448
5,35,89592,3.037887930870056,0.036931818181818184
5,10,89592,3.3134401589632034,0.0
6,43,89592,2.328044128417969,0.0
6,12,89592,2.7474578380584718,0.08333333333333333
6,17,89592,1.3482634276151657,0.77734375
6,42,89592,1.7954827944437664,0.37916666666666665
6,38,89592,2.329737249542685,0.38235294117647056
6,14,89592,2.493796322080824,0.1701388888888889
6,33,89592,1.927711057662964,0.13958333333333334
6,7,89592,2.4524221261342367,0.23541666666666666
6,0,89592,3.2684487104415894,0.0
6,13,89592,2.3372783925798206,0.1423611111111111
6,30,89592,1.914513811469078,0.388671875
6,19,89592,1.1427882171812511,0.7901785714285714
6,32,89592,2.632539125589224,0.09615384615384616
6,46,89592,2.3113496700922647,0.0625
6,47,89592,2.3310012966394424,0.060546875
6,24,89592,3.176442733832768,0.0011160714285714285
6,20,89592,3.1703089475631714,0.0
6,40,89592,2.726095817305825,0.10227272727272728
6,8,89592,2.202503905576818,0.20680147058823528
6,34,89592,2.87123226035725,0.3096590909090909
6,21,89592,1.9770524978637696,0.2875
6,10,89592,2.034336730837822,0.4052734375
6,48,89592,1.5590501377979915,0.43359375
6,31,89592,1.9300282182115498,0.24053030303030304
6,25,89592,2.3506477177143097,0.0
6,41,89592,2.030356431007385,0.559375
6,23,89592,2.522059897581736,0.3151041666666667
6,16,89592,1.9489645063877106,0.11328125
6,22,89592,1.211369562149048,0.85
6,49,89592,1.9544177800416946,0.162109375
6,1,89592,1.9594998234196712,0.2582236842105263
6,29,89592,2.843860069910685,0.23958333333333334
6,15,89592,2.720685757123507,0.01201923076923077
6,11,89592,2.5092186285899234,0.4807692307692308
6,18,89592,2.1586828768253326,0.09375
6,9,89592,2.009385926855935,0.3081597222222222
6,35,89592,2.429691032929854,0.11221590909090909
6,4,89592,1.7892681956291199,0.4635416666666667
6,26,89592,2.493958976533678,0.12586805555555555
6,2,89592,1.751583310535976,0.32857142857142857
6,45,89592,2.239904837174849,0.25
6,6,89592,1.8755170641274288,0.33836206896551724
6,3,89592,2.560853265580677,0.026785714285714284
6,28,89592,2.206971961718339,0.20673076923076922
6,37,89592,2.484901762008667,0.2520833333333333
6,27,89592,2.264524737993876,0.15
6,36,89592,1.774757981300354,0.15848214285714285
6,39,89592,2.822288653429817,0.11029411764705882
6,44,89592,2.465084526273939,0.1753472222222222
6,5,89592,1.6923751719295979,0.388671875
7,15,89592,1.4269985327353845,0.7524038461538461
7,19,89592,1.3012073777970814,0.6339285714285714
7,23,89592,2.4604403177897134,0.2630208333333333
7,33,89592,3.396306212743123,0.0375
7,4,89592,1.7621070742607117,0.3203125
7,21,89592,1.7993910551071166,0.2421875
7,18,89592,3.0875462532043456,0.0
7,36,89592,3.9109292711530412,0.0
7,47,89592,2.796396628022194,0.02734375
7,31,89592,2.110746817155318,0.16950757575757575
7,48,89592,1.922671342889468,0.3372395833333333
7,10,89592,1.6638353541493416,0.3583984375
7,44,89592,3.018197390768263,0.006944444444444444
7,5,89592,2.7783370316028595,0.0
7,32,89592,3.102011304635268,0.04326923076923077
7,11,89592,2.099603694218856,0.06129807692307692
7,7,89592,2.564437500635783,0.0
7,28,89592,2.622871160507202,0.0
7,24,89592,1.7076310856001717,0.3091517857142857
7,26,89592,2.5471283064948187,0.1267361111111111
7,39,89592,3.161443822524127,0.05698529411764706
7,45,89592,2.068892240524292,0.34801136363636365
7,29,89592,2.9278276761372886,0.0
7,46,89592,2.6600504318873086,0.0
7,20,89592,1.287844181060791,0.74609375
7,13,89592,3.4924260245429144,0.022569444444444444
7,17,89592,1.9725410640239716,0.16015625
7,27,89592,2.8851067543029787,0.0
7,1,89592,2.4893893944589713,0.07072368421052631
7,42,89592,1.7420149564743042,0.24791666666666667
7,38,89592,2.250747834934908,0.3272058823529412
7,35,89592,2.2167290340770376,0.05823863636363636
7,25,89592,1.9420117735862732,0.03515625
7,49,89592,3.159178987145424,0.03125
7,41,89592,2.543475556373596,0.0
7,37,89592,1.9029123226801554,0.5083333333333333
7,2,89592,2.5927617754255023,0.08125
7,40,89592,2.241180831735784,0.09801136363636363
7,0,89592,1.322165975968043,0.6744791666666666
7,34,89592,1.639857996593822,0.33238636363636365
7,14,89592,2.353385739856296,0.019097222222222224
7,16,89592,3.967402160167694,0.0
7,12,89592,2.6212285359700522,0.2875
7,43,89592,1.9741894483566285,0.0
7,30,89592,2.192852810025215,0.04296875
7,3,89592,1.7422308637982322,0.46577380952380953
7,22,89592,1.685018277168274,0.34375
7,6,89592,2.333462723370256,0.021551724137931036
7,8,89592,2.8113211533602547,0.0
7,9,89592,1.895155002673467,0.2743055555555556
8,22,89592,2.410746431350708,0.0
8,27,89592,2.7273141384124755,0.004166666666666667
8,20,89592,2.5495146811008453,0.15234375
8,18,89592,1.6902501225471496,0.2890625
8,12,89592,1.932494044303894,0.27291666666666664
8,38,89592,2.51146180489484,0.01838235294117647
8,8,89592,1.9237742388949675,0.1957720588235294
8,34,89592,1.9818084185773677,0.3494318181818182
8,25,89592,1.1656190901994705,0.79296875
8,4,89592,2.2332321405410767,0.13020833333333334
8,6,89592,2.3060829310581603,0.1336206896551724
8,35,89592,1.666134243661707,0.4715909090909091
8,39,89592,1.9899141858605778,0.16176470588235295
8,49,89592,1.9279568642377853,0.1953125
8,47,89592,2.679291695356369,0.037109375
8,10,89592,2.1536317951977253,0.2265625
8,32,89592,1.6511367055085988,0.4026442307692308
8,19,89592,2.63210814339774,0.0
8,31,89592,2.245789256962863,0.23200757575757575
8,9,89592,2.455348345968458,0.029513888888888888
8,28,89592,2.3654850813058705,0.09975961538461539
8,46,89592,1.658363441626231,0.375
8,16,89592,1.7498797923326492,0.234375
8,17,89592,2.304142862558365,0.0
8,43,89592,1.1614910364151,0.825
8,33,89592,1.8146175066630046,0.225
8,42,89592,1.8625171264012654,0.43125
8,7,89592,2.1196161111195884,0.12291666666666666
8,0,89592,2.589176654815674,0.140625
8,41,89592,2.30638747215271,0.003125
8,23,89592,2.554150561491648,0.0026041666666666665
8,15,89592,2.9871575832366943,0.0
8,13,89592,2.1410657498571606,0.14930555555555555
8,24,89592,1.8069815252508437,0.45870535714285715
8,29,89592,2.4080166816711426,0.0
8,1,89592,2.0961902580763163,0.10197368421052631
8,11,89592,1.9932839687053974,0.19471153846153846
8,14,89592,1.963247001171112,0.2725694444444444
8,44,89592,2.3922066026263766,0.05642361111111111
8,26,89592,2.0822411278883615,0.2126736111111111
8,45,89592,2.737407077442516,0.0014204545454545455
8,48,89592,2.5649399558703103,0.14583333333333334
8,37,89592,2.6473151365915935,0.0
8,2,89592,2.0295188086373463,0.2741071428571429
8,30,89592,2.3035692274570465,0.0234375
8,5,89592,2.2694297581911087,0.1025390625
8,21,89592,1.9106672167778016,0.340625
8,40,89592,2.189290940761566,0.2471590909090909
8,3,89592,2.5494489783332464,0.1949404761904762
8,36,89592,1.7291182449885778,0.2611607142857143
9,21,89592,2.5725138425827025,0.059375
9,0,89592,2.583580811818441,0.21354166666666666
9,7,89592,2.2172205050786338,0.08125
9,12,89592,1.66441490650177,0.51875
9,37,89592,2.3497005224227907,0.07708333333333334
9,41,89592,1.9498510360717773,0.05625
9,38,89592,2.1217570304870605,0.10845588235294118
9,39,89592,1.347353787983165,0.4724264705882353
9,1,89592,2.750574463292172,0.13815789473684212
9,34,89592,1.900631606578827,0.3778409090909091
9,48,89592,3.125791976849238,0.033854166666666664
9,33,89592,1.9325400193532307,0.46875
9,31,89592,3.082803625049013,0.03598484848484849
9,4,89592,2.77432382106781,0.0
9,26,89592,2.3936234745714398,0.3776041666666667
9,32,89592,1.3077190518379211,0.5336538461538461
9,8,89592,2.2182332627913532,0.18474264705882354
9,5,89592,2.641861218959093,0.13671875
9,44,89592,2.2034653226534524,0.2013888888888889
9,45,89592,2.9564202807166358,0.01278409090909091
9,20,89592,2.537060856819153,0.19921875
9,6,89592,2.9281023535235176,0.05603448275862069
9,22,89592,2.394023561477661,0.00625
9,18,89592,2.187402147054672,0.30625
9,2,89592,2.3557007278714863,0.18392857142857144
9,36,89592,1.5023043240819658,0.5602678571428571
9,24,89592,2.0053449954305376,0.31026785714285715
9,43,89592,1.8281473159790038,0.15
9,27,89592,3.0078296661376953,0.08125
9,49,89592,2.244669631123543,0.337890625
9,23,89592,1.9738662540912628,0.140625
9,28,89592,2.848143852674044,0.054086538461538464
9,17,89592,2.2293355762958527,0.0
9,35,89592,2.024063516746868,0.14204545454545456
9,29,89592,1.6622047424316406,0.20833333333333334
9,42,89592,2.230032444000244,0.11041666666666666
9,40,89592,2.7943854331970215,0.25
9,19,89592,2.674354008265904,0.013392857142857142
9,3,89592,3.036568902787708,0.07589285714285714
9,11,89592,1.7673548139058626,0.27163461538461536
9,46,89592,2.498784343401591,0.171875
9,9,89592,3.1596433454089694,0.0008680555555555555
9,30,89592,2.9756368547677994,0.0
9,16,89592,1.2880975306034088,0.58203125
9,15,89592,3.3080074970538798,0.0
9,25,89592,1.829426884651184,0.18359375
9,47,89592,3.299398750066757,0.064453125
9,14,89592,2.1812130212783813,0.125
9,10,89592,2.579103261232376,0.1025390625
9,13,89592,1.7601993216408625,0.3732638888888889
10,42,89592,2.0896898984909056,0.13125
10,47,89592,2.114761509001255,0.158203125
10,4,89592,2.7056877811749778,0.13020833333333334
10,15,89592,3.9760543016286998,0.021634615384615384
10,43,89592,2.2564852714538572,0.00625
10,23,89592,2.367314259211222,0.15364583333333334
10,39,89592,2.0097005998387054,0.36580882352941174
10,38,89592,2.3437180238611557,0.16544117647058823
10,7,89592,2.648065948486328,0.029166666666666667
10,28,89592,2.2997012459314785,0.09735576923076923
10,2,89592,1.634947909627642,0.2883928571428571
10,36,89592,0.9487839213439396,0.828125
10,19,89592,1.9083276703244163,0.3244047619047619
10,34,89592,2.8153848214582964,0.109375
10,5,89592,1.6875032857060432,0.2509765625
10,31,89592,2.3715318911003345,0.14299242424242425
10,24,89592,3.303592801094055,0.004464285714285714
10,26,89592,2.2004932959874473,0.3133680555555556
10,6,89592,2.005815966375943,0.07543103448275862
10,9,89592,2.857382443216112,0.05555555555555555
10,25,89592,2.331603914499283,0.01953125
10,13,89592,1.5810578266779582,0.4704861111111111
10,41,89592,2.008582878112793,0.015625
10,32,89592,1.8369051538980925,0.4387019230769231
10,22,89592,1.8041301012039184,0.1625
10,11,89592,2.388664960861206,0.008413461538461538
10,21,89592,2.6230594515800476,0.134375
10,20,89592,4.003951698541641,0.0
10,49,89592,1.867449328303337,0.46875
10,33,89592,1.5787351926167805,0.6166666666666667
10,3,89592,3.216639439264933,0.05654761904761905
10,30,89592,2.563930422067642,0.005859375
10,14,89592,2.4861683448155723,0.015625
10,16,89592,1.0754484385252,0.7578125
10,46,89592,2.854676286379496,0.22395833333333334
10,27,89592,1.8247424840927124,0.14791666666666667
10,12,89592,2.4650754292805988,0.42291666666666666
10,8,89592,2.387449257514056,0.20404411764705882
10,35,89592,2.4709395603700117,0.03551136363636364
10,10,89592,2.6622221544384956,0.1826171875
10,44,89592,1.9989452295833163,0.19618055555555555
10,37,89592,2.9175572713216145,0.125
10,17,89592,1.7592141330242157,0.0859375
10,0,89592,4.12883335351944,0.0
10,45,89592,2.781535267829895,0.061079545454545456
10,48,89592,1.841651275753975,0.2552083333333333
10,40,89592,2.667927232655612,0.11221590909090909
10,29,89592,2.423330068588257,0.020833333333333332
10,18,89592,2.3254460275173185,0.4171875
10,1,89592,2.3671797702186987,0.1825657894736842
11,4,89592,2.297053804000219,0.19010416666666666
11,36,89592,2.2291904858180454,0.013392857142857142
11,0,89592,2.649852732817332,0.0234375
11,47,89592,2.549595519900322,0.19140625
11,25,89592,2.4805967807769775,0.0
11,46,89592,2.5040605068206787,0.020833333333333332
11,49,89592,2.2915782630443573,0.115234375
11,42,89592,2.2833409468332926,0.16041666666666668
11,30,89592,1.86952393501997,0.44140625
11,39,89592,1.7249801018658806,0.32169117647058826
11,18,89592,2.434041666984558,0.009375
11,21,89592,2.5897098779678345,0.053125
11,12,89592,2.275969711939494,0.05416666666666667
11,3,89592,2.8610391276223317,0.004464285714285714
11,1,89592,2.0964406101327193,0.26151315789473684
11,43,89592,2.451297092437744,0.0
11,13,89592,1.9134599169095357,0.2795138888888889
11,6,89592,2.0704099844241965,0.35021551724137934
11,24,89592,2.4536906140191213,0.04352678571428571
11,26,89592,2.4911655849880643,0.043402777777777776
11,35,89592,2.154067700559443,0.17755681818181818
11,27,89592,2.1920637289683023,0.35208333333333336
11,37,89592,2.1090678373972573,0.3
11,29,89592,1.0744928916295369,0.71875
11,23,89592,1.7398341794808705,0.4088541666666667
11,10,89592,2.5476353615522385,0.0791015625
11,8,89592,1.910770619616789,0.3115808823529412
11,41,89592,0.8726507365703583,0.8375
11,38,89592,1.854882794267991,0.38786764705882354
11,7,89592,1.5244605859120688,0.5229166666666667
11,40,89592,2.6544878374446523,0.04261363636363636
11,2,89592,2.1521705491202217,0.22857142857142856
11,33,89592,2.3467632134755454,0.0125
11,32,89592,1.9638768893021803,0.14423076923076922
11,14,89592,1.8560284309917026,0.3645833333333333
11,48,89592,2.768031269311905,0.06510416666666667
11,19,89592,2.3141502879914784,0.21726190476190477
11,28,89592,2.0590965105937076,0.35216346153846156
11,9,89592,2.3688843184047275,0.2092013888888889
11,31,89592,2.794856627782186,0.03977272727272727
11,22,89592,1.5583463430404663,0.525
11,44,89592,1.7292213605509863,0.4513888888888889
11,20,89592,2.5874606668949127,0.0234375
11,17,89592,1.068939633667469,0.78125
11,16,89592,2.058907136321068,0.078125
11,34,89592,2.349254987456582,0.08522727272727272
11,45,89592,2.1869823065671055,0.3252840909090909
11,11,89592,1.1993605975921338,0.6213942307692307
11,15,89592,2.910918034040011,0.0
11,5,89592,1.8807889260351658,0.3974609375
12,42,89592,1.9872072458267211,0.20208333333333334
12,38,89592,2.4943290317759796,0.16544117647058823
12,30,89592,1.672115944325924,0.509765625
12,16,89592,3.2504637837409973,0.015625
12,23,89592,2.665688455104828,0.15364583333333334
12,37,89592,2.3087924400965374,0.12291666666666666
12,46,89592,2.245768189430237,0.375
12,7,89592,2.591811927159627,0.15416666666666667
12,49,89592,2.22566419839859,0.357421875
12,47,89592,3.0178273916244507,0.224609375
12,45,89592,2.7504395679994063,0.03835227272727273
12,12,89592,2.5803019523620607,0.06041666666666667
12,22,89592,2.334141397476196,0.16875
12,19,89592,2.0972700005485896,0.27976190476190477
12,1,89592,1.721093591890837,0.506578947368421
12,24,89592,1.9076619829450334,0.18303571428571427
12,34,89592,2.2168676907365974,0.21164772727272727
12,26,89592,2.5097522338231406,0.2769097222222222
12,32,89592,2.7233014565247755,0.08413461538461539
12,5,89592,3.168075531721115,0.0546875
12,41,89592,2.9222333908081053,0.0
12,28,89592,3.048490102474506,0.12259615384615384
12,39,89592,2.8781958187327668,0.07720588235294118
12,10,89592,2.074685301631689,0.291015625
12,0,89592,1.8701397081216176,0.09375
12,17,89592,2.6527250707149506,0.07421875
12,43,89592,1.7199615955352783,0.15
12,29,89592,3.0076891581217446,0.041666666666666664
12,18,89592,2.6022087812423704,0.23125
12,11,89592,2.6799144378075233,0.05048076923076923
12,31,89592,2.615853280732126,0.23106060606060605
12,21,89592,1.950330901145935,0.2859375
12,48,89592,2.7290842831134796,0.16927083333333334
12,33,89592,2.4486469904581707,0.2708333333333333
12,13,89592,3.1574727959103055,0.04513888888888889
12,35,89592,2.1136791543527083,0.1747159090909091
12,40,89592,2.930147734555331,0.15198863636363635
12,3,89592,2.3630330562591553,0.07886904761904762
12,6,89592,2.686959546187828,0.1875
12,44,89592,3.086092452208201,0.08246527777777778
12,25,89592,1.7037947475910187,0.18359375
12,20,89592,1.876847505569458,0.07421875
12,14,89592,2.0953645176357694,0.2569444444444444
12,9,89592,1.482727739546034,0.53125
12,4,89592,2.109709252913793,0.2864583333333333
12,15,89592,2.000568527441758,0.08653846153846154
12,8,89592,2.596598548047683,0.17371323529411764
12,27,89592,3.6080196698506675,0.01875
12,36,89592,3.2200629029955183,0.033482142857142856
12,2,89592,2.8095792157309396,0.09910714285714285
13,25,89592,1.6558185368776321,0.25390625
13,17,89592,1.3638551533222198,0.62890625
13,38,89592,2.450636022231158,0.05698529411764706
13,41,89592,1.5640891194343567,0.565625
13,29,89592,2.1266308625539145,0.2604166666666667
13,16,89592,2.3901834189891815,0.046875
13,0,89592,2.159313678741455,0.059895833333333336
13,15,89592,2.453112107056838,0.01201923076923077
13,12,89592,2.175710844993591,0.09583333333333334
13,23,89592,2.553956071535746,0.020833333333333332
13,27,89592,3.1877004623413088,0.11458333333333333
13,36,89592,2.393681134496416,0.11607142857142858
13,8,89592,1.5948476616074057,0.4898897058823529
13,35,89592,1.7875481843948364,0.3096590909090909
13,4,89592,1.6757532556851704,0.4140625
13,37,89592,2.4220666885375977,0.01875
13,31,89592,2.4126581567706484,0.2518939393939394
13,45,89592,2.3599910085851494,0.2372159090909091
13,24,89592,1.876166718346732,0.18638392857142858
13,44,89592,2.544804059796863,0.1814236111111111
13,13,89592,2.5956874820921154,0.0642361111111111
13,22,89592,1.6888060092926025,0.4
13,1,89592,1.4955414972807233,0.45230263157894735
13,34,89592,2.0948905023661526,0.16193181818181818
13,39,89592,2.312070881619173,0.10294117647058823
13,7,89592,1.5764225085576375,0.51875
13,20,89592,2.0939603745937347,0.0546875
13,21,89592,1.804123616218567,0.2984375
13,33,89592,2.0900463104248046,0.12916666666666668
13,42,89592,1.8918896993001302,0.24583333333333332
13,14,89592,1.7300418019294739,0.34375
13,11,89592,1.3870028990965624,0.5709134615384616
13,18,89592,1.6947134196758271,0.4234375
13,40,89592,2.5291465520858765,0.24289772727272727
13,49,89592,1.8972290307283401,0.25390625
13,19,89592,2.3080953586669195,0.05803571428571429
13,6,89592,2.1125829178711464,0.4170258620689655
13,5,89592,2.114816941320896,0.4443359375
13,47,89592,3.06583334505558,0.1015625
13,10,89592,1.978596419095993,0.23828125
13,2,89592,2.230169211115156,0.26964285714285713
13,3,89592,2.555894386200678,0.05803571428571429
13,46,89592,1.4223808844884236,0.5625
13,30,89592,1.331669494509697,0.509765625
13,43,89592,1.6568527936935424,0.2375
13,28,89592,2.2965616171176615,0.3762019230769231
13,26,89592,2.3694056471188865,0.15711805555555555
13,48,89592,2.874746173620224,0.057291666666666664
13,9,89592,1.6872814529471927,0.3012152777777778
13,32,89592,2.1363878754469066,0.14302884615384615
14,17,89592,2.0783416032791138,0.0
14,16,89592,0.9938158616423607,0.7578125
14,43,89592,2.881838893890381,0.0
14,7,89592,1.783779239654541,0.26666666666666666
14,30,89592,1.4807234928011894,0.37890625
14,32,89592,1.5660849488698518,0.48677884615384615
14,39,89592,1.5093004563275505,0.45036764705882354
14,41,89592,1.9162018537521361,0.090625
14,33,89592,1.0293054223060607,0.7479166666666667
14,18,89592,1.379611873626709,0.596875
14,27,89592,2.1953824838002522,0.13333333333333333
14,1,89592,1.2624602568776984,0.5592105263157895
14,45,89592,2.346945134076205,0.046875
14,6,89592,2.0989628783587753,0.1476293103448276
14,24,89592,2.4902631640434265,0.10714285714285714
14,14,89592,1.9840886725319757,0.2517361111111111
14,26,89592,1.7373021642367046,0.4036458333333333
14,10,89592,2.4530530273914337,0.123046875
14,5,89592,1.8886891677975655,0.2080078125
14,44,89592,1.7370749976899889,0.3159722222222222
14,9,89592,1.7254456513457828,0.3732638888888889
14,15,89592,2.527278239910419,0.038461538461538464
14,12,89592,1.722701358795166,0.41458333333333336
14,13,89592,1.4091213213072882,0.5434027777777778
14,36,89592,1.0405476008142744,0.7611607142857143
14,29,89592,1.7840630213419597,0.20833333333333334
14,19,89592,2.5776846522376653,0.01488095238095238
14,4,89592,2.2212308049201965,0.16145833333333334
14,38,89592,2.1317534236346973,0.1875
14,37,89592,2.273863124847412,0.15
14,3,89592,2.6931617032913935,0.02976190476190476
14,42,89592,2.6733625570933026,0.010416666666666666
14,21,89592,2.504803681373596,0.1140625
14,34,89592,2.5472847656770186,0.08096590909090909
14,31,89592,2.506036967942209,0.11742424242424243
14,8,89592,1.6110859092544108,0.3952205882352941
14,2,89592,2.1410742691584996,0.19107142857142856
14,11,89592,2.0660779155217686,0.046875
14,28,89592,2.0554064145454993,0.1875
14,49,89592,1.0852823220193386,0.6875
14,0,89592,2.486470798651377,0.041666666666666664
14,46,89592,1.5943365891774495,0.5260416666666666
14,22,89592,2.233868217468262,0.01875
14,25,89592,2.848625421524048,0.01171875
14,20,89592,2.4089057445526123,0.0625
14,47,89592,2.011866144835949,0.267578125
14,40,89592,2.3115819963541897,0.15625
14,23,89592,2.1135492026805878,0.19270833333333334
14,35,89592,2.42127141085538,0.13494318181818182
14,48,89592,2.7344704071680703,0.010416666666666666
15,25,89592,1.93884839117527,0.1171875
15,29,89592,2.5863844553629556,0.0625
15,43,89592,1.9850627183914185,0.08125
15,46,89592,1.788540204366048,0.25
15,4,89592,1.6909002363681793,0.3463541666666667
15,22,89592,1.7272765636444092,0.38125
15,20,89592,1.6406411230564117,0.35546875
15,15,89592,1.6954082433994,0.37740384615384615
15,47,89592,2.267916664481163,0.17578125
15,35,89592,2.068430786783045,0.14488636363636365
15,18,89592,1.7180598199367523,0.3265625
15,11,89592,2.313756585121155,0.09495192307692307
15,14,89592,2.0747844643063016,0.2013888888888889
15,19,89592,1.2884091933568318,0.6636904761904762
15,28,89592,2.4084591407042284,0.054086538461538464
15,5,89592,2.1863628029823303,0.1298828125
15,34,89592,1.749574146487496,0.4034090909090909
15,10,89592,1.614314939826727,0.4208984375
15,24,89592,1.873221823147365,0.27455357142857145
15,32,89592,1.8023845920195947,0.3858173076923077
15,36,89592,1.4886527827807836,0.4955357142857143
15,27,89592,2.551685921351115,0.029166666666666667
15,33,89592,1.3822407484054566,0.56875
15,42,89592,1.7204163710276286,0.3125
15,3,89592,1.9362307957240514,0.21875
15,12,89592,1.6436754703521728,0.43333333333333335
15,38,89592,1.9427305950837976,0.37683823529411764
15,8,89592,2.0242677681586323,0.20496323529411764
15,49,89592,1.4600880965590477,0.525390625
15,44,89592,2.3198686142762504,0.1623263888888889
15,23,89592,2.1213877896467843,0.3072916666666667
15,16,89592,1.5786341726779938,0.46484375
15,41,89592,2.5429683446884157,0.0125
15,2,89592,1.9687418528965541,0.23482142857142857
15,17,89592,2.0820152014493942,0.16015625
15,48,89592,1.8186446279287338,0.3567708333333333
15,1,89592,1.5546360580544722,0.49835526315789475
15,45,89592,2.1724912361665205,0.17045454545454544
15,0,89592,1.709333747625351,0.3671875
15,21,89592,1.693584281206131,0.334375
15,26,89592,1.6966877579689026,0.4270833333333333
15,7,89592,2.324636284510295,0.06875
15,31,89592,1.9458857016129927,0.22443181818181818
15,9,89592,1.5275021857685513,0.5260416666666666
15,30,89592,1.8016117960214615,0.353515625
15,37,89592,1.8640852133433023,0.38333333333333336
15,13,89592,1.9622642861472235,0.3142361111111111
15,39,89592,1.9909819434670841,0.3125
15,40,89592,2.153662134300579,0.16619318181818182
15,6,89592,2.153088018811982,0.15193965517241378
16,46,89592,1.7052018841107686,0.359375
16,29,89592,1.401214639345805,0.5520833333333334
16,7,89592,1.516877794265747,0.4895833333333333
16,23,89592,1.4778022468090057,0.5286458333333334
16,30,89592,1.4710212647914886,0.54296875
16,4,89592,1.634692132472992,0.4348958333333333
16,28,89592,1.6436824248387263,0.36658653846153844
16,25,89592,2.332196980714798,0.16015625
16,0,89592,2.7259509364763894,0.09375
16,42,89592,1.8824685255686442,0.34791666666666665
16,14,89592,1.7338863280084398,0.4114583333333333
16,10,89592,1.7262033261358738,0.36328125
16,35,89592,1.9478797804225574,0.28125
16,31,89592,1.8540456331137456,0.25946969696969696
16,1,89592,1.4874105516232943,0.506578947368421
16,49,89592,1.586990550160408,0.43359375
16,45,89592,2.183127376166257,0.25426136363636365
16,44,89592,1.5285643206702337,0.4427083333333333
16,5,89592,1.5821646079421043,0.4296875
16,9,89592,1.7147722707854376,0.4435763888888889
16,17,89592,1.3666400611400604,0.58203125
16,20,89592,2.6432156562805176,0.109375
16,12,89592,2.0033691485722858,0.3229166666666667
16,16,89592,1.5780203193426132,0.47265625
16,40,89592,1.76690443537452,0.26704545454545453
16,21,89592,1.8621641039848327,0.3046875
16,15,89592,2.866347459646372,0.016826923076923076
16,19,89592,1.4637119599751063,0.5550595238095238
16,47,89592,1.6800101026892662,0.33203125
16,39,89592,1.503005778088289,0.5036764705882353
16,43,89592,2.3361642837524412,0.1
16,27,89592,1.641294821103414,0.325
16,3,89592,2.6141189280010404,0.06696428571428571
16,36,89592,1.6028262887682234,0.42410714285714285
16,41,89592,1.4397333025932313,0.584375
16,2,89592,1.7511683974947247,0.3625
16,6,89592,1.6485870090024224,0.3954741379310345
16,26,89592,1.6207728021674686,0.3776041666666667
16,11,89592,1.5176482429871192,0.5228365384615384
16,8,89592,1.6184089499361374,0.43933823529411764
16,24,89592,2.275986284017563,0.20424107142857142
16,13,89592,1.5145617723464966,0.4739583333333333
16,38,89592,1.4683904858196484,0.5477941176470589
16,22,89592,1.3377208471298219,0.66875
16,33,89592,1.6469526767730713,0.4125
16,34,89592,1.7233239195563577,0.3991477272727273
16,32,89592,1.6620069971451392,0.42908653846153844
16,37,89592,1.9700421253840128,0.37083333333333335
16,18,89592,1.7071088135242463,0.3328125
16,48,89592,1.8028769046068192,0.3229166666666667
17,22,89592,1.1280314207077027,0.725
17,46,89592,1.4544541438420613,0.34375
17,16,89592,1.4140245765447617,0.5
17,12,89592,1.5943129618962606,0.48125
17,17,89592,1.2907079309225082,0.6171875
17,4,89592,1.3445477485656738,0.4739583333333333
17,23,89592,1.9168458183606465,0.2838541666666667
17,38,89592,1.7675296979791977,0.3584558823529412
17,29,89592,2.122465451558431,0.20833333333333334
17,20,89592,2.172146111726761,0.20703125
17,41,89592,1.7705013871192932,0.365625
17,21,89592,1.6720250308513642,0.3734375
17,34,89592,1.2654247013005344,0.6207386363636364
17,19,89592,1.0597835807573228,0.6994047619047619
17,10,89592,1.3690258730202913,0.494140625
17,35,89592,2.1817953424020247,0.18607954545454544
17,33,89592,1.5104300419489542,0.49583333333333335
17,3,89592,2.7000278064182828,0.06547619047619048
17,8,89592,1.5934038933585672,0.37224264705882354
17,6,89592,2.0760683109020364,0.3135775862068966
17,42,89592,1.8183839877446493,0.39375
17,25,89592,2.5377160012722015,0.08984375
17,30,89592,1.6554965674877167,0.416015625
17,0,89592,2.275784651438395,0.19010416666666666
17,1,89592,1.5521803592380725,0.43914473684210525
17,18,89592,1.41573423743248,0.4171875
17,49,89592,1.5192181095480919,0.470703125
17,43,89592,2.5465603351593016,0.05625
17,15,89592,2.6777379512786865,0.04567307692307692
17,11,89592,1.3263706587828124,0.6237980769230769
17,14,89592,2.0437761743863425,0.2378472222222222
17,45,89592,2.3788975260474463,0.19886363636363635
17,48,89592,2.0359184245268502,0.3541666666666667
17,36,89592,1.401768182005201,0.5848214285714286
17,39,89592,1.6983225836473352,0.38786764705882354
17,24,89592,2.0441355194364275,0.2734375
17,44,89592,2.2055190768506794,0.2230902777777778
17,31,89592,2.035197944352121,0.2727272727272727
17,26,89592,1.6357904937532213,0.453125
17,9,89592,1.7256160808934107,0.3967013888888889
17,7,89592,1.797556757926941,0.26666666666666666
17,47,89592,2.657169058918953,0.095703125
17,32,89592,1.6216485775434053,0.4579326923076923
17,2,89592,1.9372041940689086,0.3723214285714286
17,37,89592,2.060560933748881,0.25416666666666665
17,28,89592,2.175159527705266,0.19951923076923078
17,27,89592,2.667608213424683,0.08125
17,5,89592,1.8348109610378742,0.373046875
17,40,89592,1.917069299654527,0.3125
17,13,89592,1.9084200064341228,0.3333333333333333
18,16,89592,3.138372391462326,0.0234375
18,30,89592,1.9348701313138008,0.12109375
18,43,89592,2.4087260723114015,0.01875
18,36,89592,3.0741786786488126,0.08258928571428571
18,37,89592,2.01905202070872,0.16041666666666668
18,41,89592,1.6008344411849975,0.159375
18,38,89592,1.846291752422557,0.1948529411764706
18,46,89592,1.8290857871373494,0.4635416666666667
18,47,89592,1.6522471904754639,0.43359375
18,12,89592,2.4561498165130615,0.18125
18,32,89592,2.479545474052429,0.19110576923076922
18,35,89592,2.0634995211254465,0.16335227272727273
18,5,89592,1.6980391256511211,0.369140625
18,7,89592,1.585234808921814,0.31875
18,26,89592,1.996093104283015,0.3489583333333333
18,34,89592,1.6273650581186467,0.3835227272727273
18,31,89592,1.6158008322571262,0.4441287878787879
18,21,89592,1.872743684053421,0.246875
18,6,89592,1.5700686060149094,0.3642241379310345
18,9,89592,2.0545028944810233,0.1015625
18,17,89592,1.4656257629394531,0.20703125
18,20,89592,1.9488269984722137,0.203125
18,29,89592,1.765769600868225,0.2604166666666667
18,2,89592,2.0439734935760496,0.24642857142857144
18,0,89592,2.0210962891578674,0.18489583333333334
18,11,89592,1.390928062108847,0.35336538461538464
18,23,89592,1.893843005100886,0.17447916666666666
18,45,89592,1.7605157494544983,0.2784090909090909
18,4,89592,1.5710302293300629,0.3645833333333333
18,27,89592,1.438799834251404,0.51875
18,18,89592,2.293066996335983,0.3171875
18,42,89592,2.0402199904123943,0.1125
18,15,89592,2.1210182446699877,0.13701923076923078
18,44,89592,1.9143349329630535,0.2838541666666667
18,25,89592,2.3920645117759705,0.03125
18,14,89592,2.014815456337399,0.1423611111111111
18,13,89592,2.4278118477927313,0.203125
18,22,89592,1.5087896585464478,0.2375
18,28,89592,1.4440145171605623,0.48197115384615385
18,49,89592,2.7269540280103683,0.083984375
18,40,89592,1.290083262053403,0.6264204545454546
18,24,89592,1.972003038440432,0.23995535714285715
18,10,89592,1.72825064137578,0.30859375
18,39,89592,2.2802395189509674,0.22426470588235295
18,48,89592,1.7116489509741466,0.35546875
18,33,89592,3.0137357393900555,0.020833333333333332
18,3,89592,2.0095737548101518,0.23958333333333334
18,1,89592,2.1941506925382113,0.11842105263157894
18,19,89592,1.7539730412619454,0.20089285714285715
18,8,89592,1.9502450543291427,0.30974264705882354
19,29,89592,2.333867073059082,0.13541666666666666
19,0,89592,2.598620076974233,0.08072916666666667
19,38,89592,2.376889004426844,0.11397058823529412
19,46,89592,1.4762328664461772,0.515625
19,47,89592,2.5319028347730637,0.087890625
19,27,89592,2.594966681798299,0.07708333333333334
19,30,89592,2.6871379762887955,0.013671875
19,45,89592,2.77462620084936,0.015625
19,33,89592,1.3032085696856182,0.46041666666666664
19,7,89592,2.2482620159784954,0.20416666666666666
19,41,89592,2.603684115409851,0.05625
19,35,89592,1.4631474018096924,0.48863636363636365
19,15,89592,2.851330738801223,0.0
19,23,89592,2.3877078692118325,0.125
19,32,89592,1.2101890169657195,0.5685096153846154
19,34,89592,2.1636089845137163,0.24289772727272727
19,31,89592,2.2050984556024726,0.2765151515151515
19,11,89592,2.498676373408391,0.1141826923076923
19,44,89592,2.1702589657571583,0.18489583333333334
19,5,89592,2.320113178342581,0.1962890625
19,12,89592,1.6626519362131755,0.41041666666666665
19,22,89592,2.7231120586395265,0.00625
19,14,89592,1.9315443966123793,0.2881944444444444
19,20,89592,2.5442121624946594,0.10546875
19,4,89592,2.4230811993281045,0.1640625
19,43,89592,0.7714598178863525,0.8
19,42,89592,1.7636401971181235,0.39375
19,3,89592,2.4047413553510393,0.16666666666666666
19,39,89592,1.5433908280204325,0.4117647058823529
19,25,89592,0.7874693721532822,0.76953125
19,21,89592,1.8749774038791656,0.3984375
19,17,89592,2.7714827358722687,0.0
19,36,89592,0.9519700237682888,0.5959821428571429
19,48,89592,2.4948996901512146,0.14583333333333334
19,8,89592,1.860636970576118,0.3538602941176471
19,19,89592,2.7583657786959694,0.017857142857142856
19,28,89592,2.445719700593215,0.16466346153846154
19,18,89592,1.3918675780296326,0.5296875
19,10,89592,2.274046141654253,0.2421875
19,9,89592,2.666927741633521,0.015625
19,40,89592,2.362399697303772,0.19886363636363635
19,1,89592,2.1896031091087744,0.17269736842105263
19,2,89592,1.8706789425441197,0.3517857142857143
19,16,89592,0.9858449026942253,0.578125
19,26,89592,1.9971011877059937,0.2586805555555556
19,37,89592,2.536774428685506,0.08541666666666667
19,13,89592,1.570943488015069,0.3975694444444444
19,49,89592,1.6238767057657242,0.380859375
19,6,89592,2.4452234218860496,0.10883620689655173
19,24,89592,1.8001117195401872,0.3872767857142857
20,46,89592,1.722517152627309,0.2916666666666667
20,17,89592,2.1379368156194687,0.16015625
20,27,89592,2.230055324236552,0.25
20,22,89592,1.6865488290786743,0.34375
20,25,89592,1.0707300156354904,0.7109375
20,35,89592,1.7030280936848035,0.44886363636363635
20,41,89592,2.8267739057540893,0.003125
20,38,89592,2.311871935339535,0.31985294117647056
20,42,89592,1.2369869947433472,0.6333333333333333
20,40,89592,1.3601001501083374,0.4971590909090909
20,7,89592,2.5707789421081544,0.08125
20,49,89592,2.147590860724449,0.185546875
20,12,89592,2.0284237464269004,0.29375
20,10,89592,1.346573892980814,0.513671875
20,3,89592,2.1394334690911427,0.27827380952380953
20,13,89592,2.4403127166959973,0.19791666666666666
20,9,89592,2.157204740577274,0.17881944444444445
20,28,89592,2.1927411877191982,0.22115384615384615
20,8,89592,2.252080766593709,0.14246323529411764
20,14,89592,2.125539845890469,0.2847222222222222
20,29,89592,3.1514750321706138,0.0
20,5,89592,2.0220256187021732,0.22265625
20,48,89592,1.2308769499262173,0.59765625
20,26,89592,1.5673750738302867,0.40625
20,20,89592,2.4606560468673706,0.1875
20,2,89592,1.6673406975609915,0.40625
20,16,89592,2.269176661968231,0.171875
20,32,89592,1.9339590531129103,0.38221153846153844
20,0,89592,2.4786387284596763,0.1796875
20,37,89592,2.585305404663086,0.19166666666666668
20,47,89592,2.088175982236862,0.2890625
20,33,89592,2.1129321972529094,0.22083333333333333
20,1,89592,2.1653654324380973,0.13322368421052633
20,31,89592,1.3527578512827556,0.5075757575757576
20,18,89592,1.9225836992263794,0.2453125
20,23,89592,2.558379669984182,0.2552083333333333
20,34,89592,1.0953180329366163,0.6605113636363636
20,45,89592,2.5492515672336924,0.08948863636363637
20,39,89592,2.40080128697788,0.24632352941176472
20,44,89592,2.606024059984419,0.1484375
20,24,89592,1.6345227786472865,0.46875
20,21,89592,1.3059058248996736,0.5375
20,15,89592,2.779739288183359,0.06009615384615385
20,43,89592,1.0416817307472228,0.7125
20,36,89592,1.9964962431362696,0.28794642857142855
20,30,89592,2.331848844885826,0.0703125
20,6,89592,1.811236307538789,0.28125
20,4,89592,1.6616709232330322,0.3541666666666667
20,19,89592,1.2710495704696292,0.5803571428571429
20,11,89592,2.0071037778487573,0.2536057692307692
21,12,89592,1.8488797028859456,0.5479166666666667
21,21,89592,1.6671102583408355,0.3390625
21,23,89592,1.9309843083222706,0.2864583333333333
21,20,89592,3.501435726881027,0.1875
21,38,89592,1.7909285811816944,0.3474264705882353
21,15,89592,4.000265158139742,0.057692307692307696
21,40,89592,1.4430483688007703,0.4928977272727273
21,17,89592,2.643847018480301,0.14453125
21,28,89592,2.1897176825083218,0.21754807692307693
21,34,89592,1.2141247987747192,0.5994318181818182
21,18,89592,1.5510968625545503,0.4265625
21,24,89592,2.298232776778085,0.3169642857142857
21,0,89592,3.5406834284464517,0.17708333333333334
21,32,89592,1.2695711919894586,0.5588942307692307
21,9,89592,2.4627815352545843,0.1831597222222222
21,1,89592,2.130675039793316,0.23190789473684212
21,31,89592,1.6022738976912065,0.3740530303030303
21,26,89592,1.2460474007659488,0.5642361111111112
21,5,89592,2.055623412132263,0.310546875
21,10,89592,1.519107598811388,0.43359375
21,43,89592,1.8027846813201904,0.20625
21,16,89592,1.0152833312749863,0.64453125
21,2,89592,1.6965338162013464,0.3964285714285714
21,22,89592,2.013704538345337,0.29375
21,19,89592,1.2968848858560835,0.5848214285714286
21,36,89592,0.8884514016764504,0.7544642857142857
21,7,89592,2.5440542697906494,0.058333333333333334
21,27,89592,1.8990891138712565,0.3145833333333333
21,42,89592,1.6710319836934409,0.35833333333333334
21,33,89592,1.301466735204061,0.5625
21,46,89592,1.7316760420799255,0.3020833333333333
21,4,89592,2.0124144752820334,0.296875
21,25,89592,1.8490149676799774,0.25
21,13,89592,1.4575588901837666,0.4704861111111111
21,3,89592,3.0585119951338995,0.18898809523809523
21,39,89592,1.5068202579722685,0.4540441176470588
21,11,89592,2.4136672845253577,0.2403846153846154
21,14,89592,2.2666054566701255,0.13541666666666666
21,47,89592,1.8081628382205963,0.328125
21,44,89592,2.0360377695825367,0.2630208333333333
21,29,89592,2.628135363260905,0.0625
21,41,89592,2.9103312492370605,0.00625
21,45,89592,3.189995278011669,0.11079545454545454
21,35,89592,1.9769723632118918,0.1846590909090909
21,37,89592,2.6377286116282144,0.2125
21,30,89592,2.623985528945923,0.072265625
21,8,89592,2.111596605357002,0.22518382352941177
21,49,89592,1.568842127919197,0.466796875
21,48,89592,1.3362186153729756,0.5078125
21,6,89592,2.114975797718969,0.24030172413793102
22,22,89592,1.8205089569091797,0.45
22,37,89592,2.6404151280721027,0.18541666666666667
22,38,89592,2.1108294024186978,0.2775735294117647
22,42,89592,3.3476781845092773,0.11041666666666666
22,29,89592,1.0077395637830098,0.6875
22,1,89592,1.843069641213668,0.34868421052631576
22,27,89592,1.8823352893193563,0.30833333333333335
22,25,89592,4.18286269903183,0.0
22,19,89592,3.00647801444644,0.07589285714285714
22,33,89592,2.1131374835968018,0.17083333333333334
22,41,89592,0.7423648118972779,0.7875
22,36,89592,1.7521491987364632,0.24776785714285715
22,39,89592,1.6283235339557423,0.33088235294117646
22,35,89592,2.784451891075481,0.2599431818181818
22,28,89592,1.3726485463289113,0.5024038461538461
22,3,89592,3.5621443589528403,0.005952380952380952
22,45,89592,2.3189955841411245,0.3125
22,5,89592,1.3541324362158775,0.5234375
22,34,89592,2.909596183083274,0.05397727272727273
22,6,89592,2.012389927074827,0.3566810344827586
22,43,89592,4.1645832538604735,0.0
22,16,89592,1.6258088797330856,0.30859375
22,26,89592,2.3844603300094604,0.08333333333333333
22,0,89592,3.3630721966425576,0.018229166666666668
22,12,89592,2.404883694648743,0.15625
22,17,89592,1.102811835706234,0.73046875
22,46,89592,1.1359803279240925,0.5885416666666666
22,31,89592,2.6167066314003686,0.20075757575757575
22,7,89592,0.844141137599945,0.7479166666666667
22,23,89592,2.0018632312615714,0.3177083333333333
22,15,89592,3.493458949602567,0.004807692307692308
22,11,89592,1.1975281651203449,0.6153846153846154
22,30,89592,1.6900197193026543,0.439453125
22,20,89592,3.2075013518333435,0.0234375
22,49,89592,1.9345036745071411,0.2421875
22,24,89592,3.2789328268596103,0.05915178571428571
22,10,89592,2.6183862909674644,0.2197265625
22,32,89592,2.078656324973473,0.21754807692307693
22,14,89592,2.2801011072264776,0.3333333333333333
22,47,89592,2.3383018895983696,0.1328125
22,44,89592,1.528265055682924,0.4296875
22,48,89592,3.266640325387319,0.0
22,2,89592,2.38318749495915,0.26071428571428573
22,13,89592,1.6111982663472493,0.3055555555555556
22,21,89592,2.8199310421943666,0.240625
22,4,89592,1.872356375058492,0.4296875
22,8,89592,1.0436915422187132,0.6176470588235294
22,18,89592,1.2506384611129762,0.50625
22,9,89592,2.472327020433214,0.19791666666666666
22,40,89592,2.0894884087822656,0.21875
23,17,89592,1.6708181649446487,0.28515625
23,29,89592,2.290692170461019,0.1875
23,23,89592,2.7304056882858276,0.020833333333333332
23,27,89592,2.8670136451721193,0.06666666666666667
23,45,89592,2.58720081502741,0.1278409090909091
23,37,89592,2.845855156580607,0.008333333333333333
23,16,89592,0.833585612475872,0.734375
23,5,89592,1.6672379299998283,0.41015625
23,48,89592,3.0708342492580414,0.0026041666666666665
23,21,89592,2.215816915035248,0.28125
23,36,89592,0.8342219761439732,0.796875
23,19,89592,2.664592833746047,0.028273809523809524
23,35,89592,2.485372321172194,0.17045454545454544
23,2,89592,2.153814615522112,0.26785714285714285
23,18,89592,0.648791041970253,0.821875
23,13,89592,1.7452457812097337,0.4288194444444444
23,34,89592,2.6346314170143823,0.07102272727272728
23,9,89592,1.758403523100747,0.3480902777777778
23,6,89592,2.1520600688868554,0.2521551724137931
23,44,89592,2.223775433169471,0.21961805555555555
23,3,89592,3.113620860236032,0.017857142857142856
23,25,89592,3.0963454246520996,0.0078125
23,22,89592,2.0092300176620483,0.25625
23,15,89592,2.9592003455528846,0.03125
23,30,89592,1.3220341503620148,0.439453125
23,42,89592,2.736678425470988,0.04791666666666667
23,7,89592,1.5563191175460815,0.40625
23,41,89592,1.803457748889923,0.240625
23,28,89592,2.0439952199275675,0.3088942307692308
23,12,89592,1.782451828320821,0.42083333333333334
23,0,89592,2.8553775747617087,0.033854166666666664
23,4,89592,1.7053173184394836,0.4010416666666667
23,47,89592,2.7136240899562836,0.14453125
23,49,89592,0.9325908720493317,0.720703125
23,10,89592,2.2186948470771313,0.2509765625
23,14,89592,2.1997785369555154,0.21180555555555555
23,46,89592,0.7132145861784617,0.8177083333333334
23,11,89592,1.7827642605854914,0.2956730769230769
23,39,89592,1.8294472904766308,0.3584558823529412
23,24,89592,2.679733523300716,0.10714285714285714
23,26,89592,1.885639061530431,0.375
23,33,89592,0.9380528608957927,0.74375
23,43,89592,3.0991084575653076,0.0
23,20,89592,2.711174875497818,0.0390625
23,31,89592,2.4127191919268984,0.23958333333333334
23,40,89592,2.3116729855537415,0.25
23,38,89592,2.6218738555908203,0.051470588235294115
23,32,89592,1.6850356046970074,0.44591346153846156
23,1,89592,1.1097961413232904,0.5838815789473685
23,8,89592,1.0985706693985884,0.6259191176470589
24,12,89592,1.5284501234690349,0.4895833333333333
24,16,89592,1.790557935833931,0.3515625
24,38,89592,1.6058508648591883,0.3639705882352941
24,25,89592,2.5907386541366577,0.03515625
24,43,89592,2.6620148181915284,0.0125
24,49,89592,1.5988522693514824,0.462890625
24,30,89592,1.3011952638626099,0.55078125
24,20,89592,1.3643000721931458,0.52734375
24,47,89592,2.062263920903206,0.18359375
24,41,89592,1.3881160259246825,0.509375
24,14,89592,1.7629519038730197,0.3628472222222222
24,42,89592,2.039354681968689,0.225
24,15,89592,1.6695901430570161,0.4110576923076923
24,45,89592,1.7179850123145364,0.3849431818181818
24,40,89592,1.6735915541648865,0.4147727272727273
24,13,89592,1.7555945780542161,0.3315972222222222
24,32,89592,1.7383480438819299,0.3713942307692308
24,34,89592,1.4706282019615173,0.49857954545454547
24,8,89592,1.4464809228392208,0.5220588235294118
24,5,89592,1.6828444600105286,0.431640625
24,46,89592,1.391920268535614,0.5572916666666666
24,48,89592,2.167460342248281,0.17578125
24,22,89592,1.3112999200820923,0.54375
24,39,89592,1.559953998116886,0.43566176470588236
24,17,89592,1.2504940778017044,0.58203125
24,9,89592,1.4298689828978643,0.4739583333333333
24,21,89592,1.826080858707428,0.328125
24,36,89592,1.7936859386307853,0.36830357142857145
24,1,89592,1.3692794599031146,0.5526315789473685
24,37,89592,1.6477146069208781,0.35
24,18,89592,1.5012721478939057,0.51875
24,7,89592,1.3827881733576457,0.5125
24,2,89592,1.992824731554304,0.2830357142857143
24,33,89592,1.7554272095362344,0.40208333333333335
24,24,89592,1.717851153441838,0.40848214285714285
24,11,89592,1.1448565698586977,0.6778846153846154
24,10,89592,1.6077194102108479,0.4033203125
24,35,89592,2.0654234886169434,0.22727272727272727
24,31,89592,1.9722141605434995,0.26988636363636365
24,44,89592,1.7626899811956618,0.3177083333333333
24,19,89592,1.5844694092160179,0.38839285714285715
24,29,89592,1.5181827147801716,0.40625
24,0,89592,1.4153379797935486,0.484375
24,27,89592,2.0802568674087523,0.2
24,4,89592,1.3965450674295425,0.5078125
24,23,89592,1.6641681790351868,0.3046875
24,26,89592,1.5975606706407335,0.4383680555555556
24,3,89592,2.045289709454491,0.2604166666666667
24,28,89592,1.7268850115629344,0.3701923076923077
24,6,89592,1.7742463966895794,0.35237068965517243
25,3,89592,2.3020016863232566,0.15773809523809523
25,27,89592,2.11596310933431,0.15208333333333332
25,31,89592,1.4343898621472446,0.4119318181818182
25,29,89592,2.273756424585978,0.20833333333333334
25,18,89592,1.6239851474761964,0.3359375
25,4,89592,1.289515679081281,0.484375
25,49,89592,1.7695974111557007,0.357421875
25,30,89592,1.7701052278280258,0.412109375
25,22,89592,1.002746331691742,0.75
25,7,89592,1.9419334173202514,0.23541666666666666
25,36,89592,1.6376771245683943,0.4375
25,1,89592,1.7559242248535156,0.37335526315789475
25,24,89592,1.7353175325053078,0.40736607142857145
25,40,89592,1.4867055903781543,0.3821022727272727
25,10,89592,1.1195934675633907,0.6005859375
25,5,89592,1.662586074322462,0.3701171875
25,14,89592,1.8290122747421265,0.3697916666666667
25,32,89592,1.6751371117738576,0.43509615384615385
25,8,89592,1.769390278002795,0.29963235294117646
25,26,89592,1.4971388479073842,0.4201388888888889
25,21,89592,1.2385180175304413,0.5578125
25,20,89592,2.298819214105606,0.16796875
25,43,89592,1.5325814247131349,0.51875
25,25,89592,1.5362862050533295,0.55859375
25,17,89592,1.305319920182228,0.6015625
25,16,89592,1.7897015511989594,0.3203125
25,39,89592,1.8812414618099438,0.3400735294117647
25,23,89592,1.9033327202002208,0.3463541666666667
25,48,89592,1.2839239438374836,0.5442708333333334
25,38,89592,1.7081463266821468,0.4209558823529412
25,12,89592,1.7903431097666422,0.3625
25,37,89592,2.079552920659383,0.26458333333333334
25,34,89592,1.0029841227964922,0.7017045454545454
25,11,89592,1.3815405460504384,0.5769230769230769
25,47,89592,2.136640042066574,0.158203125
25,28,89592,1.9226855910741365,0.20793269230769232
25,15,89592,2.6931482278383694,0.036057692307692304
25,35,89592,1.6834152069958774,0.41761363636363635
25,6,89592,1.6353314005095383,0.39655172413793105
25,44,89592,2.141437417931027,0.21180555555555555
25,46,89592,1.5399532715479534,0.3229166666666667
25,41,89592,1.900281846523285,0.340625
25,0,89592,2.351283768812815,0.18229166666666666
25,9,89592,1.793494549062517,0.3828125
25,45,89592,2.2224406708370554,0.1846590909090909
25,13,89592,1.963916003704071,0.2621527777777778
25,42,89592,1.1771360754966735,0.6625
25,33,89592,1.8111024379730225,0.36875
25,19,89592,0.7863709358941942,0.8050595238095238
25,2,89592,1.52825460093362,0.4767857142857143
26,38,89592,1.2965038523954504,0.5606617647058824
26,29,89592,1.5553009907404582,0.375
26,43,89592,1.2204054832458495,0.63125
26,23,89592,1.3633996446927388,0.4973958333333333
26,45,89592,2.106677597219294,0.19176136363636365
26,35,89592,1.3308135975490918,0.5340909090909091
26,20,89592,2.3074361383914948,0.1640625
26,47,89592,1.5401747077703476,0.4375
26,4,89592,1.5084577798843384,0.4427083333333333
26,46,89592,1.4880953431129456,0.453125
26,3,89592,2.0940364258629933,0.25595238095238093
26,34,89592,1.2373232570561497,0.5852272727272727
26,1,89592,1.9040374818601107,0.26151315789473684
26,13,89592,1.4754670394791498,0.4913194444444444
26,5,89592,1.6772744841873646,0.330078125
26,6,89592,1.6110750477889488,0.34913793103448276
26,48,89592,1.3352390825748444,0.5638020833333334
26,8,89592,1.6648217895451713,0.34650735294117646
26,26,89592,1.516753100686603,0.4427083333333333
26,2,89592,1.511258820125035,0.45625
26,21,89592,1.3269165456295013,0.5609375
26,25,89592,1.2364871799945831,0.66796875
26,7,89592,1.6194018920262654,0.35625
26,11,89592,1.6581864586243262,0.27884615384615385
26,40,89592,1.361531133001501,0.5269886363636364
26,42,89592,1.2820839405059814,0.5791666666666667
26,44,89592,1.5377681752045949,0.4322916666666667
26,17,89592,1.7018250524997711,0.19921875
26,37,89592,1.8057734886805217,0.3416666666666667
26,27,89592,1.4588966608047484,0.48333333333333334
26,16,89592,1.6857850104570389,0.375
26,19,89592,1.3048386062894548,0.5372023809523809
26,0,89592,2.3408307234446206,0.140625
26,49,89592,1.85248913615942,0.318359375
26,12,89592,1.8310662666956583,0.3541666666666667
26,15,89592,2.5982859318072977,0.07451923076923077
26,31,89592,1.3603745265440508,0.5416666666666666
26,36,89592,1.6497618556022644,0.41294642857142855
26,32,89592,1.452705048597776,0.49759615384615385
26,9,89592,1.9905746314260695,0.2265625
26,41,89592,1.7791014075279237,0.234375
26,39,89592,1.4213436701718498,0.5147058823529411
26,30,89592,1.9825715348124504,0.18359375
26,24,89592,1.6699661655085427,0.42745535714285715
26,22,89592,1.462629508972168,0.3875
26,28,89592,1.5679575709196238,0.39903846153846156
26,33,89592,1.8546969254811605,0.34791666666666665
26,10,89592,1.3645078539848328,0.5107421875
26,18,89592,1.6166303992271422,0.4203125
26,14,89592,1.5852598945299785,0.3802083333333333
27,29,89592,1.2494080066680908,0.59375
27,22,89592,1.4795799732208252,0.4375
27,16,89592,0.9279812201857567,0.6953125
27,0,89592,2.887220581372579,0.0703125
27,46,89592,0.9047975043455759,0.7291666666666666
27,43,89592,2.4059173107147216,0.125
27,15,89592,3.168385487336379,0.016826923076923076
27,19,89592,1.8014582509086245,0.24107142857142858
27,30,89592,1.483780786395073,0.46484375
27,23,89592,1.4710680941740673,0.3958333333333333
27,13,89592,1.1645692818694644,0.5954861111111112
27,33,89592,1.2267407655715943,0.6145833333333334
27,38,89592,1.449033211259281,0.39889705882352944
27,34,89592,1.8273597251285205,0.25426136363636365
27,10,89592,1.6678916849195957,0.330078125
27,11,89592,1.4355830825292146,0.46875
27,3,89592,2.9176099868047807,0.049107142857142856
27,31,89592,1.8361558480696245,0.2831439393939394
27,28,89592,1.4984317467762873,0.44591346153846156
27,5,89592,1.4529367238283157,0.4833984375
27,20,89592,2.800911843776703,0.0859375
27,40,89592,1.7249112833629956,0.33238636363636365
27,1,89592,1.357160812930057,0.49835526315789475
27,12,89592,1.7465199867884318,0.4375
27,24,89592,2.3278352362768993,0.18638392857142858
27,47,89592,1.9306738004088402,0.255859375
27,37,89592,2.1020447333653767,0.26666666666666666
27,21,89592,1.7298647999763488,0.3484375
27,17,89592,1.3579513132572174,0.484375
27,18,89592,0.891815772652626,0.74375
27,14,89592,1.6727914876408048,0.3715277777777778
27,4,89592,1.4377106924851735,0.4244791666666667
27,39,89592,1.146926413564121,0.5735294117647058
27,35,89592,1.8076624870300293,0.37073863636363635
27,8,89592,1.0474092329249662,0.6636029411764706
27,9,89592,1.828922900888655,0.3324652777777778
27,27,89592,1.8405014594395956,0.27708333333333335
27,45,89592,2.3484366590326484,0.21732954545454544
27,48,89592,2.176560883720716,0.109375
27,2,89592,1.746500062942505,0.3464285714285714
27,7,89592,1.1066381176312765,0.6375
27,36,89592,0.9873140624591282,0.7075892857142857
27,44,89592,1.4151684674951766,0.4748263888888889
27,25,89592,2.410784989595413,0.19140625
27,41,89592,1.2839086532592774,0.5375
27,49,89592,1.209848415106535,0.6015625
27,42,89592,2.006197198232015,0.21458333333333332
27,6,89592,1.7742623460703884,0.3308189655172414
27,32,89592,1.3061931087420537,0.5432692307692307
27,26,89592,1.5862805710898504,0.3776041666666667
28,16,89592,2.5986426770687103,0.140625
28,43,89592,1.343606996536255,0.6125
28,42,89592,1.2789643049240111,0.5770833333333333
28,41,89592,1.3544487357139587,0.5625
28,12,89592,2.257578730583191,0.28541666666666665
28,38,89592,1.484947597279268,0.3694852941176471
28,37,89592,2.076557429631551,0.24583333333333332
28,10,89592,1.3001094534993172,0.5361328125
28,14,89592,1.4854071405198839,0.4513888888888889
28,32,89592,1.8963889342087965,0.3485576923076923
28,3,89592,2.515413965497698,0.16071428571428573
28,34,89592,1.0123420032587918,0.6789772727272727
28,11,89592,0.9963229023493253,0.7524038461538461
28,24,89592,1.670153217656272,0.4921875
28,49,89592,2.293235495686531,0.205078125
28,48,89592,1.6090625524520874,0.3854166666666667
28,1,89592,1.8856864101008366,0.3223684210526316
28,19,89592,1.3077999835922605,0.5327380952380952
28,44,89592,1.8286908268928528,0.2560763888888889
28,26,89592,1.7435874144236247,0.3619791666666667
28,29,89592,1.5533931255340576,0.375
28,40,89592,1.3605535463853315,0.4815340909090909
28,22,89592,1.1661278486251831,0.65625
28,21,89592,1.337229198217392,0.5421875
28,4,89592,1.3825925191243489,0.5260416666666666
28,46,89592,1.552398423353831,0.4635416666666667
28,23,89592,1.585823784271876,0.2838541666666667
28,15,89592,3.0626281041365404,0.014423076923076924
28,47,89592,1.940612554550171,0.140625
28,45,89592,2.2542496486143633,0.2372159090909091
28,17,89592,1.152243196964264,0.70703125
28,13,89592,2.12606672445933,0.16319444444444445
28,35,89592,1.3993096622553738,0.4943181818181818
28,30,89592,1.6324684172868729,0.4375
28,33,89592,2.568474467595418,0.15
28,31,89592,1.5187178922422004,0.4015151515151515
28,7,89592,1.4149009068806966,0.47291666666666665
28,6,89592,1.5172027349472046,0.4245689655172414
28,27,89592,1.81559530099233,0.19166666666666668
28,18,89592,1.9620871543884277,0.3421875
28,2,89592,1.7218924249921526,0.4107142857142857
28,20,89592,2.546963721513748,0.21875
28,28,89592,1.5880564176119292,0.359375
28,36,89592,2.564596346446446,0.15848214285714285
28,0,89592,2.567832370599111,0.21354166666666666
28,25,89592,1.3762122690677643,0.5859375
28,39,89592,1.8529303915360396,0.30514705882352944
28,5,89592,1.7335701063275337,0.40625
28,8,89592,1.6944301654310787,0.4273897058823529
28,9,89592,1.91262968050109,0.3229166666666667
29,29,89592,1.714575211207072,0.3854166666666667
29,21,89592,1.2416725128889083,0.54375
29,4,89592,1.6383265654246013,0.375
29,25,89592,0.6829774454236031,0.82421875
29,20,89592,3.3212717175483704,0.05078125
29,27,89592,2.2844911734263103,0.18958333333333333
29,41,89592,1.9276349544525146,0.2625
29,17,89592,2.0223004668951035,0.1875
29,35,89592,1.0077558241107247,0.6576704545454546
29,13,89592,1.467247188091278,0.4253472222222222
29,0,89592,3.337661703427633,0.0390625
29,45,89592,2.8933729258450596,0.09943181818181818
29,18,89592,0.9258368253707886,0.68125
29,40,89592,2.0195950107140974,0.27982954545454547
29,39,89592,1.4006908360649557,0.43014705882352944
29,1,89592,2.2673999510313334,0.22697368421052633
29,10,89592,1.646031390875578,0.357421875
29,44,89592,1.8662154508961573,0.3012152777777778
29,9,89592,2.7808961272239685,0.06336805555555555
29,26,89592,2.1405337585343256,0.1909722222222222
29,46,89592,0.7728177706400553,0.765625
29,30,89592,2.615421548485756,0.111328125
29,47,89592,2.458714708685875,0.1484375
29,22,89592,1.960229253768921,0.175
29,42,89592,1.3580564896265666,0.48541666666666666
29,34,89592,1.890778200192885,0.23863636363636365
29,23,89592,1.7844970325628917,0.2604166666666667
29,16,89592,1.1603913009166718,0.47265625
29,33,89592,1.6594918886820476,0.3854166666666667
29,3,89592,2.8761287416730608,0.19047619047619047
29,37,89592,2.431603280703227,0.16875
29,14,89592,1.7206345134311252,0.3975694444444444
29,12,89592,2.05112996896108,0.30833333333333335
29,36,89592,1.1861409502370017,0.5
29,49,89592,1.8456226214766502,0.34765625
29,48,89592,2.1360645393530526,0.17838541666666666
29,24,89592,2.049607136419841,0.3671875
29,32,89592,1.2253892536346729,0.5336538461538461
29,28,89592,1.8629965048569899,0.32572115384615385
29,8,89592,1.2771573715350206,0.5321691176470589
29,2,89592,1.6468099866594588,0.38571428571428573
29,7,89592,1.468879238764445,0.45
29,5,89592,1.9250859320163727,0.29296875
29,43,89592,0.57916179895401,0.85625
29,15,89592,3.683978869364812,0.0
29,38,89592,1.7383940360125374,0.2702205882352941
29,6,89592,2.2154571352333856,0.20689655172413793
29,11,89592,2.098601295397832,0.2127403846153846
29,19,89592,2.1315508569989885,0.08482142857142858
29,31,89592,1.6533308643283267,0.4100378787878788
30,41,89592,2.0356849193573,0.2375
30,46,89592,0.8217436671257019,0.7604166666666666
30,16,89592,0.8924519792199135,0.70703125
30,33,89592,1.295579163233439,0.5791666666666667
30,30,89592,2.2974448949098587,0.173828125
30,21,89592,1.2361851632595062,0.5671875
30,28,89592,1.7068212765913744,0.3641826923076923
30,11,89592,1.9752304095488329,0.24879807692307693
30,4,89592,1.4812051653862,0.453125
30,1,89592,1.924128061846683,0.3371710526315789
30,48,89592,1.7646702577670415,0.2955729166666667
30,18,89592,0.8648217231035232,0.7515625
30,49,89592,1.474489040672779,0.48828125
30,40,89592,1.575076005675576,0.4318181818181818
30,6,89592,2.017339299465048,0.24461206896551724
30,32,89592,1.051288944024306,0.6502403846153846
30,45,89592,2.523315971547907,0.10653409090909091
30,31,89592,1.4756445776332507,0.4583333333333333
30,35,89592,1.235481771555814,0.5653409090909091
30,44,89592,1.6492795315053728,0.3611111111111111
30,22,89592,1.743297529220581,0.2875
30,42,89592,1.4494759798049928,0.4479166666666667
30,39,89592,1.1324503281537224,0.59375
30,8,89592,1.2968067807309769,0.5652573529411765
30,7,89592,1.5280555327733358,0.46458333333333335
30,25,89592,1.178002581000328,0.61328125
30,23,89592,1.5155456960201263,0.3671875
30,20,89592,2.604985475540161,0.125
30,5,89592,1.7990824356675148,0.361328125
30,15,89592,2.9858353504767785,0.01201923076923077
30,17,89592,2.1051342487335205,0.18359375
30,47,89592,1.9827035069465637,0.25390625
30,38,89592,1.4500881854225607,0.3897058823529412
30,34,89592,1.465907411141829,0.4289772727272727
30,14,89592,1.7019585304790072,0.3697916666666667
30,13,89592,1.1976488729317982,0.5659722222222222
30,36,89592,0.8967172418321881,0.7142857142857143
30,24,89592,1.7866893027509962,0.4140625
30,26,89592,1.5767170422606998,0.4071180555555556
30,9,89592,2.282283733288447,0.1831597222222222
30,29,89592,1.6526264746983845,0.3645833333333333
30,12,89592,1.571150294939677,0.47708333333333336
30,19,89592,1.6649277777898879,0.31994047619047616
30,27,89592,1.9352815866470336,0.23333333333333334
30,0,89592,2.644278069337209,0.10677083333333333
30,37,89592,2.0372727235158283,0.24375
30,2,89592,1.582257400240217,0.41875
30,3,89592,2.4630865937187556,0.19345238095238096
30,43,89592,1.111430835723877,0.63125
30,10,89592,1.392243817448616,0.45703125
